Attendance_ID,Employee_ID,Month,Working_Days,Present_Days,Leave_Days,Absent_Days,Overtime_Hours
ATT000001,EMP0001,2025-01-01 00:00:00,21,19,1,1,7.7
ATT000002,EMP0001,2025-02-01 00:00:00,22,20,2,0,0.5
ATT000003,EMP0001,2025-03-01 00:00:00,22,20,0,2,20.5
ATT000004,EMP0001,2025-04-01 00:00:00,23,20,2,1,2
ATT000005,EMP0001,2025-05-01 00:00:00,22,20,1,1,14.4
ATT000006,EMP0001,2025-06-01 00:00:00,21,15,2,4,14.1
ATT000007,EMP0001,2025-07-01 00:00:00,21,16,1,4,0
ATT000008,EMP0001,2025-08-01 00:00:00,21,19,1,1,2.2
ATT000009,EMP0001,2025-09-01 00:00:00,21,17,0,4,12.8
ATT000010,EMP0001,2025-10-01 00:00:00,21,20,0,1,12.8
ATT000011,EMP0001,2025-11-01 00:00:00,21,17,0,4,4.6
ATT000012,EMP0001,2025-12-01 00:00:00,21,19,1,1,0
ATT000013,EMP0002,2025-01-01 00:00:00,22,16,2,4,5.6
ATT000014,EMP0002,2025-02-01 00:00:00,22,20,1,1,3.5
ATT000015,EMP0002,2025-03-01 00:00:00,21,19,1,1,10.2
ATT000016,EMP0002,2025-04-01 00:00:00,22,21,1,0,13.1
ATT000017,EMP0002,2025-05-01 00:00:00,22,17,2,3,0
ATT000018,EMP0002,2025-06-01 00:00:00,22,19,2,1,17.8
ATT000019,EMP0002,2025-07-01 00:00:00,22,19,2,1,9.3
ATT000020,EMP0002,2025-08-01 00:00:00,22,22,0,0,4.6
ATT000021,EMP0002,2025-09-01 00:00:00,23,17,2,4,0
ATT000022,EMP0002,2025-10-01 00:00:00,21,16,0,5,12.1
ATT000023,EMP0002,2025-11-01 00:00:00,21,20,0,1,13.8
ATT000024,EMP0002,2025-12-01 00:00:00,21,20,1,0,3.9
ATT000025,EMP0003,2025-01-01 00:00:00,23,22,1,0,0.1
ATT000026,EMP0003,2025-02-01 00:00:00,21,19,0,2,5.4
ATT000027,EMP0003,2025-03-01 00:00:00,21,21,0,0,13.1
ATT000028,EMP0003,2025-04-01 00:00:00,21,20,0,1,0.4
ATT000029,EMP0003,2025-05-01 00:00:00,22,20,0,2,9.3
ATT000030,EMP0003,2025-06-01 00:00:00,21,19,1,1,4.8
ATT000031,EMP0003,2025-07-01 00:00:00,21,17,1,3,9.9
ATT000032,EMP0003,2025-08-01 00:00:00,21,20,1,0,4.1
ATT000033,EMP0003,2025-09-01 00:00:00,22,19,3,0,19
ATT000034,EMP0003,2025-10-01 00:00:00,21,19,1,1,11.6
ATT000035,EMP0003,2025-11-01 00:00:00,21,17,1,3,12
ATT000036,EMP0003,2025-12-01 00:00:00,22,17,0,5,18.6
ATT000037,EMP0004,2025-01-01 00:00:00,21,17,1,3,0
ATT000038,EMP0004,2025-02-01 00:00:00,21,19,0,2,10.5
ATT000039,EMP0004,2025-03-01 00:00:00,21,19,1,1,0.6
ATT000040,EMP0004,2025-04-01 00:00:00,20,17,0,3,13.8
ATT000041,EMP0004,2025-05-01 00:00:00,22,22,0,0,0
ATT000042,EMP0004,2025-06-01 00:00:00,22,21,1,0,15.4
ATT000043,EMP0004,2025-07-01 00:00:00,23,17,1,5,0
ATT000044,EMP0004,2025-08-01 00:00:00,23,22,0,1,5.1
ATT000045,EMP0004,2025-09-01 00:00:00,22,19,2,1,0
ATT000046,EMP0004,2025-10-01 00:00:00,23,22,0,1,9.9
ATT000047,EMP0004,2025-11-01 00:00:00,22,20,0,2,8.6
ATT000048,EMP0004,2025-12-01 00:00:00,21,20,1,0,10.8
ATT000049,EMP0005,2025-01-01 00:00:00,22,18,3,1,13.3
ATT000050,EMP0005,2025-02-01 00:00:00,23,21,0,2,4
ATT000051,EMP0005,2025-03-01 00:00:00,22,21,0,1,17.7
ATT000052,EMP0005,2025-04-01 00:00:00,22,16,2,4,9.9
ATT000053,EMP0005,2025-05-01 00:00:00,22,21,0,1,14.6
ATT000054,EMP0005,2025-06-01 00:00:00,20,18,2,0,5.7
ATT000055,EMP0005,2025-07-01 00:00:00,22,20,1,1,7.7
ATT000056,EMP0005,2025-08-01 00:00:00,21,18,1,2,11.3
ATT000057,EMP0005,2025-09-01 00:00:00,22,21,0,1,15.5
ATT000058,EMP0005,2025-10-01 00:00:00,21,20,0,1,9.7
ATT000059,EMP0005,2025-11-01 00:00:00,20,15,1,4,1.8
ATT000060,EMP0005,2025-12-01 00:00:00,22,19,1,2,14.4
ATT000061,EMP0006,2025-01-01 00:00:00,22,20,0,2,9
ATT000062,EMP0006,2025-02-01 00:00:00,23,16,2,5,18.5
ATT000063,EMP0006,2025-03-01 00:00:00,21,19,0,2,13.2
ATT000064,EMP0006,2025-04-01 00:00:00,22,21,0,1,9
ATT000065,EMP0006,2025-05-01 00:00:00,21,20,0,1,14.6
ATT000066,EMP0006,2025-06-01 00:00:00,22,18,2,2,6.9
ATT000067,EMP0006,2025-07-01 00:00:00,22,20,0,2,7.3
ATT000068,EMP0006,2025-08-01 00:00:00,23,23,0,0,6.3
ATT000069,EMP0006,2025-09-01 00:00:00,22,19,1,2,15.8
ATT000070,EMP0006,2025-10-01 00:00:00,22,20,2,0,9.7
ATT000071,EMP0006,2025-11-01 00:00:00,21,19,1,1,12.5
ATT000072,EMP0006,2025-12-01 00:00:00,23,21,1,1,10.3
ATT000073,EMP0007,2025-01-01 00:00:00,21,17,0,4,16.8
ATT000074,EMP0007,2025-02-01 00:00:00,22,19,1,2,20.6
ATT000075,EMP0007,2025-03-01 00:00:00,23,21,0,2,1.6
ATT000076,EMP0007,2025-04-01 00:00:00,22,21,0,1,15.8
ATT000077,EMP0007,2025-05-01 00:00:00,22,22,0,0,6.1
ATT000078,EMP0007,2025-06-01 00:00:00,23,19,3,1,0
ATT000079,EMP0007,2025-07-01 00:00:00,22,18,0,4,7
ATT000080,EMP0007,2025-08-01 00:00:00,21,19,2,0,2.8
ATT000081,EMP0007,2025-09-01 00:00:00,22,20,0,2,3
ATT000082,EMP0007,2025-10-01 00:00:00,22,22,0,0,10.4
ATT000083,EMP0007,2025-11-01 00:00:00,22,18,1,3,19.3
ATT000084,EMP0007,2025-12-01 00:00:00,20,19,1,0,12.3
ATT000085,EMP0008,2025-01-01 00:00:00,22,17,2,3,0
ATT000086,EMP0008,2025-02-01 00:00:00,21,21,0,0,15.4
ATT000087,EMP0008,2025-03-01 00:00:00,22,20,2,0,0
ATT000088,EMP0008,2025-04-01 00:00:00,22,22,0,0,7.1
ATT000089,EMP0008,2025-05-01 00:00:00,23,23,0,0,3.7
ATT000090,EMP0008,2025-06-01 00:00:00,21,21,0,0,5.9
ATT000091,EMP0008,2025-07-01 00:00:00,21,20,0,1,0
ATT000092,EMP0008,2025-08-01 00:00:00,23,19,0,4,13.3
ATT000093,EMP0008,2025-09-01 00:00:00,22,20,2,0,7.1
ATT000094,EMP0008,2025-10-01 00:00:00,22,21,0,1,0.7
ATT000095,EMP0008,2025-11-01 00:00:00,23,21,2,0,9.9
ATT000096,EMP0008,2025-12-01 00:00:00,21,19,0,2,3
ATT000097,EMP0009,2025-01-01 00:00:00,21,20,1,0,0
ATT000098,EMP0009,2025-02-01 00:00:00,21,18,1,2,0.1
ATT000099,EMP0009,2025-03-01 00:00:00,22,20,0,2,5.6
ATT000100,EMP0009,2025-04-01 00:00:00,23,21,2,0,8.8
ATT000101,EMP0009,2025-05-01 00:00:00,22,21,1,0,6.4
ATT000102,EMP0009,2025-06-01 00:00:00,22,19,2,1,16.2
ATT000103,EMP0009,2025-07-01 00:00:00,22,19,3,0,9.7
ATT000104,EMP0009,2025-08-01 00:00:00,22,22,0,0,5.8
ATT000105,EMP0009,2025-09-01 00:00:00,21,19,1,1,2.9
ATT000106,EMP0009,2025-10-01 00:00:00,23,19,1,3,11.4
ATT000107,EMP0009,2025-11-01 00:00:00,23,23,0,0,6.1
ATT000108,EMP0009,2025-12-01 00:00:00,21,20,0,1,3.1
ATT000109,EMP0010,2025-01-01 00:00:00,21,21,0,0,14.1
ATT000110,EMP0010,2025-02-01 00:00:00,21,19,2,0,12.1
ATT000111,EMP0010,2025-03-01 00:00:00,22,22,0,0,7.5
ATT000112,EMP0010,2025-04-01 00:00:00,21,16,1,4,5.3
ATT000113,EMP0010,2025-05-01 00:00:00,22,20,0,2,12
ATT000114,EMP0010,2025-06-01 00:00:00,22,20,1,1,1.9
ATT000115,EMP0010,2025-07-01 00:00:00,21,20,0,1,2.8
ATT000116,EMP0010,2025-08-01 00:00:00,22,20,0,2,3.9
ATT000117,EMP0010,2025-09-01 00:00:00,22,20,1,1,20.4
ATT000118,EMP0010,2025-10-01 00:00:00,22,18,1,3,3.3
ATT000119,EMP0010,2025-11-01 00:00:00,21,18,2,1,8.8
ATT000120,EMP0010,2025-12-01 00:00:00,22,17,2,3,0
ATT000121,EMP0011,2025-01-01 00:00:00,23,22,0,1,5.4
ATT000122,EMP0011,2025-02-01 00:00:00,21,21,0,0,18.8
ATT000123,EMP0011,2025-03-01 00:00:00,21,20,0,1,24.7
ATT000124,EMP0011,2025-04-01 00:00:00,21,17,0,4,1.8
ATT000125,EMP0011,2025-05-01 00:00:00,22,21,0,1,13.4
ATT000126,EMP0011,2025-06-01 00:00:00,22,15,3,4,14.7
ATT000127,EMP0011,2025-07-01 00:00:00,23,21,1,1,14.7
ATT000128,EMP0011,2025-08-01 00:00:00,22,22,0,0,6.4
ATT000129,EMP0011,2025-09-01 00:00:00,21,19,2,0,4.4
ATT000130,EMP0011,2025-10-01 00:00:00,22,21,1,0,16.2
ATT000131,EMP0011,2025-11-01 00:00:00,20,19,0,1,2.8
ATT000132,EMP0011,2025-12-01 00:00:00,22,21,1,0,14.7
ATT000133,EMP0012,2025-01-01 00:00:00,23,22,1,0,10.2
ATT000134,EMP0012,2025-02-01 00:00:00,23,22,0,1,8.5
ATT000135,EMP0012,2025-03-01 00:00:00,21,17,0,4,10.9
ATT000136,EMP0012,2025-04-01 00:00:00,22,20,2,0,6.6
ATT000137,EMP0012,2025-05-01 00:00:00,21,19,1,1,4.2
ATT000138,EMP0012,2025-06-01 00:00:00,21,16,2,3,0
ATT000139,EMP0012,2025-07-01 00:00:00,21,19,0,2,5.4
ATT000140,EMP0012,2025-08-01 00:00:00,23,22,0,1,4.4
ATT000141,EMP0012,2025-09-01 00:00:00,22,20,1,1,11.9
ATT000142,EMP0012,2025-10-01 00:00:00,21,21,0,0,7.2
ATT000143,EMP0012,2025-11-01 00:00:00,20,18,0,2,25.2
ATT000144,EMP0012,2025-12-01 00:00:00,23,23,0,0,9.8
ATT000145,EMP0013,2025-01-01 00:00:00,21,20,1,0,0
ATT000146,EMP0013,2025-02-01 00:00:00,20,18,1,1,8.7
ATT000147,EMP0013,2025-03-01 00:00:00,22,20,0,2,0
ATT000148,EMP0013,2025-04-01 00:00:00,23,18,2,3,2.5
ATT000149,EMP0013,2025-05-01 00:00:00,22,19,0,3,8.3
ATT000150,EMP0013,2025-06-01 00:00:00,20,18,1,1,9.3
ATT000151,EMP0013,2025-07-01 00:00:00,20,16,1,3,1.9
ATT000152,EMP0013,2025-08-01 00:00:00,21,21,0,0,10.7
ATT000153,EMP0013,2025-09-01 00:00:00,22,22,0,0,11
ATT000154,EMP0013,2025-10-01 00:00:00,22,18,1,3,8.1
ATT000155,EMP0013,2025-11-01 00:00:00,22,20,1,1,4.8
ATT000156,EMP0013,2025-12-01 00:00:00,23,19,2,2,5
ATT000157,EMP0014,2025-01-01 00:00:00,20,20,0,0,11.3
ATT000158,EMP0014,2025-02-01 00:00:00,22,18,2,2,0
ATT000159,EMP0014,2025-03-01 00:00:00,22,21,0,1,5
ATT000160,EMP0014,2025-04-01 00:00:00,21,21,0,0,2.1
ATT000161,EMP0014,2025-05-01 00:00:00,22,19,0,3,9
ATT000162,EMP0014,2025-06-01 00:00:00,22,18,3,1,14.9
ATT000163,EMP0014,2025-07-01 00:00:00,22,20,0,2,11.1
ATT000164,EMP0014,2025-08-01 00:00:00,21,18,1,2,15.6
ATT000165,EMP0014,2025-09-01 00:00:00,22,20,1,1,11
ATT000166,EMP0014,2025-10-01 00:00:00,21,19,0,2,2
ATT000167,EMP0014,2025-11-01 00:00:00,22,19,1,2,14.8
ATT000168,EMP0014,2025-12-01 00:00:00,22,20,1,1,7.1
ATT000169,EMP0015,2025-01-01 00:00:00,20,19,0,1,6
ATT000170,EMP0015,2025-02-01 00:00:00,22,18,2,2,12.3
ATT000171,EMP0015,2025-03-01 00:00:00,22,20,2,0,0
ATT000172,EMP0015,2025-04-01 00:00:00,22,21,1,0,7.4
ATT000173,EMP0015,2025-05-01 00:00:00,22,18,3,1,1.6
ATT000174,EMP0015,2025-06-01 00:00:00,23,18,1,4,3.3
ATT000175,EMP0015,2025-07-01 00:00:00,23,19,0,4,5.6
ATT000176,EMP0015,2025-08-01 00:00:00,20,20,0,0,0
ATT000177,EMP0015,2025-09-01 00:00:00,22,19,0,3,6.6
ATT000178,EMP0015,2025-10-01 00:00:00,21,19,0,2,0
ATT000179,EMP0015,2025-11-01 00:00:00,23,17,2,4,2.2
ATT000180,EMP0015,2025-12-01 00:00:00,23,20,1,2,0.6
ATT000181,EMP0016,2025-01-01 00:00:00,20,16,2,2,2.8
ATT000182,EMP0016,2025-02-01 00:00:00,21,15,2,4,4.5
ATT000183,EMP0016,2025-03-01 00:00:00,22,22,0,0,5.5
ATT000184,EMP0016,2025-04-01 00:00:00,22,18,0,4,8.2
ATT000185,EMP0016,2025-05-01 00:00:00,21,19,2,0,14.3
ATT000186,EMP0016,2025-06-01 00:00:00,22,20,1,1,7.5
ATT000187,EMP0016,2025-07-01 00:00:00,23,22,1,0,0
ATT000188,EMP0016,2025-08-01 00:00:00,21,19,0,2,0
ATT000189,EMP0016,2025-09-01 00:00:00,21,20,1,0,1.9
ATT000190,EMP0016,2025-10-01 00:00:00,21,17,3,1,4.2
ATT000191,EMP0016,2025-11-01 00:00:00,21,21,0,0,4
ATT000192,EMP0016,2025-12-01 00:00:00,22,18,1,3,6.1
ATT000193,EMP0017,2025-01-01 00:00:00,22,20,0,2,0.5
ATT000194,EMP0017,2025-02-01 00:00:00,22,18,1,3,0
ATT000195,EMP0017,2025-03-01 00:00:00,21,20,0,1,18.3
ATT000196,EMP0017,2025-04-01 00:00:00,20,17,3,0,0
ATT000197,EMP0017,2025-05-01 00:00:00,20,18,0,2,5.5
ATT000198,EMP0017,2025-06-01 00:00:00,22,15,2,5,12.2
ATT000199,EMP0017,2025-07-01 00:00:00,23,22,0,1,15.7
ATT000200,EMP0017,2025-08-01 00:00:00,23,21,0,2,0
ATT000201,EMP0017,2025-09-01 00:00:00,22,22,0,0,13.7
ATT000202,EMP0017,2025-10-01 00:00:00,23,21,2,0,7.7
ATT000203,EMP0017,2025-11-01 00:00:00,21,18,2,1,0
ATT000204,EMP0017,2025-12-01 00:00:00,22,22,0,0,7.9
ATT000205,EMP0018,2025-01-01 00:00:00,21,19,0,2,7.5
ATT000206,EMP0018,2025-02-01 00:00:00,21,20,1,0,7.3
ATT000207,EMP0018,2025-03-01 00:00:00,22,18,2,2,4.9
ATT000208,EMP0018,2025-04-01 00:00:00,23,21,0,2,13.7
ATT000209,EMP0018,2025-05-01 00:00:00,22,18,2,2,10.7
ATT000210,EMP0018,2025-06-01 00:00:00,21,17,1,3,6.4
ATT000211,EMP0018,2025-07-01 00:00:00,21,20,1,0,6.2
ATT000212,EMP0018,2025-08-01 00:00:00,20,17,1,2,0
ATT000213,EMP0018,2025-09-01 00:00:00,22,22,0,0,0.5
ATT000214,EMP0018,2025-10-01 00:00:00,21,19,1,1,10.7
ATT000215,EMP0018,2025-11-01 00:00:00,23,21,2,0,5.8
ATT000216,EMP0018,2025-12-01 00:00:00,21,19,0,2,9.7
ATT000217,EMP0019,2025-01-01 00:00:00,21,18,0,3,14.4
ATT000218,EMP0019,2025-02-01 00:00:00,20,16,2,2,0.3
ATT000219,EMP0019,2025-03-01 00:00:00,21,20,1,0,0.6
ATT000220,EMP0019,2025-04-01 00:00:00,21,18,1,2,7.6
ATT000221,EMP0019,2025-05-01 00:00:00,21,21,0,0,5.4
ATT000222,EMP0019,2025-06-01 00:00:00,21,19,0,2,13.8
ATT000223,EMP0019,2025-07-01 00:00:00,21,20,0,1,2
ATT000224,EMP0019,2025-08-01 00:00:00,21,19,1,1,0
ATT000225,EMP0019,2025-09-01 00:00:00,22,22,0,0,6.8
ATT000226,EMP0019,2025-10-01 00:00:00,23,22,0,1,6.6
ATT000227,EMP0019,2025-11-01 00:00:00,21,20,1,0,8.7
ATT000228,EMP0019,2025-12-01 00:00:00,22,21,1,0,22.2
ATT000229,EMP0020,2025-01-01 00:00:00,21,19,2,0,1
ATT000230,EMP0020,2025-02-01 00:00:00,22,22,0,0,9.2
ATT000231,EMP0020,2025-03-01 00:00:00,22,21,0,1,12.6
ATT000232,EMP0020,2025-04-01 00:00:00,22,20,2,0,4.8
ATT000233,EMP0020,2025-05-01 00:00:00,21,21,0,0,14.5
ATT000234,EMP0020,2025-06-01 00:00:00,22,22,0,0,8.5
ATT000235,EMP0020,2025-07-01 00:00:00,22,20,0,2,8.7
ATT000236,EMP0020,2025-08-01 00:00:00,20,16,2,2,8.8
ATT000237,EMP0020,2025-09-01 00:00:00,22,22,0,0,10.2
ATT000238,EMP0020,2025-10-01 00:00:00,23,23,0,0,5.4
ATT000239,EMP0020,2025-11-01 00:00:00,22,16,1,5,3.8
ATT000240,EMP0020,2025-12-01 00:00:00,23,22,1,0,0
ATT000241,EMP0021,2025-01-01 00:00:00,21,18,1,2,8.9
ATT000242,EMP0021,2025-02-01 00:00:00,22,21,0,1,16.4
ATT000243,EMP0021,2025-03-01 00:00:00,22,20,0,2,12.4
ATT000244,EMP0021,2025-04-01 00:00:00,22,19,2,1,15.5
ATT000245,EMP0021,2025-05-01 00:00:00,21,19,1,1,8.8
ATT000246,EMP0021,2025-06-01 00:00:00,23,18,1,4,0
ATT000247,EMP0021,2025-07-01 00:00:00,21,19,1,1,24.3
ATT000248,EMP0021,2025-08-01 00:00:00,23,22,1,0,7.6
ATT000249,EMP0021,2025-09-01 00:00:00,22,21,1,0,16.3
ATT000250,EMP0021,2025-10-01 00:00:00,22,19,2,1,8.2
ATT000251,EMP0021,2025-11-01 00:00:00,22,20,0,2,5.4
ATT000252,EMP0021,2025-12-01 00:00:00,20,18,1,1,3
ATT000253,EMP0022,2025-01-01 00:00:00,22,22,0,0,11.6
ATT000254,EMP0022,2025-02-01 00:00:00,22,19,1,2,8.6
ATT000255,EMP0022,2025-03-01 00:00:00,20,18,2,0,5.2
ATT000256,EMP0022,2025-04-01 00:00:00,20,15,1,4,17.2
ATT000257,EMP0022,2025-05-01 00:00:00,22,19,1,2,10.1
ATT000258,EMP0022,2025-06-01 00:00:00,22,19,0,3,10.4
ATT000259,EMP0022,2025-07-01 00:00:00,22,18,1,3,4.9
ATT000260,EMP0022,2025-08-01 00:00:00,22,20,1,1,1.4
ATT000261,EMP0022,2025-09-01 00:00:00,22,17,3,2,7.5
ATT000262,EMP0022,2025-10-01 00:00:00,23,21,1,1,13.9
ATT000263,EMP0022,2025-11-01 00:00:00,22,21,0,1,9.7
ATT000264,EMP0022,2025-12-01 00:00:00,22,21,0,1,16.9
ATT000265,EMP0023,2025-01-01 00:00:00,22,21,0,1,14.6
ATT000266,EMP0023,2025-02-01 00:00:00,22,22,0,0,0
ATT000267,EMP0023,2025-03-01 00:00:00,22,17,1,4,4.2
ATT000268,EMP0023,2025-04-01 00:00:00,21,20,0,1,15.7
ATT000269,EMP0023,2025-05-01 00:00:00,20,19,0,1,12.2
ATT000270,EMP0023,2025-06-01 00:00:00,21,20,1,0,4.2
ATT000271,EMP0023,2025-07-01 00:00:00,23,18,2,3,10.6
ATT000272,EMP0023,2025-08-01 00:00:00,22,18,2,2,10.4
ATT000273,EMP0023,2025-09-01 00:00:00,22,19,1,2,13
ATT000274,EMP0023,2025-10-01 00:00:00,20,18,1,1,9
ATT000275,EMP0023,2025-11-01 00:00:00,22,21,0,1,13.4
ATT000276,EMP0023,2025-12-01 00:00:00,21,16,1,4,6.6
ATT000277,EMP0024,2025-01-01 00:00:00,21,19,1,1,15.5
ATT000278,EMP0024,2025-02-01 00:00:00,22,22,0,0,1.7
ATT000279,EMP0024,2025-03-01 00:00:00,22,19,0,3,11.6
ATT000280,EMP0024,2025-04-01 00:00:00,21,18,0,3,12.3
ATT000281,EMP0024,2025-05-01 00:00:00,22,18,0,4,12.1
ATT000282,EMP0024,2025-06-01 00:00:00,21,20,0,1,1.5
ATT000283,EMP0024,2025-07-01 00:00:00,22,20,2,0,12.2
ATT000284,EMP0024,2025-08-01 00:00:00,22,20,1,1,16.8
ATT000285,EMP0024,2025-09-01 00:00:00,22,18,0,4,7.8
ATT000286,EMP0024,2025-10-01 00:00:00,21,19,0,2,0
ATT000287,EMP0024,2025-11-01 00:00:00,22,17,1,4,17
ATT000288,EMP0024,2025-12-01 00:00:00,22,18,3,1,7.8
ATT000289,EMP0025,2025-01-01 00:00:00,21,18,2,1,14.2
ATT000290,EMP0025,2025-02-01 00:00:00,21,16,3,2,12.6
ATT000291,EMP0025,2025-03-01 00:00:00,23,22,0,1,11.6
ATT000292,EMP0025,2025-04-01 00:00:00,22,20,0,2,0
ATT000293,EMP0025,2025-05-01 00:00:00,22,20,0,2,3.2
ATT000294,EMP0025,2025-06-01 00:00:00,20,18,2,0,11.6
ATT000295,EMP0025,2025-07-01 00:00:00,22,18,2,2,25.1
ATT000296,EMP0025,2025-08-01 00:00:00,20,17,3,0,6.1
ATT000297,EMP0025,2025-09-01 00:00:00,23,21,1,1,11.8
ATT000298,EMP0025,2025-10-01 00:00:00,21,18,1,2,8.4
ATT000299,EMP0025,2025-11-01 00:00:00,22,22,0,0,6.4
ATT000300,EMP0025,2025-12-01 00:00:00,20,20,0,0,7.3
ATT000301,EMP0026,2025-01-01 00:00:00,21,18,0,3,11.1
ATT000302,EMP0026,2025-02-01 00:00:00,23,20,1,2,0.3
ATT000303,EMP0026,2025-03-01 00:00:00,21,16,3,2,11.1
ATT000304,EMP0026,2025-04-01 00:00:00,22,20,1,1,0
ATT000305,EMP0026,2025-05-01 00:00:00,23,21,0,2,4.8
ATT000306,EMP0026,2025-06-01 00:00:00,21,18,2,1,0
ATT000307,EMP0026,2025-07-01 00:00:00,22,20,1,1,13.3
ATT000308,EMP0026,2025-08-01 00:00:00,21,19,0,2,2.1
ATT000309,EMP0026,2025-09-01 00:00:00,22,21,0,1,16.9
ATT000310,EMP0026,2025-10-01 00:00:00,22,22,0,0,2.1
ATT000311,EMP0026,2025-11-01 00:00:00,22,20,1,1,10.2
ATT000312,EMP0026,2025-12-01 00:00:00,20,18,1,1,5.8
ATT000313,EMP0027,2025-01-01 00:00:00,22,21,1,0,3.2
ATT000314,EMP0027,2025-02-01 00:00:00,22,20,0,2,5
ATT000315,EMP0027,2025-03-01 00:00:00,21,17,3,1,4.8
ATT000316,EMP0027,2025-04-01 00:00:00,21,19,1,1,12.9
ATT000317,EMP0027,2025-05-01 00:00:00,21,20,1,0,13.9
ATT000318,EMP0027,2025-06-01 00:00:00,21,18,0,3,17.9
ATT000319,EMP0027,2025-07-01 00:00:00,22,19,0,3,2
ATT000320,EMP0027,2025-08-01 00:00:00,21,19,1,1,15.6
ATT000321,EMP0027,2025-09-01 00:00:00,21,18,1,2,7.8
ATT000322,EMP0027,2025-10-01 00:00:00,23,23,0,0,6.6
ATT000323,EMP0027,2025-11-01 00:00:00,21,18,3,0,0
ATT000324,EMP0027,2025-12-01 00:00:00,20,18,1,1,2
ATT000325,EMP0028,2025-01-01 00:00:00,21,18,1,2,16.9
ATT000326,EMP0028,2025-02-01 00:00:00,22,21,0,1,8.6
ATT000327,EMP0028,2025-03-01 00:00:00,23,20,3,0,10.5
ATT000328,EMP0028,2025-04-01 00:00:00,22,22,0,0,12.8
ATT000329,EMP0028,2025-05-01 00:00:00,22,19,0,3,1.5
ATT000330,EMP0028,2025-06-01 00:00:00,21,16,2,3,5.8
ATT000331,EMP0028,2025-07-01 00:00:00,22,21,0,1,17
ATT000332,EMP0028,2025-08-01 00:00:00,21,20,0,1,1.5
ATT000333,EMP0028,2025-09-01 00:00:00,22,18,0,4,14.6
ATT000334,EMP0028,2025-10-01 00:00:00,20,18,1,1,11
ATT000335,EMP0028,2025-11-01 00:00:00,22,20,1,1,1.4
ATT000336,EMP0028,2025-12-01 00:00:00,22,21,0,1,5.8
ATT000337,EMP0029,2025-01-01 00:00:00,20,15,1,4,0
ATT000338,EMP0029,2025-02-01 00:00:00,21,18,0,3,4.7
ATT000339,EMP0029,2025-03-01 00:00:00,22,22,0,0,20.4
ATT000340,EMP0029,2025-04-01 00:00:00,22,22,0,0,8.5
ATT000341,EMP0029,2025-05-01 00:00:00,20,18,0,2,15.3
ATT000342,EMP0029,2025-06-01 00:00:00,21,21,0,0,11.2
ATT000343,EMP0029,2025-07-01 00:00:00,22,19,2,1,13.3
ATT000344,EMP0029,2025-08-01 00:00:00,21,19,0,2,5.1
ATT000345,EMP0029,2025-09-01 00:00:00,22,19,0,3,3.4
ATT000346,EMP0029,2025-10-01 00:00:00,21,18,3,0,6.2
ATT000347,EMP0029,2025-11-01 00:00:00,21,14,2,5,6.5
ATT000348,EMP0029,2025-12-01 00:00:00,22,19,0,3,10
ATT000349,EMP0030,2025-01-01 00:00:00,22,17,0,5,0
ATT000350,EMP0030,2025-02-01 00:00:00,22,20,0,2,15.9
ATT000351,EMP0030,2025-03-01 00:00:00,22,20,0,2,19.1
ATT000352,EMP0030,2025-04-01 00:00:00,21,20,1,0,7.4
ATT000353,EMP0030,2025-05-01 00:00:00,22,21,0,1,6.6
ATT000354,EMP0030,2025-06-01 00:00:00,21,17,1,3,8.3
ATT000355,EMP0030,2025-07-01 00:00:00,22,18,2,2,9.2
ATT000356,EMP0030,2025-08-01 00:00:00,21,20,0,1,7.9
ATT000357,EMP0030,2025-09-01 00:00:00,23,23,0,0,4.5
ATT000358,EMP0030,2025-10-01 00:00:00,21,19,0,2,15.2
ATT000359,EMP0030,2025-11-01 00:00:00,22,20,1,1,14.4
ATT000360,EMP0030,2025-12-01 00:00:00,21,20,0,1,9.3
ATT000361,EMP0031,2025-01-01 00:00:00,20,19,0,1,8.9
ATT000362,EMP0031,2025-02-01 00:00:00,20,18,1,1,0
ATT000363,EMP0031,2025-03-01 00:00:00,21,17,0,4,12.3
ATT000364,EMP0031,2025-04-01 00:00:00,22,19,1,2,9.9
ATT000365,EMP0031,2025-05-01 00:00:00,22,22,0,0,1.9
ATT000366,EMP0031,2025-06-01 00:00:00,22,22,0,0,5.8
ATT000367,EMP0031,2025-07-01 00:00:00,22,19,2,1,6.3
ATT000368,EMP0031,2025-08-01 00:00:00,23,20,1,2,5.8
ATT000369,EMP0031,2025-09-01 00:00:00,23,18,2,3,4.1
ATT000370,EMP0031,2025-10-01 00:00:00,22,18,0,4,6
ATT000371,EMP0031,2025-11-01 00:00:00,21,20,0,1,0
ATT000372,EMP0031,2025-12-01 00:00:00,21,21,0,0,11.3
ATT000373,EMP0032,2025-01-01 00:00:00,21,18,1,2,25.2
ATT000374,EMP0032,2025-02-01 00:00:00,21,19,0,2,2.6
ATT000375,EMP0032,2025-03-01 00:00:00,20,19,0,1,15.7
ATT000376,EMP0032,2025-04-01 00:00:00,22,18,3,1,7.7
ATT000377,EMP0032,2025-05-01 00:00:00,22,21,0,1,11.6
ATT000378,EMP0032,2025-06-01 00:00:00,23,19,0,4,8.7
ATT000379,EMP0032,2025-07-01 00:00:00,22,19,2,1,8.5
ATT000380,EMP0032,2025-08-01 00:00:00,22,21,0,1,6.3
ATT000381,EMP0032,2025-09-01 00:00:00,22,18,2,2,7
ATT000382,EMP0032,2025-10-01 00:00:00,22,20,0,2,8.2
ATT000383,EMP0032,2025-11-01 00:00:00,23,23,0,0,11
ATT000384,EMP0032,2025-12-01 00:00:00,21,18,1,2,10.2
ATT000385,EMP0033,2025-01-01 00:00:00,22,17,2,3,6.1
ATT000386,EMP0033,2025-02-01 00:00:00,21,16,2,3,19.2
ATT000387,EMP0033,2025-03-01 00:00:00,22,19,1,2,11
ATT000388,EMP0033,2025-04-01 00:00:00,23,23,0,0,6
ATT000389,EMP0033,2025-05-01 00:00:00,22,20,0,2,15.8
ATT000390,EMP0033,2025-06-01 00:00:00,21,19,0,2,2.6
ATT000391,EMP0033,2025-07-01 00:00:00,23,22,0,1,1.6
ATT000392,EMP0033,2025-08-01 00:00:00,21,19,0,2,2.5
ATT000393,EMP0033,2025-09-01 00:00:00,21,20,0,1,7.6
ATT000394,EMP0033,2025-10-01 00:00:00,23,19,0,4,19.3
ATT000395,EMP0033,2025-11-01 00:00:00,21,18,0,3,2.8
ATT000396,EMP0033,2025-12-01 00:00:00,20,20,0,0,19.7
ATT000397,EMP0034,2025-01-01 00:00:00,23,21,1,1,12.1
ATT000398,EMP0034,2025-02-01 00:00:00,23,23,0,0,12
ATT000399,EMP0034,2025-03-01 00:00:00,21,20,0,1,16.1
ATT000400,EMP0034,2025-04-01 00:00:00,20,18,0,2,6.8
ATT000401,EMP0034,2025-05-01 00:00:00,21,20,0,1,8.8
ATT000402,EMP0034,2025-06-01 00:00:00,22,20,1,1,14.7
ATT000403,EMP0034,2025-07-01 00:00:00,23,23,0,0,0
ATT000404,EMP0034,2025-08-01 00:00:00,22,16,1,5,13.7
ATT000405,EMP0034,2025-09-01 00:00:00,21,18,0,3,16
ATT000406,EMP0034,2025-10-01 00:00:00,22,17,2,3,13
ATT000407,EMP0034,2025-11-01 00:00:00,21,19,0,2,2.3
ATT000408,EMP0034,2025-12-01 00:00:00,22,20,0,2,3.2
ATT000409,EMP0035,2025-01-01 00:00:00,22,18,3,1,6.6
ATT000410,EMP0035,2025-02-01 00:00:00,21,20,0,1,4.1
ATT000411,EMP0035,2025-03-01 00:00:00,22,20,2,0,6.8
ATT000412,EMP0035,2025-04-01 00:00:00,22,20,2,0,10.9
ATT000413,EMP0035,2025-05-01 00:00:00,22,18,2,2,0
ATT000414,EMP0035,2025-06-01 00:00:00,23,21,2,0,3.9
ATT000415,EMP0035,2025-07-01 00:00:00,21,20,0,1,12
ATT000416,EMP0035,2025-08-01 00:00:00,22,21,1,0,6.8
ATT000417,EMP0035,2025-09-01 00:00:00,21,18,1,2,5.5
ATT000418,EMP0035,2025-10-01 00:00:00,21,20,1,0,7.2
ATT000419,EMP0035,2025-11-01 00:00:00,22,21,0,1,11.6
ATT000420,EMP0035,2025-12-01 00:00:00,21,19,0,2,7.1
ATT000421,EMP0036,2025-01-01 00:00:00,21,20,0,1,14.5
ATT000422,EMP0036,2025-02-01 00:00:00,22,21,1,0,7.8
ATT000423,EMP0036,2025-03-01 00:00:00,22,17,3,2,15.6
ATT000424,EMP0036,2025-04-01 00:00:00,22,19,1,2,7
ATT000425,EMP0036,2025-05-01 00:00:00,22,19,1,2,10.9
ATT000426,EMP0036,2025-06-01 00:00:00,21,20,0,1,3.9
ATT000427,EMP0036,2025-07-01 00:00:00,21,15,1,5,6.5
ATT000428,EMP0036,2025-08-01 00:00:00,21,18,0,3,6.7
ATT000429,EMP0036,2025-09-01 00:00:00,21,19,2,0,5.4
ATT000430,EMP0036,2025-10-01 00:00:00,22,21,0,1,3.1
ATT000431,EMP0036,2025-11-01 00:00:00,22,21,0,1,3.4
ATT000432,EMP0036,2025-12-01 00:00:00,21,18,1,2,5
ATT000433,EMP0037,2025-01-01 00:00:00,21,15,2,4,5
ATT000434,EMP0037,2025-02-01 00:00:00,22,20,0,2,9.4
ATT000435,EMP0037,2025-03-01 00:00:00,22,21,0,1,15.5
ATT000436,EMP0037,2025-04-01 00:00:00,22,17,1,4,13.1
ATT000437,EMP0037,2025-05-01 00:00:00,22,18,3,1,7
ATT000438,EMP0037,2025-06-01 00:00:00,22,20,1,1,16
ATT000439,EMP0037,2025-07-01 00:00:00,21,21,0,0,20.1
ATT000440,EMP0037,2025-08-01 00:00:00,22,18,0,4,1.7
ATT000441,EMP0037,2025-09-01 00:00:00,22,20,0,2,0
ATT000442,EMP0037,2025-10-01 00:00:00,21,19,0,2,14.3
ATT000443,EMP0037,2025-11-01 00:00:00,20,20,0,0,2.8
ATT000444,EMP0037,2025-12-01 00:00:00,22,22,0,0,14.8
ATT000445,EMP0038,2025-01-01 00:00:00,22,21,0,1,14.6
ATT000446,EMP0038,2025-02-01 00:00:00,23,23,0,0,9.1
ATT000447,EMP0038,2025-03-01 00:00:00,22,19,0,3,14.7
ATT000448,EMP0038,2025-04-01 00:00:00,21,18,3,0,9.4
ATT000449,EMP0038,2025-05-01 00:00:00,20,20,0,0,14.8
ATT000450,EMP0038,2025-06-01 00:00:00,21,19,1,1,0.3
ATT000451,EMP0038,2025-07-01 00:00:00,21,19,0,2,0
ATT000452,EMP0038,2025-08-01 00:00:00,20,16,2,2,12.7
ATT000453,EMP0038,2025-09-01 00:00:00,21,18,2,1,6
ATT000454,EMP0038,2025-10-01 00:00:00,22,21,0,1,15.3
ATT000455,EMP0038,2025-11-01 00:00:00,22,20,0,2,11.7
ATT000456,EMP0038,2025-12-01 00:00:00,20,19,0,1,5.5
ATT000457,EMP0039,2025-01-01 00:00:00,23,19,3,1,12.5
ATT000458,EMP0039,2025-02-01 00:00:00,22,21,0,1,9.9
ATT000459,EMP0039,2025-03-01 00:00:00,20,19,1,0,7.6
ATT000460,EMP0039,2025-04-01 00:00:00,22,21,0,1,6.1
ATT000461,EMP0039,2025-05-01 00:00:00,23,20,1,2,6.3
ATT000462,EMP0039,2025-06-01 00:00:00,21,18,1,2,0.8
ATT000463,EMP0039,2025-07-01 00:00:00,21,18,2,1,23.2
ATT000464,EMP0039,2025-08-01 00:00:00,22,21,0,1,7.5
ATT000465,EMP0039,2025-09-01 00:00:00,21,21,0,0,4.5
ATT000466,EMP0039,2025-10-01 00:00:00,21,20,1,0,9.8
ATT000467,EMP0039,2025-11-01 00:00:00,21,17,3,1,13
ATT000468,EMP0039,2025-12-01 00:00:00,22,18,3,1,2.6
ATT000469,EMP0040,2025-01-01 00:00:00,22,19,0,3,6.9
ATT000470,EMP0040,2025-02-01 00:00:00,22,21,1,0,7.4
ATT000471,EMP0040,2025-03-01 00:00:00,23,23,0,0,8.6
ATT000472,EMP0040,2025-04-01 00:00:00,20,15,0,5,11.5
ATT000473,EMP0040,2025-05-01 00:00:00,22,16,1,5,8.4
ATT000474,EMP0040,2025-06-01 00:00:00,22,19,0,3,6
ATT000475,EMP0040,2025-07-01 00:00:00,20,18,0,2,5.7
ATT000476,EMP0040,2025-08-01 00:00:00,22,20,1,1,10.3
ATT000477,EMP0040,2025-09-01 00:00:00,20,18,2,0,2.9
ATT000478,EMP0040,2025-10-01 00:00:00,21,15,1,5,2.7
ATT000479,EMP0040,2025-11-01 00:00:00,20,18,1,1,4.4
ATT000480,EMP0040,2025-12-01 00:00:00,21,18,1,2,11.6
ATT000481,EMP0041,2025-01-01 00:00:00,22,21,0,1,14
ATT000482,EMP0041,2025-02-01 00:00:00,20,17,1,2,15.3
ATT000483,EMP0041,2025-03-01 00:00:00,22,22,0,0,10.2
ATT000484,EMP0041,2025-04-01 00:00:00,21,18,2,1,0
ATT000485,EMP0041,2025-05-01 00:00:00,22,21,0,1,8.4
ATT000486,EMP0041,2025-06-01 00:00:00,22,22,0,0,19.6
ATT000487,EMP0041,2025-07-01 00:00:00,23,19,2,2,5.9
ATT000488,EMP0041,2025-08-01 00:00:00,21,19,2,0,20.9
ATT000489,EMP0041,2025-09-01 00:00:00,20,19,0,1,15.4
ATT000490,EMP0041,2025-10-01 00:00:00,21,17,1,3,11.2
ATT000491,EMP0041,2025-11-01 00:00:00,22,19,3,0,0
ATT000492,EMP0041,2025-12-01 00:00:00,23,22,0,1,10.6
ATT000493,EMP0042,2025-01-01 00:00:00,20,18,1,1,19.6
ATT000494,EMP0042,2025-02-01 00:00:00,20,17,0,3,8.8
ATT000495,EMP0042,2025-03-01 00:00:00,22,19,3,0,11.6
ATT000496,EMP0042,2025-04-01 00:00:00,21,20,1,0,14.4
ATT000497,EMP0042,2025-05-01 00:00:00,22,19,0,3,12.1
ATT000498,EMP0042,2025-06-01 00:00:00,22,18,3,1,0
ATT000499,EMP0042,2025-07-01 00:00:00,21,18,0,3,14.1
ATT000500,EMP0042,2025-08-01 00:00:00,22,18,0,4,9.3
ATT000501,EMP0042,2025-09-01 00:00:00,22,20,0,2,1.2
ATT000502,EMP0042,2025-10-01 00:00:00,21,16,0,5,0.4
ATT000503,EMP0042,2025-11-01 00:00:00,23,20,0,3,11
ATT000504,EMP0042,2025-12-01 00:00:00,22,19,2,1,18.7
ATT000505,EMP0043,2025-01-01 00:00:00,22,22,0,0,15.2
ATT000506,EMP0043,2025-02-01 00:00:00,22,20,1,1,13
ATT000507,EMP0043,2025-03-01 00:00:00,22,18,0,4,0
ATT000508,EMP0043,2025-04-01 00:00:00,21,17,2,2,10.7
ATT000509,EMP0043,2025-05-01 00:00:00,23,19,2,2,10.3
ATT000510,EMP0043,2025-06-01 00:00:00,23,18,3,2,26.3
ATT000511,EMP0043,2025-07-01 00:00:00,21,18,2,1,0
ATT000512,EMP0043,2025-08-01 00:00:00,20,18,0,2,8.6
ATT000513,EMP0043,2025-09-01 00:00:00,22,21,1,0,0
ATT000514,EMP0043,2025-10-01 00:00:00,20,18,1,1,7.7
ATT000515,EMP0043,2025-11-01 00:00:00,23,22,0,1,7.6
ATT000516,EMP0043,2025-12-01 00:00:00,21,18,1,2,12.1
ATT000517,EMP0044,2025-01-01 00:00:00,22,21,0,1,3.8
ATT000518,EMP0044,2025-02-01 00:00:00,22,22,0,0,0
ATT000519,EMP0044,2025-03-01 00:00:00,22,19,2,1,5.3
ATT000520,EMP0044,2025-04-01 00:00:00,21,19,2,0,7.2
ATT000521,EMP0044,2025-05-01 00:00:00,22,20,0,2,8.8
ATT000522,EMP0044,2025-06-01 00:00:00,22,21,0,1,13.3
ATT000523,EMP0044,2025-07-01 00:00:00,22,17,0,5,10
ATT000524,EMP0044,2025-08-01 00:00:00,22,20,2,0,10.8
ATT000525,EMP0044,2025-09-01 00:00:00,23,22,0,1,5.7
ATT000526,EMP0044,2025-10-01 00:00:00,23,21,1,1,15.4
ATT000527,EMP0044,2025-11-01 00:00:00,22,17,1,4,14.2
ATT000528,EMP0044,2025-12-01 00:00:00,21,20,0,1,6.5
ATT000529,EMP0045,2025-01-01 00:00:00,23,22,1,0,0
ATT000530,EMP0045,2025-02-01 00:00:00,22,21,0,1,5.5
ATT000531,EMP0045,2025-03-01 00:00:00,20,16,0,4,13.2
ATT000532,EMP0045,2025-04-01 00:00:00,22,22,0,0,9
ATT000533,EMP0045,2025-05-01 00:00:00,21,19,1,1,0
ATT000534,EMP0045,2025-06-01 00:00:00,22,17,1,4,15.6
ATT000535,EMP0045,2025-07-01 00:00:00,23,20,1,2,5.3
ATT000536,EMP0045,2025-08-01 00:00:00,22,20,1,1,14.1
ATT000537,EMP0045,2025-09-01 00:00:00,22,18,2,2,8.3
ATT000538,EMP0045,2025-10-01 00:00:00,21,21,0,0,8.4
ATT000539,EMP0045,2025-11-01 00:00:00,20,17,2,1,4.6
ATT000540,EMP0045,2025-12-01 00:00:00,21,18,0,3,0
ATT000541,EMP0046,2025-01-01 00:00:00,21,19,0,2,26.9
ATT000542,EMP0046,2025-02-01 00:00:00,21,18,0,3,14.6
ATT000543,EMP0046,2025-03-01 00:00:00,22,21,0,1,9.1
ATT000544,EMP0046,2025-04-01 00:00:00,21,17,0,4,14.9
ATT000545,EMP0046,2025-05-01 00:00:00,21,19,1,1,18.1
ATT000546,EMP0046,2025-06-01 00:00:00,23,22,0,1,5.3
ATT000547,EMP0046,2025-07-01 00:00:00,21,20,0,1,15.3
ATT000548,EMP0046,2025-08-01 00:00:00,23,21,0,2,10.4
ATT000549,EMP0046,2025-09-01 00:00:00,22,20,2,0,0
ATT000550,EMP0046,2025-10-01 00:00:00,22,21,0,1,7.2
ATT000551,EMP0046,2025-11-01 00:00:00,22,21,0,1,16.4
ATT000552,EMP0046,2025-12-01 00:00:00,21,17,1,3,7.3
ATT000553,EMP0047,2025-01-01 00:00:00,22,20,0,2,4.6
ATT000554,EMP0047,2025-02-01 00:00:00,23,21,0,2,0
ATT000555,EMP0047,2025-03-01 00:00:00,22,16,2,4,18.9
ATT000556,EMP0047,2025-04-01 00:00:00,22,18,1,3,8.5
ATT000557,EMP0047,2025-05-01 00:00:00,22,20,0,2,9.9
ATT000558,EMP0047,2025-06-01 00:00:00,20,19,1,0,5.5
ATT000559,EMP0047,2025-07-01 00:00:00,21,15,2,4,12.4
ATT000560,EMP0047,2025-08-01 00:00:00,22,21,0,1,4.2
ATT000561,EMP0047,2025-09-01 00:00:00,22,20,0,2,4.4
ATT000562,EMP0047,2025-10-01 00:00:00,21,16,0,5,7.9
ATT000563,EMP0047,2025-11-01 00:00:00,22,16,3,3,15.2
ATT000564,EMP0047,2025-12-01 00:00:00,22,21,0,1,6.4
ATT000565,EMP0048,2025-01-01 00:00:00,20,19,0,1,6.8
ATT000566,EMP0048,2025-02-01 00:00:00,21,16,1,4,12
ATT000567,EMP0048,2025-03-01 00:00:00,20,19,0,1,9
ATT000568,EMP0048,2025-04-01 00:00:00,22,16,2,4,8.3
ATT000569,EMP0048,2025-05-01 00:00:00,21,19,1,1,6.3
ATT000570,EMP0048,2025-06-01 00:00:00,20,16,3,1,7.7
ATT000571,EMP0048,2025-07-01 00:00:00,23,20,0,3,9.3
ATT000572,EMP0048,2025-08-01 00:00:00,21,19,0,2,3.8
ATT000573,EMP0048,2025-09-01 00:00:00,23,21,1,1,10.5
ATT000574,EMP0048,2025-10-01 00:00:00,22,21,0,1,0.8
ATT000575,EMP0048,2025-11-01 00:00:00,21,17,2,2,13.7
ATT000576,EMP0048,2025-12-01 00:00:00,21,16,1,4,14.7
ATT000577,EMP0049,2025-01-01 00:00:00,21,18,2,1,3.2
ATT000578,EMP0049,2025-02-01 00:00:00,22,20,2,0,6.2
ATT000579,EMP0049,2025-03-01 00:00:00,21,17,1,3,7.1
ATT000580,EMP0049,2025-04-01 00:00:00,22,20,2,0,11.9
ATT000581,EMP0049,2025-05-01 00:00:00,20,16,0,4,14.4
ATT000582,EMP0049,2025-06-01 00:00:00,22,19,0,3,6.1
ATT000583,EMP0049,2025-07-01 00:00:00,22,22,0,0,9.2
ATT000584,EMP0049,2025-08-01 00:00:00,22,21,0,1,14.4
ATT000585,EMP0049,2025-09-01 00:00:00,21,20,0,1,6.1
ATT000586,EMP0049,2025-10-01 00:00:00,22,22,0,0,3.3
ATT000587,EMP0049,2025-11-01 00:00:00,23,19,2,2,6.2
ATT000588,EMP0049,2025-12-01 00:00:00,21,18,2,1,5.2
ATT000589,EMP0050,2025-01-01 00:00:00,21,18,2,1,8.4
ATT000590,EMP0050,2025-02-01 00:00:00,21,20,1,0,16.6
ATT000591,EMP0050,2025-03-01 00:00:00,21,19,2,0,9.4
ATT000592,EMP0050,2025-04-01 00:00:00,21,19,2,0,9.5
ATT000593,EMP0050,2025-05-01 00:00:00,22,19,1,2,0
ATT000594,EMP0050,2025-06-01 00:00:00,21,21,0,0,6
ATT000595,EMP0050,2025-07-01 00:00:00,22,21,0,1,18
ATT000596,EMP0050,2025-08-01 00:00:00,21,20,0,1,5.1
ATT000597,EMP0050,2025-09-01 00:00:00,22,15,3,4,0
ATT000598,EMP0050,2025-10-01 00:00:00,22,19,0,3,2.5
ATT000599,EMP0050,2025-11-01 00:00:00,20,19,0,1,9.7
ATT000600,EMP0050,2025-12-01 00:00:00,21,19,2,0,6.9
ATT000601,EMP0051,2025-01-01 00:00:00,22,21,1,0,15.1
ATT000602,EMP0051,2025-02-01 00:00:00,23,23,0,0,0.1
ATT000603,EMP0051,2025-03-01 00:00:00,21,20,0,1,2.4
ATT000604,EMP0051,2025-04-01 00:00:00,21,17,2,2,5.5
ATT000605,EMP0051,2025-05-01 00:00:00,21,19,0,2,17.4
ATT000606,EMP0051,2025-06-01 00:00:00,20,17,3,0,8.7
ATT000607,EMP0051,2025-07-01 00:00:00,21,20,1,0,17.9
ATT000608,EMP0051,2025-08-01 00:00:00,23,18,2,3,3.4
ATT000609,EMP0051,2025-09-01 00:00:00,21,16,0,5,17.2
ATT000610,EMP0051,2025-10-01 00:00:00,21,19,2,0,5.4
ATT000611,EMP0051,2025-11-01 00:00:00,22,20,1,1,11.7
ATT000612,EMP0051,2025-12-01 00:00:00,23,23,0,0,9.9
ATT000613,EMP0052,2025-01-01 00:00:00,23,21,0,2,18.4
ATT000614,EMP0052,2025-02-01 00:00:00,23,21,0,2,11
ATT000615,EMP0052,2025-03-01 00:00:00,23,22,1,0,6
ATT000616,EMP0052,2025-04-01 00:00:00,21,20,0,1,10.7
ATT000617,EMP0052,2025-05-01 00:00:00,22,22,0,0,5.1
ATT000618,EMP0052,2025-06-01 00:00:00,22,22,0,0,4.2
ATT000619,EMP0052,2025-07-01 00:00:00,21,17,0,4,7.7
ATT000620,EMP0052,2025-08-01 00:00:00,22,21,1,0,4.6
ATT000621,EMP0052,2025-09-01 00:00:00,20,16,2,2,4.6
ATT000622,EMP0052,2025-10-01 00:00:00,22,20,1,1,13.8
ATT000623,EMP0052,2025-11-01 00:00:00,22,20,1,1,8.1
ATT000624,EMP0052,2025-12-01 00:00:00,22,20,1,1,8.5
ATT000625,EMP0053,2025-01-01 00:00:00,21,18,0,3,1.8
ATT000626,EMP0053,2025-02-01 00:00:00,22,19,1,2,7.5
ATT000627,EMP0053,2025-03-01 00:00:00,22,21,1,0,24.4
ATT000628,EMP0053,2025-04-01 00:00:00,22,22,0,0,2.8
ATT000629,EMP0053,2025-05-01 00:00:00,21,21,0,0,10.6
ATT000630,EMP0053,2025-06-01 00:00:00,23,18,0,5,12.3
ATT000631,EMP0053,2025-07-01 00:00:00,20,15,0,5,7.8
ATT000632,EMP0053,2025-08-01 00:00:00,20,20,0,0,5.6
ATT000633,EMP0053,2025-09-01 00:00:00,20,19,0,1,5.8
ATT000634,EMP0053,2025-10-01 00:00:00,21,19,1,1,4.9
ATT000635,EMP0053,2025-11-01 00:00:00,20,16,2,2,10.7
ATT000636,EMP0053,2025-12-01 00:00:00,22,21,0,1,13.3
ATT000637,EMP0054,2025-01-01 00:00:00,22,21,0,1,12.7
ATT000638,EMP0054,2025-02-01 00:00:00,22,21,1,0,10.3
ATT000639,EMP0054,2025-03-01 00:00:00,21,19,0,2,10.8
ATT000640,EMP0054,2025-04-01 00:00:00,20,16,2,2,7.6
ATT000641,EMP0054,2025-05-01 00:00:00,22,18,1,3,5.4
ATT000642,EMP0054,2025-06-01 00:00:00,22,19,0,3,9.4
ATT000643,EMP0054,2025-07-01 00:00:00,21,21,0,0,15.3
ATT000644,EMP0054,2025-08-01 00:00:00,22,20,0,2,1.9
ATT000645,EMP0054,2025-09-01 00:00:00,21,18,1,2,8.7
ATT000646,EMP0054,2025-10-01 00:00:00,21,19,0,2,14.3
ATT000647,EMP0054,2025-11-01 00:00:00,20,16,3,1,5.4
ATT000648,EMP0054,2025-12-01 00:00:00,22,19,1,2,10.4
ATT000649,EMP0055,2025-01-01 00:00:00,22,17,1,4,19.1
ATT000650,EMP0055,2025-02-01 00:00:00,23,20,0,3,13.9
ATT000651,EMP0055,2025-03-01 00:00:00,22,19,0,3,5.5
ATT000652,EMP0055,2025-04-01 00:00:00,20,20,0,0,8.3
ATT000653,EMP0055,2025-05-01 00:00:00,22,21,0,1,4.6
ATT000654,EMP0055,2025-06-01 00:00:00,21,17,1,3,5.6
ATT000655,EMP0055,2025-07-01 00:00:00,23,20,0,3,10.7
ATT000656,EMP0055,2025-08-01 00:00:00,21,19,0,2,11.6
ATT000657,EMP0055,2025-09-01 00:00:00,22,18,1,3,3.7
ATT000658,EMP0055,2025-10-01 00:00:00,22,21,1,0,15.4
ATT000659,EMP0055,2025-11-01 00:00:00,21,21,0,0,15.3
ATT000660,EMP0055,2025-12-01 00:00:00,22,17,1,4,3.8
ATT000661,EMP0056,2025-01-01 00:00:00,20,20,0,0,5.3
ATT000662,EMP0056,2025-02-01 00:00:00,20,20,0,0,0
ATT000663,EMP0056,2025-03-01 00:00:00,21,17,1,3,0
ATT000664,EMP0056,2025-04-01 00:00:00,22,20,1,1,5.5
ATT000665,EMP0056,2025-05-01 00:00:00,22,21,0,1,14
ATT000666,EMP0056,2025-06-01 00:00:00,22,20,2,0,14.3
ATT000667,EMP0056,2025-07-01 00:00:00,22,22,0,0,1
ATT000668,EMP0056,2025-08-01 00:00:00,20,18,2,0,14.8
ATT000669,EMP0056,2025-09-01 00:00:00,21,18,1,2,7.8
ATT000670,EMP0056,2025-10-01 00:00:00,22,21,0,1,14.8
ATT000671,EMP0056,2025-11-01 00:00:00,21,19,1,1,11.9
ATT000672,EMP0056,2025-12-01 00:00:00,21,21,0,0,5.3
ATT000673,EMP0057,2025-01-01 00:00:00,20,16,0,4,3
ATT000674,EMP0057,2025-02-01 00:00:00,20,16,1,3,10.4
ATT000675,EMP0057,2025-03-01 00:00:00,22,20,1,1,7.8
ATT000676,EMP0057,2025-04-01 00:00:00,22,20,0,2,8.5
ATT000677,EMP0057,2025-05-01 00:00:00,22,20,0,2,8.5
ATT000678,EMP0057,2025-06-01 00:00:00,21,20,0,1,8.6
ATT000679,EMP0057,2025-07-01 00:00:00,20,20,0,0,9
ATT000680,EMP0057,2025-08-01 00:00:00,22,20,0,2,7.8
ATT000681,EMP0057,2025-09-01 00:00:00,21,17,3,1,6
ATT000682,EMP0057,2025-10-01 00:00:00,22,17,2,3,12.4
ATT000683,EMP0057,2025-11-01 00:00:00,22,16,2,4,7.1
ATT000684,EMP0057,2025-12-01 00:00:00,22,15,2,5,6.3
ATT000685,EMP0058,2025-01-01 00:00:00,22,20,0,2,7.7
ATT000686,EMP0058,2025-02-01 00:00:00,20,18,0,2,9
ATT000687,EMP0058,2025-03-01 00:00:00,23,22,1,0,8
ATT000688,EMP0058,2025-04-01 00:00:00,22,21,0,1,11.7
ATT000689,EMP0058,2025-05-01 00:00:00,21,18,0,3,0.7
ATT000690,EMP0058,2025-06-01 00:00:00,22,20,0,2,9.5
ATT000691,EMP0058,2025-07-01 00:00:00,22,21,0,1,8.5
ATT000692,EMP0058,2025-08-01 00:00:00,21,19,0,2,8.4
ATT000693,EMP0058,2025-09-01 00:00:00,20,18,1,1,21.1
ATT000694,EMP0058,2025-10-01 00:00:00,21,18,1,2,11.1
ATT000695,EMP0058,2025-11-01 00:00:00,21,20,0,1,10.7
ATT000696,EMP0058,2025-12-01 00:00:00,23,21,0,2,12.5
ATT000697,EMP0059,2025-01-01 00:00:00,22,18,1,3,6.3
ATT000698,EMP0059,2025-02-01 00:00:00,21,20,0,1,7.7
ATT000699,EMP0059,2025-03-01 00:00:00,21,17,2,2,7.4
ATT000700,EMP0059,2025-04-01 00:00:00,22,18,1,3,4.8
ATT000701,EMP0059,2025-05-01 00:00:00,23,16,2,5,11.4
ATT000702,EMP0059,2025-06-01 00:00:00,21,18,1,2,15
ATT000703,EMP0059,2025-07-01 00:00:00,22,21,0,1,4.1
ATT000704,EMP0059,2025-08-01 00:00:00,21,20,1,0,7.4
ATT000705,EMP0059,2025-09-01 00:00:00,22,20,1,1,4.6
ATT000706,EMP0059,2025-10-01 00:00:00,22,18,1,3,9.7
ATT000707,EMP0059,2025-11-01 00:00:00,22,18,0,4,0
ATT000708,EMP0059,2025-12-01 00:00:00,21,20,0,1,6.7
ATT000709,EMP0060,2025-01-01 00:00:00,22,20,0,2,10.6
ATT000710,EMP0060,2025-02-01 00:00:00,23,22,0,1,14
ATT000711,EMP0060,2025-03-01 00:00:00,22,21,0,1,9
ATT000712,EMP0060,2025-04-01 00:00:00,22,19,1,2,0
ATT000713,EMP0060,2025-05-01 00:00:00,21,20,0,1,4.7
ATT000714,EMP0060,2025-06-01 00:00:00,22,19,1,2,17.5
ATT000715,EMP0060,2025-07-01 00:00:00,22,19,1,2,12.2
ATT000716,EMP0060,2025-08-01 00:00:00,22,20,1,1,9.7
ATT000717,EMP0060,2025-09-01 00:00:00,20,18,0,2,14.4
ATT000718,EMP0060,2025-10-01 00:00:00,22,20,1,1,5.8
ATT000719,EMP0060,2025-11-01 00:00:00,20,17,1,2,6.8
ATT000720,EMP0060,2025-12-01 00:00:00,22,21,0,1,0
ATT000721,EMP0061,2025-01-01 00:00:00,23,20,0,3,13.3
ATT000722,EMP0061,2025-02-01 00:00:00,23,20,1,2,14.2
ATT000723,EMP0061,2025-03-01 00:00:00,21,18,2,1,17.5
ATT000724,EMP0061,2025-04-01 00:00:00,22,20,0,2,11
ATT000725,EMP0061,2025-05-01 00:00:00,22,20,1,1,1.9
ATT000726,EMP0061,2025-06-01 00:00:00,23,22,0,1,0
ATT000727,EMP0061,2025-07-01 00:00:00,21,19,0,2,16.6
ATT000728,EMP0061,2025-08-01 00:00:00,23,21,2,0,9.1
ATT000729,EMP0061,2025-09-01 00:00:00,20,18,0,2,15.2
ATT000730,EMP0061,2025-10-01 00:00:00,22,20,0,2,3.4
ATT000731,EMP0061,2025-11-01 00:00:00,22,20,0,2,2.3
ATT000732,EMP0061,2025-12-01 00:00:00,21,20,0,1,12.5
ATT000733,EMP0062,2025-01-01 00:00:00,21,19,0,2,11.6
ATT000734,EMP0062,2025-02-01 00:00:00,22,21,0,1,4.4
ATT000735,EMP0062,2025-03-01 00:00:00,22,21,1,0,1.1
ATT000736,EMP0062,2025-04-01 00:00:00,22,22,0,0,10.4
ATT000737,EMP0062,2025-05-01 00:00:00,22,22,0,0,0
ATT000738,EMP0062,2025-06-01 00:00:00,22,19,1,2,6.9
ATT000739,EMP0062,2025-07-01 00:00:00,20,18,0,2,6.3
ATT000740,EMP0062,2025-08-01 00:00:00,22,19,0,3,7.5
ATT000741,EMP0062,2025-09-01 00:00:00,22,20,1,1,0
ATT000742,EMP0062,2025-10-01 00:00:00,21,17,1,3,5
ATT000743,EMP0062,2025-11-01 00:00:00,21,16,1,4,20
ATT000744,EMP0062,2025-12-01 00:00:00,22,19,0,3,6.8
ATT000745,EMP0063,2025-01-01 00:00:00,21,20,1,0,7.4
ATT000746,EMP0063,2025-02-01 00:00:00,22,20,1,1,11.2
ATT000747,EMP0063,2025-03-01 00:00:00,22,19,0,3,6.7
ATT000748,EMP0063,2025-04-01 00:00:00,21,17,3,1,0
ATT000749,EMP0063,2025-05-01 00:00:00,22,20,0,2,12.6
ATT000750,EMP0063,2025-06-01 00:00:00,21,21,0,0,5.3
ATT000751,EMP0063,2025-07-01 00:00:00,22,21,1,0,7.7
ATT000752,EMP0063,2025-08-01 00:00:00,23,19,1,3,11.4
ATT000753,EMP0063,2025-09-01 00:00:00,22,22,0,0,8.5
ATT000754,EMP0063,2025-10-01 00:00:00,21,17,3,1,14.3
ATT000755,EMP0063,2025-11-01 00:00:00,22,21,0,1,18.6
ATT000756,EMP0063,2025-12-01 00:00:00,20,16,0,4,13.5
ATT000757,EMP0064,2025-01-01 00:00:00,21,17,2,2,4.2
ATT000758,EMP0064,2025-02-01 00:00:00,21,16,1,4,25.5
ATT000759,EMP0064,2025-03-01 00:00:00,23,22,0,1,14.5
ATT000760,EMP0064,2025-04-01 00:00:00,21,19,2,0,7.9
ATT000761,EMP0064,2025-05-01 00:00:00,22,17,2,3,10.9
ATT000762,EMP0064,2025-06-01 00:00:00,22,20,1,1,8.3
ATT000763,EMP0064,2025-07-01 00:00:00,22,18,0,4,0
ATT000764,EMP0064,2025-08-01 00:00:00,22,18,1,3,17.9
ATT000765,EMP0064,2025-09-01 00:00:00,22,21,1,0,9.8
ATT000766,EMP0064,2025-10-01 00:00:00,21,17,1,3,11.4
ATT000767,EMP0064,2025-11-01 00:00:00,22,20,0,2,18.1
ATT000768,EMP0064,2025-12-01 00:00:00,23,23,0,0,4.1
ATT000769,EMP0065,2025-01-01 00:00:00,21,19,1,1,0
ATT000770,EMP0065,2025-02-01 00:00:00,22,20,0,2,11.8
ATT000771,EMP0065,2025-03-01 00:00:00,23,23,0,0,14.9
ATT000772,EMP0065,2025-04-01 00:00:00,22,20,2,0,6.9
ATT000773,EMP0065,2025-05-01 00:00:00,23,19,2,2,5.4
ATT000774,EMP0065,2025-06-01 00:00:00,21,20,1,0,7.3
ATT000775,EMP0065,2025-07-01 00:00:00,21,18,1,2,3.4
ATT000776,EMP0065,2025-08-01 00:00:00,22,18,3,1,11.4
ATT000777,EMP0065,2025-09-01 00:00:00,22,21,0,1,4.5
ATT000778,EMP0065,2025-10-01 00:00:00,20,19,1,0,3.5
ATT000779,EMP0065,2025-11-01 00:00:00,22,20,1,1,19.3
ATT000780,EMP0065,2025-12-01 00:00:00,22,18,0,4,2.2
ATT000781,EMP0066,2025-01-01 00:00:00,21,19,2,0,13.2
ATT000782,EMP0066,2025-02-01 00:00:00,21,18,1,2,4.1
ATT000783,EMP0066,2025-03-01 00:00:00,22,19,0,3,11.8
ATT000784,EMP0066,2025-04-01 00:00:00,22,18,0,4,8.4
ATT000785,EMP0066,2025-05-01 00:00:00,21,21,0,0,0.4
ATT000786,EMP0066,2025-06-01 00:00:00,23,18,0,5,5.6
ATT000787,EMP0066,2025-07-01 00:00:00,22,18,1,3,14.3
ATT000788,EMP0066,2025-08-01 00:00:00,21,20,1,0,0
ATT000789,EMP0066,2025-09-01 00:00:00,22,21,1,0,10.7
ATT000790,EMP0066,2025-10-01 00:00:00,22,21,0,1,9.2
ATT000791,EMP0066,2025-11-01 00:00:00,21,19,0,2,13.4
ATT000792,EMP0066,2025-12-01 00:00:00,20,16,0,4,1.9
ATT000793,EMP0067,2025-01-01 00:00:00,22,22,0,0,11.3
ATT000794,EMP0067,2025-02-01 00:00:00,20,19,1,0,9.3
ATT000795,EMP0067,2025-03-01 00:00:00,22,19,1,2,6.2
ATT000796,EMP0067,2025-04-01 00:00:00,22,19,1,2,4.1
ATT000797,EMP0067,2025-05-01 00:00:00,21,18,1,2,0
ATT000798,EMP0067,2025-06-01 00:00:00,23,22,0,1,4
ATT000799,EMP0067,2025-07-01 00:00:00,22,21,0,1,15.2
ATT000800,EMP0067,2025-08-01 00:00:00,21,21,0,0,5.7
ATT000801,EMP0067,2025-09-01 00:00:00,23,19,2,2,8.1
ATT000802,EMP0067,2025-10-01 00:00:00,23,22,1,0,7.9
ATT000803,EMP0067,2025-11-01 00:00:00,21,17,3,1,9.5
ATT000804,EMP0067,2025-12-01 00:00:00,22,22,0,0,9.1
ATT000805,EMP0068,2025-01-01 00:00:00,20,16,2,2,12.6
ATT000806,EMP0068,2025-02-01 00:00:00,20,19,0,1,1.7
ATT000807,EMP0068,2025-03-01 00:00:00,21,20,0,1,7.8
ATT000808,EMP0068,2025-04-01 00:00:00,21,21,0,0,9.1
ATT000809,EMP0068,2025-05-01 00:00:00,22,17,3,2,5
ATT000810,EMP0068,2025-06-01 00:00:00,22,20,0,2,2.3
ATT000811,EMP0068,2025-07-01 00:00:00,22,21,1,0,0
ATT000812,EMP0068,2025-08-01 00:00:00,22,22,0,0,3.6
ATT000813,EMP0068,2025-09-01 00:00:00,21,20,1,0,9.1
ATT000814,EMP0068,2025-10-01 00:00:00,22,22,0,0,0
ATT000815,EMP0068,2025-11-01 00:00:00,21,21,0,0,7
ATT000816,EMP0068,2025-12-01 00:00:00,22,20,1,1,1.8
ATT000817,EMP0069,2025-01-01 00:00:00,21,17,0,4,8.6
ATT000818,EMP0069,2025-02-01 00:00:00,23,22,0,1,0
ATT000819,EMP0069,2025-03-01 00:00:00,21,18,1,2,16.8
ATT000820,EMP0069,2025-04-01 00:00:00,22,16,2,4,0
ATT000821,EMP0069,2025-05-01 00:00:00,23,20,0,3,3.9
ATT000822,EMP0069,2025-06-01 00:00:00,22,20,2,0,0
ATT000823,EMP0069,2025-07-01 00:00:00,21,20,1,0,21.8
ATT000824,EMP0069,2025-08-01 00:00:00,22,22,0,0,0
ATT000825,EMP0069,2025-09-01 00:00:00,23,19,1,3,15.6
ATT000826,EMP0069,2025-10-01 00:00:00,21,19,1,1,13.1
ATT000827,EMP0069,2025-11-01 00:00:00,22,20,1,1,2.9
ATT000828,EMP0069,2025-12-01 00:00:00,21,21,0,0,0.4
ATT000829,EMP0070,2025-01-01 00:00:00,22,19,1,2,1.2
ATT000830,EMP0070,2025-02-01 00:00:00,21,18,0,3,2.1
ATT000831,EMP0070,2025-03-01 00:00:00,23,21,1,1,10.8
ATT000832,EMP0070,2025-04-01 00:00:00,22,20,1,1,7.3
ATT000833,EMP0070,2025-05-01 00:00:00,22,21,1,0,13.4
ATT000834,EMP0070,2025-06-01 00:00:00,22,21,0,1,9.3
ATT000835,EMP0070,2025-07-01 00:00:00,22,21,0,1,6.4
ATT000836,EMP0070,2025-08-01 00:00:00,22,17,0,5,0
ATT000837,EMP0070,2025-09-01 00:00:00,23,21,0,2,2.3
ATT000838,EMP0070,2025-10-01 00:00:00,23,21,1,1,9.2
ATT000839,EMP0070,2025-11-01 00:00:00,23,23,0,0,2.2
ATT000840,EMP0070,2025-12-01 00:00:00,22,18,2,2,12.4
ATT000841,EMP0071,2025-01-01 00:00:00,23,20,1,2,8.4
ATT000842,EMP0071,2025-02-01 00:00:00,21,20,0,1,4.4
ATT000843,EMP0071,2025-03-01 00:00:00,23,20,0,3,3
ATT000844,EMP0071,2025-04-01 00:00:00,21,20,0,1,8.6
ATT000845,EMP0071,2025-05-01 00:00:00,20,19,0,1,9.3
ATT000846,EMP0071,2025-06-01 00:00:00,23,20,0,3,11.5
ATT000847,EMP0071,2025-07-01 00:00:00,23,23,0,0,18
ATT000848,EMP0071,2025-08-01 00:00:00,22,20,1,1,16.3
ATT000849,EMP0071,2025-09-01 00:00:00,21,17,0,4,12.6
ATT000850,EMP0071,2025-10-01 00:00:00,20,15,0,5,17
ATT000851,EMP0071,2025-11-01 00:00:00,22,17,0,5,13
ATT000852,EMP0071,2025-12-01 00:00:00,22,17,0,5,6.8
ATT000853,EMP0072,2025-01-01 00:00:00,22,21,0,1,13.8
ATT000854,EMP0072,2025-02-01 00:00:00,21,19,1,1,19.6
ATT000855,EMP0072,2025-03-01 00:00:00,23,22,0,1,18.1
ATT000856,EMP0072,2025-04-01 00:00:00,20,19,0,1,7.6
ATT000857,EMP0072,2025-05-01 00:00:00,22,20,0,2,6.7
ATT000858,EMP0072,2025-06-01 00:00:00,22,18,1,3,14.1
ATT000859,EMP0072,2025-07-01 00:00:00,22,20,1,1,20.1
ATT000860,EMP0072,2025-08-01 00:00:00,22,20,0,2,12.8
ATT000861,EMP0072,2025-09-01 00:00:00,22,17,0,5,0.4
ATT000862,EMP0072,2025-10-01 00:00:00,22,19,1,2,5.3
ATT000863,EMP0072,2025-11-01 00:00:00,23,20,0,3,0
ATT000864,EMP0072,2025-12-01 00:00:00,23,18,2,3,13.7
ATT000865,EMP0073,2025-01-01 00:00:00,22,17,0,5,7.7
ATT000866,EMP0073,2025-02-01 00:00:00,23,22,0,1,16.7
ATT000867,EMP0073,2025-03-01 00:00:00,22,20,1,1,8.9
ATT000868,EMP0073,2025-04-01 00:00:00,22,21,1,0,2.2
ATT000869,EMP0073,2025-05-01 00:00:00,22,19,0,3,7.6
ATT000870,EMP0073,2025-06-01 00:00:00,22,21,0,1,2.9
ATT000871,EMP0073,2025-07-01 00:00:00,22,21,0,1,6.7
ATT000872,EMP0073,2025-08-01 00:00:00,20,17,1,2,1.6
ATT000873,EMP0073,2025-09-01 00:00:00,22,20,0,2,6.8
ATT000874,EMP0073,2025-10-01 00:00:00,22,19,2,1,5.7
ATT000875,EMP0073,2025-11-01 00:00:00,20,14,1,5,2.8
ATT000876,EMP0073,2025-12-01 00:00:00,22,18,1,3,7.9
ATT000877,EMP0074,2025-01-01 00:00:00,22,19,1,2,2.2
ATT000878,EMP0074,2025-02-01 00:00:00,22,20,2,0,2.6
ATT000879,EMP0074,2025-03-01 00:00:00,22,22,0,0,14.5
ATT000880,EMP0074,2025-04-01 00:00:00,23,22,0,1,9.8
ATT000881,EMP0074,2025-05-01 00:00:00,22,19,2,1,13.7
ATT000882,EMP0074,2025-06-01 00:00:00,22,20,1,1,4.6
ATT000883,EMP0074,2025-07-01 00:00:00,22,22,0,0,8.4
ATT000884,EMP0074,2025-08-01 00:00:00,23,19,1,3,16.1
ATT000885,EMP0074,2025-09-01 00:00:00,21,21,0,0,10.4
ATT000886,EMP0074,2025-10-01 00:00:00,22,22,0,0,3.6
ATT000887,EMP0074,2025-11-01 00:00:00,21,19,1,1,11.5
ATT000888,EMP0074,2025-12-01 00:00:00,21,20,0,1,12.3
ATT000889,EMP0075,2025-01-01 00:00:00,21,17,2,2,4
ATT000890,EMP0075,2025-02-01 00:00:00,23,21,1,1,7.1
ATT000891,EMP0075,2025-03-01 00:00:00,22,22,0,0,14.6
ATT000892,EMP0075,2025-04-01 00:00:00,22,19,1,2,12.5
ATT000893,EMP0075,2025-05-01 00:00:00,20,18,1,1,5.3
ATT000894,EMP0075,2025-06-01 00:00:00,20,17,1,2,18.9
ATT000895,EMP0075,2025-07-01 00:00:00,22,18,1,3,7.4
ATT000896,EMP0075,2025-08-01 00:00:00,21,19,0,2,12.7
ATT000897,EMP0075,2025-09-01 00:00:00,22,19,2,1,0.9
ATT000898,EMP0075,2025-10-01 00:00:00,23,23,0,0,10.6
ATT000899,EMP0075,2025-11-01 00:00:00,23,23,0,0,13.6
ATT000900,EMP0075,2025-12-01 00:00:00,22,17,1,4,8.5
ATT000901,EMP0076,2025-01-01 00:00:00,21,19,1,1,12.6
ATT000902,EMP0076,2025-02-01 00:00:00,22,21,1,0,13.5
ATT000903,EMP0076,2025-03-01 00:00:00,21,19,0,2,2.7
ATT000904,EMP0076,2025-04-01 00:00:00,21,21,0,0,2.1
ATT000905,EMP0076,2025-05-01 00:00:00,21,18,0,3,8
ATT000906,EMP0076,2025-06-01 00:00:00,20,17,1,2,13.2
ATT000907,EMP0076,2025-07-01 00:00:00,23,18,1,4,1.6
ATT000908,EMP0076,2025-08-01 00:00:00,22,19,1,2,15.6
ATT000909,EMP0076,2025-09-01 00:00:00,22,21,0,1,21.9
ATT000910,EMP0076,2025-10-01 00:00:00,21,20,0,1,3.2
ATT000911,EMP0076,2025-11-01 00:00:00,20,19,0,1,15.4
ATT000912,EMP0076,2025-12-01 00:00:00,21,18,1,2,9.2
ATT000913,EMP0077,2025-01-01 00:00:00,22,22,0,0,0
ATT000914,EMP0077,2025-02-01 00:00:00,23,21,1,1,22.6
ATT000915,EMP0077,2025-03-01 00:00:00,21,18,0,3,0.2
ATT000916,EMP0077,2025-04-01 00:00:00,22,20,0,2,9.1
ATT000917,EMP0077,2025-05-01 00:00:00,22,17,0,5,6.8
ATT000918,EMP0077,2025-06-01 00:00:00,22,18,0,4,0
ATT000919,EMP0077,2025-07-01 00:00:00,22,16,1,5,9.9
ATT000920,EMP0077,2025-08-01 00:00:00,22,20,1,1,11.7
ATT000921,EMP0077,2025-09-01 00:00:00,22,20,0,2,0
ATT000922,EMP0077,2025-10-01 00:00:00,21,21,0,0,10.1
ATT000923,EMP0077,2025-11-01 00:00:00,21,20,0,1,17.8
ATT000924,EMP0077,2025-12-01 00:00:00,21,20,0,1,7.8
ATT000925,EMP0078,2025-01-01 00:00:00,22,20,1,1,21.6
ATT000926,EMP0078,2025-02-01 00:00:00,21,17,2,2,9.1
ATT000927,EMP0078,2025-03-01 00:00:00,22,18,1,3,5.8
ATT000928,EMP0078,2025-04-01 00:00:00,23,23,0,0,9.1
ATT000929,EMP0078,2025-05-01 00:00:00,22,16,2,4,13
ATT000930,EMP0078,2025-06-01 00:00:00,21,18,0,3,0
ATT000931,EMP0078,2025-07-01 00:00:00,23,20,0,3,7.9
ATT000932,EMP0078,2025-08-01 00:00:00,21,18,1,2,1.5
ATT000933,EMP0078,2025-09-01 00:00:00,22,18,1,3,14.6
ATT000934,EMP0078,2025-10-01 00:00:00,23,20,2,1,7.2
ATT000935,EMP0078,2025-11-01 00:00:00,21,20,1,0,13.2
ATT000936,EMP0078,2025-12-01 00:00:00,20,20,0,0,0
ATT000937,EMP0079,2025-01-01 00:00:00,23,16,3,4,7.4
ATT000938,EMP0079,2025-02-01 00:00:00,23,20,0,3,9.1
ATT000939,EMP0079,2025-03-01 00:00:00,21,20,0,1,7
ATT000940,EMP0079,2025-04-01 00:00:00,21,18,0,3,13.7
ATT000941,EMP0079,2025-05-01 00:00:00,23,21,1,1,4.5
ATT000942,EMP0079,2025-06-01 00:00:00,20,18,1,1,5.1
ATT000943,EMP0079,2025-07-01 00:00:00,22,20,1,1,3.2
ATT000944,EMP0079,2025-08-01 00:00:00,22,20,0,2,3.5
ATT000945,EMP0079,2025-09-01 00:00:00,20,20,0,0,9.1
ATT000946,EMP0079,2025-10-01 00:00:00,22,22,0,0,0
ATT000947,EMP0079,2025-11-01 00:00:00,22,18,2,2,13.9
ATT000948,EMP0079,2025-12-01 00:00:00,20,16,2,2,11.3
ATT000949,EMP0080,2025-01-01 00:00:00,22,18,0,4,8.4
ATT000950,EMP0080,2025-02-01 00:00:00,22,20,1,1,8.4
ATT000951,EMP0080,2025-03-01 00:00:00,23,18,3,2,3.7
ATT000952,EMP0080,2025-04-01 00:00:00,23,18,0,5,0
ATT000953,EMP0080,2025-05-01 00:00:00,21,20,1,0,2.9
ATT000954,EMP0080,2025-06-01 00:00:00,21,16,2,3,0.1
ATT000955,EMP0080,2025-07-01 00:00:00,23,22,1,0,10.3
ATT000956,EMP0080,2025-08-01 00:00:00,22,20,1,1,12.1
ATT000957,EMP0080,2025-09-01 00:00:00,21,19,1,1,14
ATT000958,EMP0080,2025-10-01 00:00:00,20,18,0,2,2.6
ATT000959,EMP0080,2025-11-01 00:00:00,20,20,0,0,5.1
ATT000960,EMP0080,2025-12-01 00:00:00,22,19,1,2,8.2
ATT000961,EMP0081,2025-01-01 00:00:00,22,20,2,0,13.3
ATT000962,EMP0081,2025-02-01 00:00:00,21,18,1,2,20.3
ATT000963,EMP0081,2025-03-01 00:00:00,23,20,0,3,16
ATT000964,EMP0081,2025-04-01 00:00:00,21,20,0,1,2.7
ATT000965,EMP0081,2025-05-01 00:00:00,23,21,1,1,7.4
ATT000966,EMP0081,2025-06-01 00:00:00,22,20,0,2,0.3
ATT000967,EMP0081,2025-07-01 00:00:00,20,15,0,5,11.6
ATT000968,EMP0081,2025-08-01 00:00:00,20,17,0,3,6.3
ATT000969,EMP0081,2025-09-01 00:00:00,21,21,0,0,6.3
ATT000970,EMP0081,2025-10-01 00:00:00,20,17,0,3,8.2
ATT000971,EMP0081,2025-11-01 00:00:00,21,19,0,2,10.2
ATT000972,EMP0081,2025-12-01 00:00:00,20,18,1,1,8.9
ATT000973,EMP0082,2025-01-01 00:00:00,23,21,0,2,4.7
ATT000974,EMP0082,2025-02-01 00:00:00,23,21,1,1,0
ATT000975,EMP0082,2025-03-01 00:00:00,22,21,0,1,14.5
ATT000976,EMP0082,2025-04-01 00:00:00,20,18,1,1,5.2
ATT000977,EMP0082,2025-05-01 00:00:00,23,22,0,1,0.6
ATT000978,EMP0082,2025-06-01 00:00:00,22,20,0,2,10.3
ATT000979,EMP0082,2025-07-01 00:00:00,23,22,0,1,27.7
ATT000980,EMP0082,2025-08-01 00:00:00,20,17,2,1,7.2
ATT000981,EMP0082,2025-09-01 00:00:00,23,20,0,3,15
ATT000982,EMP0082,2025-10-01 00:00:00,21,21,0,0,8.6
ATT000983,EMP0082,2025-11-01 00:00:00,20,17,2,1,12.2
ATT000984,EMP0082,2025-12-01 00:00:00,21,21,0,0,8.9
ATT000985,EMP0083,2025-01-01 00:00:00,20,18,1,1,10.4
ATT000986,EMP0083,2025-02-01 00:00:00,22,22,0,0,11.1
ATT000987,EMP0083,2025-03-01 00:00:00,23,21,1,1,3
ATT000988,EMP0083,2025-04-01 00:00:00,22,21,1,0,10.5
ATT000989,EMP0083,2025-05-01 00:00:00,22,20,0,2,4.2
ATT000990,EMP0083,2025-06-01 00:00:00,21,18,2,1,0
ATT000991,EMP0083,2025-07-01 00:00:00,22,21,0,1,12.4
ATT000992,EMP0083,2025-08-01 00:00:00,22,21,0,1,6.3
ATT000993,EMP0083,2025-09-01 00:00:00,22,22,0,0,9.8
ATT000994,EMP0083,2025-10-01 00:00:00,23,22,1,0,6.5
ATT000995,EMP0083,2025-11-01 00:00:00,20,18,0,2,12.4
ATT000996,EMP0083,2025-12-01 00:00:00,21,18,0,3,8.6
ATT000997,EMP0084,2025-01-01 00:00:00,21,21,0,0,11.4
ATT000998,EMP0084,2025-02-01 00:00:00,22,17,1,4,1
ATT000999,EMP0084,2025-03-01 00:00:00,20,19,0,1,0
ATT001000,EMP0084,2025-04-01 00:00:00,23,20,0,3,10.9
ATT001001,EMP0084,2025-05-01 00:00:00,23,19,1,3,12.6
ATT001002,EMP0084,2025-06-01 00:00:00,21,18,1,2,8.2
ATT001003,EMP0084,2025-07-01 00:00:00,23,19,2,2,2.2
ATT001004,EMP0084,2025-08-01 00:00:00,21,16,0,5,6.9
ATT001005,EMP0084,2025-09-01 00:00:00,22,18,1,3,17
ATT001006,EMP0084,2025-10-01 00:00:00,22,18,3,1,12.4
ATT001007,EMP0084,2025-11-01 00:00:00,23,19,1,3,15.6
ATT001008,EMP0084,2025-12-01 00:00:00,22,17,2,3,8.3
ATT001009,EMP0085,2025-01-01 00:00:00,22,18,1,3,2.8
ATT001010,EMP0085,2025-02-01 00:00:00,22,20,0,2,8.5
ATT001011,EMP0085,2025-03-01 00:00:00,22,17,3,2,0
ATT001012,EMP0085,2025-04-01 00:00:00,21,19,1,1,10.9
ATT001013,EMP0085,2025-05-01 00:00:00,21,19,0,2,15.9
ATT001014,EMP0085,2025-06-01 00:00:00,21,19,1,1,8
ATT001015,EMP0085,2025-07-01 00:00:00,22,20,0,2,17.8
ATT001016,EMP0085,2025-08-01 00:00:00,21,21,0,0,3.8
ATT001017,EMP0085,2025-09-01 00:00:00,23,22,0,1,3.9
ATT001018,EMP0085,2025-10-01 00:00:00,22,18,1,3,8.9
ATT001019,EMP0085,2025-11-01 00:00:00,21,19,0,2,14.6
ATT001020,EMP0085,2025-12-01 00:00:00,21,20,0,1,13.4
ATT001021,EMP0086,2025-01-01 00:00:00,22,20,0,2,9.2
ATT001022,EMP0086,2025-02-01 00:00:00,20,15,1,4,10.8
ATT001023,EMP0086,2025-03-01 00:00:00,21,19,0,2,13.8
ATT001024,EMP0086,2025-04-01 00:00:00,22,18,0,4,7.7
ATT001025,EMP0086,2025-05-01 00:00:00,22,18,1,3,4.9
ATT001026,EMP0086,2025-06-01 00:00:00,22,20,0,2,8
ATT001027,EMP0086,2025-07-01 00:00:00,22,20,1,1,14
ATT001028,EMP0086,2025-08-01 00:00:00,21,19,1,1,26.4
ATT001029,EMP0086,2025-09-01 00:00:00,23,18,2,3,15.8
ATT001030,EMP0086,2025-10-01 00:00:00,21,16,0,5,4
ATT001031,EMP0086,2025-11-01 00:00:00,22,21,1,0,13.6
ATT001032,EMP0086,2025-12-01 00:00:00,22,20,1,1,0
ATT001033,EMP0087,2025-01-01 00:00:00,21,18,2,1,13.5
ATT001034,EMP0087,2025-02-01 00:00:00,21,17,1,3,10.8
ATT001035,EMP0087,2025-03-01 00:00:00,21,19,1,1,25.9
ATT001036,EMP0087,2025-04-01 00:00:00,23,20,1,2,12.2
ATT001037,EMP0087,2025-05-01 00:00:00,22,16,1,5,1.5
ATT001038,EMP0087,2025-06-01 00:00:00,21,21,0,0,6
ATT001039,EMP0087,2025-07-01 00:00:00,20,17,3,0,14.6
ATT001040,EMP0087,2025-08-01 00:00:00,21,19,0,2,7.4
ATT001041,EMP0087,2025-09-01 00:00:00,20,17,0,3,7
ATT001042,EMP0087,2025-10-01 00:00:00,20,15,1,4,20.9
ATT001043,EMP0087,2025-11-01 00:00:00,23,18,0,5,11.5
ATT001044,EMP0087,2025-12-01 00:00:00,22,20,1,1,2.2
ATT001045,EMP0088,2025-01-01 00:00:00,21,20,1,0,14.5
ATT001046,EMP0088,2025-02-01 00:00:00,22,20,2,0,0
ATT001047,EMP0088,2025-03-01 00:00:00,21,21,0,0,14.3
ATT001048,EMP0088,2025-04-01 00:00:00,22,21,1,0,9.2
ATT001049,EMP0088,2025-05-01 00:00:00,22,19,1,2,11.3
ATT001050,EMP0088,2025-06-01 00:00:00,21,17,2,2,0
ATT001051,EMP0088,2025-07-01 00:00:00,22,21,1,0,10.5
ATT001052,EMP0088,2025-08-01 00:00:00,23,23,0,0,9.5
ATT001053,EMP0088,2025-09-01 00:00:00,22,21,0,1,10.7
ATT001054,EMP0088,2025-10-01 00:00:00,22,16,3,3,8.9
ATT001055,EMP0088,2025-11-01 00:00:00,21,18,2,1,4.2
ATT001056,EMP0088,2025-12-01 00:00:00,20,19,0,1,18
ATT001057,EMP0089,2025-01-01 00:00:00,22,21,0,1,0
ATT001058,EMP0089,2025-02-01 00:00:00,22,21,0,1,0
ATT001059,EMP0089,2025-03-01 00:00:00,23,22,0,1,8
ATT001060,EMP0089,2025-04-01 00:00:00,21,18,1,2,8.6
ATT001061,EMP0089,2025-05-01 00:00:00,22,21,0,1,12.6
ATT001062,EMP0089,2025-06-01 00:00:00,21,17,1,3,13.6
ATT001063,EMP0089,2025-07-01 00:00:00,20,20,0,0,0
ATT001064,EMP0089,2025-08-01 00:00:00,21,20,0,1,5.1
ATT001065,EMP0089,2025-09-01 00:00:00,21,18,0,3,2.6
ATT001066,EMP0089,2025-10-01 00:00:00,22,16,1,5,4.3
ATT001067,EMP0089,2025-11-01 00:00:00,20,19,0,1,23.9
ATT001068,EMP0089,2025-12-01 00:00:00,21,19,0,2,15.5
ATT001069,EMP0090,2025-01-01 00:00:00,22,18,0,4,11.1
ATT001070,EMP0090,2025-02-01 00:00:00,20,19,0,1,4.9
ATT001071,EMP0090,2025-03-01 00:00:00,22,20,2,0,16.3
ATT001072,EMP0090,2025-04-01 00:00:00,22,21,0,1,15
ATT001073,EMP0090,2025-05-01 00:00:00,20,18,0,2,4
ATT001074,EMP0090,2025-06-01 00:00:00,21,15,2,4,16.2
ATT001075,EMP0090,2025-07-01 00:00:00,22,19,1,2,10
ATT001076,EMP0090,2025-08-01 00:00:00,22,20,0,2,11.5
ATT001077,EMP0090,2025-09-01 00:00:00,22,18,3,1,0
ATT001078,EMP0090,2025-10-01 00:00:00,22,16,2,4,7.3
ATT001079,EMP0090,2025-11-01 00:00:00,21,21,0,0,12.6
ATT001080,EMP0090,2025-12-01 00:00:00,21,15,3,3,3.3
ATT001081,EMP0091,2025-01-01 00:00:00,22,20,2,0,18.1
ATT001082,EMP0091,2025-02-01 00:00:00,22,21,0,1,12.4
ATT001083,EMP0091,2025-03-01 00:00:00,21,16,0,5,3.1
ATT001084,EMP0091,2025-04-01 00:00:00,21,18,1,2,20.7
ATT001085,EMP0091,2025-05-01 00:00:00,23,23,0,0,7.3
ATT001086,EMP0091,2025-06-01 00:00:00,22,21,0,1,7.9
ATT001087,EMP0091,2025-07-01 00:00:00,22,20,2,0,0.8
ATT001088,EMP0091,2025-08-01 00:00:00,22,19,2,1,12.2
ATT001089,EMP0091,2025-09-01 00:00:00,22,20,1,1,1.7
ATT001090,EMP0091,2025-10-01 00:00:00,21,19,0,2,10.2
ATT001091,EMP0091,2025-11-01 00:00:00,22,19,0,3,14.4
ATT001092,EMP0091,2025-12-01 00:00:00,21,19,1,1,12.9
ATT001093,EMP0092,2025-01-01 00:00:00,22,20,0,2,5.5
ATT001094,EMP0092,2025-02-01 00:00:00,22,21,0,1,12.2
ATT001095,EMP0092,2025-03-01 00:00:00,20,17,0,3,23.1
ATT001096,EMP0092,2025-04-01 00:00:00,21,20,0,1,10.2
ATT001097,EMP0092,2025-05-01 00:00:00,22,21,1,0,11.1
ATT001098,EMP0092,2025-06-01 00:00:00,21,17,1,3,19.5
ATT001099,EMP0092,2025-07-01 00:00:00,22,21,1,0,4
ATT001100,EMP0092,2025-08-01 00:00:00,22,18,0,4,9
ATT001101,EMP0092,2025-09-01 00:00:00,22,18,2,2,15.8
ATT001102,EMP0092,2025-10-01 00:00:00,22,19,2,1,1.5
ATT001103,EMP0092,2025-11-01 00:00:00,23,23,0,0,13.6
ATT001104,EMP0092,2025-12-01 00:00:00,22,22,0,0,9.3
ATT001105,EMP0093,2025-01-01 00:00:00,22,22,0,0,4.2
ATT001106,EMP0093,2025-02-01 00:00:00,21,17,1,3,0
ATT001107,EMP0093,2025-03-01 00:00:00,22,21,0,1,12
ATT001108,EMP0093,2025-04-01 00:00:00,21,18,1,2,9.5
ATT001109,EMP0093,2025-05-01 00:00:00,22,19,1,2,0.4
ATT001110,EMP0093,2025-06-01 00:00:00,22,18,0,4,12.3
ATT001111,EMP0093,2025-07-01 00:00:00,22,19,0,3,7.7
ATT001112,EMP0093,2025-08-01 00:00:00,21,18,3,0,0
ATT001113,EMP0093,2025-09-01 00:00:00,21,18,1,2,14.7
ATT001114,EMP0093,2025-10-01 00:00:00,21,19,0,2,11.6
ATT001115,EMP0093,2025-11-01 00:00:00,21,20,1,0,17.2
ATT001116,EMP0093,2025-12-01 00:00:00,21,17,1,3,12.9
ATT001117,EMP0094,2025-01-01 00:00:00,20,19,1,0,3.7
ATT001118,EMP0094,2025-02-01 00:00:00,22,19,1,2,10.4
ATT001119,EMP0094,2025-03-01 00:00:00,22,21,0,1,0
ATT001120,EMP0094,2025-04-01 00:00:00,22,20,0,2,9.5
ATT001121,EMP0094,2025-05-01 00:00:00,21,20,0,1,5.5
ATT001122,EMP0094,2025-06-01 00:00:00,23,22,1,0,11.6
ATT001123,EMP0094,2025-07-01 00:00:00,22,19,0,3,12.5
ATT001124,EMP0094,2025-08-01 00:00:00,21,16,0,5,3.6
ATT001125,EMP0094,2025-09-01 00:00:00,22,20,1,1,9.1
ATT001126,EMP0094,2025-10-01 00:00:00,22,20,0,2,15.9
ATT001127,EMP0094,2025-11-01 00:00:00,21,17,2,2,13.8
ATT001128,EMP0094,2025-12-01 00:00:00,22,20,0,2,4.7
ATT001129,EMP0095,2025-01-01 00:00:00,22,21,0,1,9
ATT001130,EMP0095,2025-02-01 00:00:00,22,21,0,1,0
ATT001131,EMP0095,2025-03-01 00:00:00,23,22,1,0,10.2
ATT001132,EMP0095,2025-04-01 00:00:00,23,20,1,2,23.2
ATT001133,EMP0095,2025-05-01 00:00:00,20,18,1,1,0
ATT001134,EMP0095,2025-06-01 00:00:00,21,20,0,1,5
ATT001135,EMP0095,2025-07-01 00:00:00,22,20,1,1,9.4
ATT001136,EMP0095,2025-08-01 00:00:00,20,20,0,0,11.6
ATT001137,EMP0095,2025-09-01 00:00:00,21,15,2,4,0.7
ATT001138,EMP0095,2025-10-01 00:00:00,22,18,2,2,13.2
ATT001139,EMP0095,2025-11-01 00:00:00,22,21,1,0,6.5
ATT001140,EMP0095,2025-12-01 00:00:00,23,22,0,1,12.1
ATT001141,EMP0096,2025-01-01 00:00:00,22,21,0,1,9.9
ATT001142,EMP0096,2025-02-01 00:00:00,22,21,1,0,7.3
ATT001143,EMP0096,2025-03-01 00:00:00,22,20,1,1,0
ATT001144,EMP0096,2025-04-01 00:00:00,23,23,0,0,0
ATT001145,EMP0096,2025-05-01 00:00:00,22,18,2,2,10.1
ATT001146,EMP0096,2025-06-01 00:00:00,22,21,0,1,16.3
ATT001147,EMP0096,2025-07-01 00:00:00,21,17,1,3,7.9
ATT001148,EMP0096,2025-08-01 00:00:00,23,22,0,1,13.6
ATT001149,EMP0096,2025-09-01 00:00:00,22,22,0,0,11.1
ATT001150,EMP0096,2025-10-01 00:00:00,23,22,0,1,1.9
ATT001151,EMP0096,2025-11-01 00:00:00,22,20,1,1,0.3
ATT001152,EMP0096,2025-12-01 00:00:00,22,18,0,4,1
ATT001153,EMP0097,2025-01-01 00:00:00,20,19,0,1,11.4
ATT001154,EMP0097,2025-02-01 00:00:00,22,18,0,4,3.7
ATT001155,EMP0097,2025-03-01 00:00:00,21,17,2,2,1.3
ATT001156,EMP0097,2025-04-01 00:00:00,21,17,0,4,3.6
ATT001157,EMP0097,2025-05-01 00:00:00,22,19,0,3,6.1
ATT001158,EMP0097,2025-06-01 00:00:00,23,19,0,4,15
ATT001159,EMP0097,2025-07-01 00:00:00,23,20,3,0,7.8
ATT001160,EMP0097,2025-08-01 00:00:00,21,16,0,5,7.6
ATT001161,EMP0097,2025-09-01 00:00:00,22,21,0,1,2.6
ATT001162,EMP0097,2025-10-01 00:00:00,23,23,0,0,3.9
ATT001163,EMP0097,2025-11-01 00:00:00,22,20,1,1,8.5
ATT001164,EMP0097,2025-12-01 00:00:00,22,20,1,1,3.9
ATT001165,EMP0098,2025-01-01 00:00:00,23,21,2,0,19.4
ATT001166,EMP0098,2025-02-01 00:00:00,22,19,0,3,8.7
ATT001167,EMP0098,2025-03-01 00:00:00,22,21,0,1,9.1
ATT001168,EMP0098,2025-04-01 00:00:00,22,18,0,4,18.9
ATT001169,EMP0098,2025-05-01 00:00:00,22,15,3,4,12.5
ATT001170,EMP0098,2025-06-01 00:00:00,20,19,0,1,2.6
ATT001171,EMP0098,2025-07-01 00:00:00,22,21,0,1,10.4
ATT001172,EMP0098,2025-08-01 00:00:00,22,21,1,0,14.6
ATT001173,EMP0098,2025-09-01 00:00:00,21,17,0,4,14.2
ATT001174,EMP0098,2025-10-01 00:00:00,21,20,0,1,6.8
ATT001175,EMP0098,2025-11-01 00:00:00,22,22,0,0,1.6
ATT001176,EMP0098,2025-12-01 00:00:00,21,17,0,4,13.1
ATT001177,EMP0099,2025-01-01 00:00:00,23,20,2,1,14.4
ATT001178,EMP0099,2025-02-01 00:00:00,22,18,0,4,5.7
ATT001179,EMP0099,2025-03-01 00:00:00,20,16,2,2,12.3
ATT001180,EMP0099,2025-04-01 00:00:00,21,21,0,0,0
ATT001181,EMP0099,2025-05-01 00:00:00,21,19,1,1,11.1
ATT001182,EMP0099,2025-06-01 00:00:00,23,22,0,1,8.8
ATT001183,EMP0099,2025-07-01 00:00:00,22,21,1,0,6
ATT001184,EMP0099,2025-08-01 00:00:00,21,21,0,0,0
ATT001185,EMP0099,2025-09-01 00:00:00,23,22,0,1,11.8
ATT001186,EMP0099,2025-10-01 00:00:00,22,19,1,2,4.9
ATT001187,EMP0099,2025-11-01 00:00:00,22,18,3,1,2.1
ATT001188,EMP0099,2025-12-01 00:00:00,23,22,0,1,7.3
ATT001189,EMP0100,2025-01-01 00:00:00,21,17,3,1,5.8
ATT001190,EMP0100,2025-02-01 00:00:00,21,21,0,0,5.6
ATT001191,EMP0100,2025-03-01 00:00:00,21,21,0,0,10.8
ATT001192,EMP0100,2025-04-01 00:00:00,20,16,2,2,14.6
ATT001193,EMP0100,2025-05-01 00:00:00,22,20,1,1,8.9
ATT001194,EMP0100,2025-06-01 00:00:00,21,19,0,2,7.1
ATT001195,EMP0100,2025-07-01 00:00:00,20,16,3,1,12
ATT001196,EMP0100,2025-08-01 00:00:00,21,17,2,2,9.8
ATT001197,EMP0100,2025-09-01 00:00:00,22,21,0,1,17.3
ATT001198,EMP0100,2025-10-01 00:00:00,20,18,0,2,0
ATT001199,EMP0100,2025-11-01 00:00:00,22,20,0,2,0
ATT001200,EMP0100,2025-12-01 00:00:00,23,17,3,3,3.1
ATT001201,EMP0101,2025-01-01 00:00:00,21,18,1,2,14.7
ATT001202,EMP0101,2025-02-01 00:00:00,22,22,0,0,11.9
ATT001203,EMP0101,2025-03-01 00:00:00,20,14,1,5,5.2
ATT001204,EMP0101,2025-04-01 00:00:00,21,15,3,3,18.3
ATT001205,EMP0101,2025-05-01 00:00:00,21,17,2,2,13.6
ATT001206,EMP0101,2025-06-01 00:00:00,22,18,2,2,2.8
ATT001207,EMP0101,2025-07-01 00:00:00,22,16,1,5,1.9
ATT001208,EMP0101,2025-08-01 00:00:00,21,19,2,0,4.4
ATT001209,EMP0101,2025-09-01 00:00:00,22,21,0,1,15.1
ATT001210,EMP0101,2025-10-01 00:00:00,23,20,0,3,18.5
ATT001211,EMP0101,2025-11-01 00:00:00,22,21,1,0,6.9
ATT001212,EMP0101,2025-12-01 00:00:00,23,22,1,0,9.7
ATT001213,EMP0102,2025-01-01 00:00:00,23,22,0,1,0
ATT001214,EMP0102,2025-02-01 00:00:00,22,20,1,1,12.9
ATT001215,EMP0102,2025-03-01 00:00:00,21,20,1,0,10.2
ATT001216,EMP0102,2025-04-01 00:00:00,22,19,0,3,8.1
ATT001217,EMP0102,2025-05-01 00:00:00,21,18,0,3,1.5
ATT001218,EMP0102,2025-06-01 00:00:00,20,16,2,2,0
ATT001219,EMP0102,2025-07-01 00:00:00,22,19,2,1,1
ATT001220,EMP0102,2025-08-01 00:00:00,22,22,0,0,15.8
ATT001221,EMP0102,2025-09-01 00:00:00,23,20,1,2,0
ATT001222,EMP0102,2025-10-01 00:00:00,21,19,0,2,0
ATT001223,EMP0102,2025-11-01 00:00:00,21,19,1,1,16.9
ATT001224,EMP0102,2025-12-01 00:00:00,20,17,0,3,4.6
ATT001225,EMP0103,2025-01-01 00:00:00,22,17,2,3,21.5
ATT001226,EMP0103,2025-02-01 00:00:00,23,23,0,0,1.2
ATT001227,EMP0103,2025-03-01 00:00:00,21,21,0,0,0.6
ATT001228,EMP0103,2025-04-01 00:00:00,22,20,1,1,6.8
ATT001229,EMP0103,2025-05-01 00:00:00,21,21,0,0,10.6
ATT001230,EMP0103,2025-06-01 00:00:00,23,20,1,2,16.3
ATT001231,EMP0103,2025-07-01 00:00:00,21,18,2,1,3.2
ATT001232,EMP0103,2025-08-01 00:00:00,20,19,0,1,0
ATT001233,EMP0103,2025-09-01 00:00:00,23,22,0,1,5.9
ATT001234,EMP0103,2025-10-01 00:00:00,21,21,0,0,1.2
ATT001235,EMP0103,2025-11-01 00:00:00,22,21,0,1,15.4
ATT001236,EMP0103,2025-12-01 00:00:00,23,21,1,1,0
ATT001237,EMP0104,2025-01-01 00:00:00,22,17,1,4,11.2
ATT001238,EMP0104,2025-02-01 00:00:00,22,20,0,2,10.7
ATT001239,EMP0104,2025-03-01 00:00:00,22,18,1,3,0
ATT001240,EMP0104,2025-04-01 00:00:00,21,16,0,5,4.3
ATT001241,EMP0104,2025-05-01 00:00:00,21,20,0,1,10.4
ATT001242,EMP0104,2025-06-01 00:00:00,22,18,1,3,3.5
ATT001243,EMP0104,2025-07-01 00:00:00,22,16,2,4,22.4
ATT001244,EMP0104,2025-08-01 00:00:00,21,17,1,3,11.2
ATT001245,EMP0104,2025-09-01 00:00:00,23,22,1,0,10.4
ATT001246,EMP0104,2025-10-01 00:00:00,22,19,2,1,19.1
ATT001247,EMP0104,2025-11-01 00:00:00,23,20,1,2,0
ATT001248,EMP0104,2025-12-01 00:00:00,20,20,0,0,16.7
ATT001249,EMP0105,2025-01-01 00:00:00,22,22,0,0,14
ATT001250,EMP0105,2025-02-01 00:00:00,21,20,0,1,7.6
ATT001251,EMP0105,2025-03-01 00:00:00,22,19,0,3,7.8
ATT001252,EMP0105,2025-04-01 00:00:00,22,21,0,1,13.5
ATT001253,EMP0105,2025-05-01 00:00:00,22,19,0,3,10
ATT001254,EMP0105,2025-06-01 00:00:00,22,18,2,2,9.7
ATT001255,EMP0105,2025-07-01 00:00:00,20,20,0,0,24.8
ATT001256,EMP0105,2025-08-01 00:00:00,22,20,2,0,10.9
ATT001257,EMP0105,2025-09-01 00:00:00,22,17,1,4,14.1
ATT001258,EMP0105,2025-10-01 00:00:00,22,18,3,1,0
ATT001259,EMP0105,2025-11-01 00:00:00,20,17,0,3,3.1
ATT001260,EMP0105,2025-12-01 00:00:00,21,21,0,0,1.9
ATT001261,EMP0106,2025-01-01 00:00:00,22,20,2,0,17.5
ATT001262,EMP0106,2025-02-01 00:00:00,22,20,0,2,11
ATT001263,EMP0106,2025-03-01 00:00:00,23,22,0,1,4.9
ATT001264,EMP0106,2025-04-01 00:00:00,22,18,2,2,0
ATT001265,EMP0106,2025-05-01 00:00:00,22,20,0,2,12.5
ATT001266,EMP0106,2025-06-01 00:00:00,22,18,1,3,0.1
ATT001267,EMP0106,2025-07-01 00:00:00,23,22,1,0,4.7
ATT001268,EMP0106,2025-08-01 00:00:00,22,19,1,2,11.1
ATT001269,EMP0106,2025-09-01 00:00:00,20,16,0,4,16.4
ATT001270,EMP0106,2025-10-01 00:00:00,22,18,2,2,8.8
ATT001271,EMP0106,2025-11-01 00:00:00,22,20,1,1,7
ATT001272,EMP0106,2025-12-01 00:00:00,20,18,1,1,13
ATT001273,EMP0107,2025-01-01 00:00:00,23,21,1,1,7.4
ATT001274,EMP0107,2025-02-01 00:00:00,21,19,2,0,3.3
ATT001275,EMP0107,2025-03-01 00:00:00,22,16,3,3,11.7
ATT001276,EMP0107,2025-04-01 00:00:00,22,18,0,4,7.5
ATT001277,EMP0107,2025-05-01 00:00:00,20,17,2,1,8.8
ATT001278,EMP0107,2025-06-01 00:00:00,20,19,1,0,0
ATT001279,EMP0107,2025-07-01 00:00:00,23,18,2,3,10.7
ATT001280,EMP0107,2025-08-01 00:00:00,23,18,2,3,0
ATT001281,EMP0107,2025-09-01 00:00:00,23,20,2,1,5.6
ATT001282,EMP0107,2025-10-01 00:00:00,23,22,1,0,0
ATT001283,EMP0107,2025-11-01 00:00:00,23,20,2,1,18.9
ATT001284,EMP0107,2025-12-01 00:00:00,21,17,2,2,8.5
ATT001285,EMP0108,2025-01-01 00:00:00,21,19,1,1,10.5
ATT001286,EMP0108,2025-02-01 00:00:00,22,21,0,1,17
ATT001287,EMP0108,2025-03-01 00:00:00,22,19,1,2,6.8
ATT001288,EMP0108,2025-04-01 00:00:00,21,20,0,1,4.4
ATT001289,EMP0108,2025-05-01 00:00:00,20,16,1,3,8.1
ATT001290,EMP0108,2025-06-01 00:00:00,23,19,1,3,4.6
ATT001291,EMP0108,2025-07-01 00:00:00,22,17,3,2,4.2
ATT001292,EMP0108,2025-08-01 00:00:00,22,21,0,1,5
ATT001293,EMP0108,2025-09-01 00:00:00,22,19,3,0,11.8
ATT001294,EMP0108,2025-10-01 00:00:00,22,17,3,2,7.5
ATT001295,EMP0108,2025-11-01 00:00:00,22,21,0,1,7.6
ATT001296,EMP0108,2025-12-01 00:00:00,22,19,1,2,15
ATT001297,EMP0109,2025-01-01 00:00:00,21,18,1,2,13.6
ATT001298,EMP0109,2025-02-01 00:00:00,22,21,0,1,4.2
ATT001299,EMP0109,2025-03-01 00:00:00,23,20,0,3,11.5
ATT001300,EMP0109,2025-04-01 00:00:00,20,18,2,0,6
ATT001301,EMP0109,2025-05-01 00:00:00,21,18,1,2,0
ATT001302,EMP0109,2025-06-01 00:00:00,22,19,0,3,14.3
ATT001303,EMP0109,2025-07-01 00:00:00,21,17,3,1,4.3
ATT001304,EMP0109,2025-08-01 00:00:00,21,20,0,1,6.3
ATT001305,EMP0109,2025-09-01 00:00:00,22,21,1,0,4.9
ATT001306,EMP0109,2025-10-01 00:00:00,21,19,1,1,13.2
ATT001307,EMP0109,2025-11-01 00:00:00,21,19,0,2,2.5
ATT001308,EMP0109,2025-12-01 00:00:00,22,22,0,0,11.4
ATT001309,EMP0110,2025-01-01 00:00:00,20,14,1,5,8.5
ATT001310,EMP0110,2025-02-01 00:00:00,20,15,3,2,5.2
ATT001311,EMP0110,2025-03-01 00:00:00,22,20,0,2,0
ATT001312,EMP0110,2025-04-01 00:00:00,23,21,1,1,10.4
ATT001313,EMP0110,2025-05-01 00:00:00,22,19,0,3,11.4
ATT001314,EMP0110,2025-06-01 00:00:00,22,18,1,3,8.2
ATT001315,EMP0110,2025-07-01 00:00:00,21,21,0,0,2.1
ATT001316,EMP0110,2025-08-01 00:00:00,22,18,1,3,2.9
ATT001317,EMP0110,2025-09-01 00:00:00,22,21,0,1,10.3
ATT001318,EMP0110,2025-10-01 00:00:00,22,20,1,1,0
ATT001319,EMP0110,2025-11-01 00:00:00,22,19,0,3,0
ATT001320,EMP0110,2025-12-01 00:00:00,22,18,1,3,11.8
ATT001321,EMP0111,2025-01-01 00:00:00,22,18,1,3,2.7
ATT001322,EMP0111,2025-02-01 00:00:00,21,19,0,2,12.7
ATT001323,EMP0111,2025-03-01 00:00:00,21,21,0,0,1.8
ATT001324,EMP0111,2025-04-01 00:00:00,22,18,3,1,10.3
ATT001325,EMP0111,2025-05-01 00:00:00,22,20,1,1,4.5
ATT001326,EMP0111,2025-06-01 00:00:00,21,20,0,1,20.8
ATT001327,EMP0111,2025-07-01 00:00:00,22,22,0,0,8.5
ATT001328,EMP0111,2025-08-01 00:00:00,21,19,1,1,2.3
ATT001329,EMP0111,2025-09-01 00:00:00,23,22,0,1,2.1
ATT001330,EMP0111,2025-10-01 00:00:00,21,17,1,3,6
ATT001331,EMP0111,2025-11-01 00:00:00,23,18,3,2,9.2
ATT001332,EMP0111,2025-12-01 00:00:00,22,18,1,3,1.5
ATT001333,EMP0112,2025-01-01 00:00:00,22,16,3,3,8.4
ATT001334,EMP0112,2025-02-01 00:00:00,20,15,2,3,3.1
ATT001335,EMP0112,2025-03-01 00:00:00,21,19,1,1,4.4
ATT001336,EMP0112,2025-04-01 00:00:00,22,20,1,1,4.2
ATT001337,EMP0112,2025-05-01 00:00:00,20,16,3,1,10.2
ATT001338,EMP0112,2025-06-01 00:00:00,20,19,0,1,0.2
ATT001339,EMP0112,2025-07-01 00:00:00,22,22,0,0,7.4
ATT001340,EMP0112,2025-08-01 00:00:00,23,21,1,1,0
ATT001341,EMP0112,2025-09-01 00:00:00,22,21,0,1,6.5
ATT001342,EMP0112,2025-10-01 00:00:00,22,20,0,2,9.2
ATT001343,EMP0112,2025-11-01 00:00:00,21,17,2,2,1.9
ATT001344,EMP0112,2025-12-01 00:00:00,23,22,0,1,18.7
ATT001345,EMP0113,2025-01-01 00:00:00,22,18,1,3,13.2
ATT001346,EMP0113,2025-02-01 00:00:00,21,17,0,4,3.8
ATT001347,EMP0113,2025-03-01 00:00:00,20,17,1,2,2
ATT001348,EMP0113,2025-04-01 00:00:00,22,19,1,2,12.1
ATT001349,EMP0113,2025-05-01 00:00:00,21,20,0,1,2.4
ATT001350,EMP0113,2025-06-01 00:00:00,21,17,0,4,3.5
ATT001351,EMP0113,2025-07-01 00:00:00,23,21,0,2,4.3
ATT001352,EMP0113,2025-08-01 00:00:00,21,21,0,0,1.7
ATT001353,EMP0113,2025-09-01 00:00:00,22,21,1,0,11.6
ATT001354,EMP0113,2025-10-01 00:00:00,22,21,1,0,2.9
ATT001355,EMP0113,2025-11-01 00:00:00,21,16,3,2,19.3
ATT001356,EMP0113,2025-12-01 00:00:00,21,18,0,3,4.9
ATT001357,EMP0114,2025-01-01 00:00:00,21,19,2,0,0
ATT001358,EMP0114,2025-02-01 00:00:00,20,16,1,3,12.2
ATT001359,EMP0114,2025-03-01 00:00:00,20,17,1,2,12.1
ATT001360,EMP0114,2025-04-01 00:00:00,22,17,3,2,5.5
ATT001361,EMP0114,2025-05-01 00:00:00,22,21,0,1,12.2
ATT001362,EMP0114,2025-06-01 00:00:00,21,20,0,1,14.3
ATT001363,EMP0114,2025-07-01 00:00:00,21,21,0,0,5.5
ATT001364,EMP0114,2025-08-01 00:00:00,22,21,0,1,4.8
ATT001365,EMP0114,2025-09-01 00:00:00,22,21,0,1,7.8
ATT001366,EMP0114,2025-10-01 00:00:00,22,18,1,3,7.3
ATT001367,EMP0114,2025-11-01 00:00:00,22,19,2,1,0
ATT001368,EMP0114,2025-12-01 00:00:00,21,18,2,1,20.4
ATT001369,EMP0115,2025-01-01 00:00:00,22,22,0,0,9.5
ATT001370,EMP0115,2025-02-01 00:00:00,22,21,0,1,12.7
ATT001371,EMP0115,2025-03-01 00:00:00,22,19,0,3,18.3
ATT001372,EMP0115,2025-04-01 00:00:00,22,20,1,1,10.5
ATT001373,EMP0115,2025-05-01 00:00:00,22,18,0,4,11.5
ATT001374,EMP0115,2025-06-01 00:00:00,22,18,1,3,0
ATT001375,EMP0115,2025-07-01 00:00:00,21,19,1,1,7.1
ATT001376,EMP0115,2025-08-01 00:00:00,23,20,1,2,9.5
ATT001377,EMP0115,2025-09-01 00:00:00,23,21,2,0,11.8
ATT001378,EMP0115,2025-10-01 00:00:00,21,21,0,0,9.7
ATT001379,EMP0115,2025-11-01 00:00:00,22,20,2,0,10.7
ATT001380,EMP0115,2025-12-01 00:00:00,21,19,0,2,12.1
ATT001381,EMP0116,2025-01-01 00:00:00,22,20,0,2,3.8
ATT001382,EMP0116,2025-02-01 00:00:00,20,19,0,1,14.7
ATT001383,EMP0116,2025-03-01 00:00:00,20,18,1,1,16.5
ATT001384,EMP0116,2025-04-01 00:00:00,22,20,2,0,2.8
ATT001385,EMP0116,2025-05-01 00:00:00,23,21,0,2,7.1
ATT001386,EMP0116,2025-06-01 00:00:00,21,20,0,1,0.4
ATT001387,EMP0116,2025-07-01 00:00:00,22,21,0,1,9.2
ATT001388,EMP0116,2025-08-01 00:00:00,22,22,0,0,5.6
ATT001389,EMP0116,2025-09-01 00:00:00,22,22,0,0,6.4
ATT001390,EMP0116,2025-10-01 00:00:00,21,18,1,2,9.8
ATT001391,EMP0116,2025-11-01 00:00:00,23,21,1,1,6.1
ATT001392,EMP0116,2025-12-01 00:00:00,21,18,2,1,10.5
ATT001393,EMP0117,2025-01-01 00:00:00,22,22,0,0,9.2
ATT001394,EMP0117,2025-02-01 00:00:00,23,20,0,3,9.4
ATT001395,EMP0117,2025-03-01 00:00:00,21,18,1,2,4.7
ATT001396,EMP0117,2025-04-01 00:00:00,21,20,0,1,4.7
ATT001397,EMP0117,2025-05-01 00:00:00,23,22,0,1,11
ATT001398,EMP0117,2025-06-01 00:00:00,22,19,1,2,12.2
ATT001399,EMP0117,2025-07-01 00:00:00,22,20,1,1,0
ATT001400,EMP0117,2025-08-01 00:00:00,21,19,2,0,4.5
ATT001401,EMP0117,2025-09-01 00:00:00,21,19,0,2,0
ATT001402,EMP0117,2025-10-01 00:00:00,22,22,0,0,17.7
ATT001403,EMP0117,2025-11-01 00:00:00,22,22,0,0,15.3
ATT001404,EMP0117,2025-12-01 00:00:00,21,15,1,5,5.7
ATT001405,EMP0118,2025-01-01 00:00:00,22,21,1,0,6.1
ATT001406,EMP0118,2025-02-01 00:00:00,21,20,1,0,7.7
ATT001407,EMP0118,2025-03-01 00:00:00,23,23,0,0,0
ATT001408,EMP0118,2025-04-01 00:00:00,21,19,1,1,13.8
ATT001409,EMP0118,2025-05-01 00:00:00,21,18,0,3,7.3
ATT001410,EMP0118,2025-06-01 00:00:00,22,19,0,3,6.7
ATT001411,EMP0118,2025-07-01 00:00:00,21,18,0,3,0
ATT001412,EMP0118,2025-08-01 00:00:00,23,22,0,1,0
ATT001413,EMP0118,2025-09-01 00:00:00,22,20,1,1,17.5
ATT001414,EMP0118,2025-10-01 00:00:00,22,21,0,1,16.2
ATT001415,EMP0118,2025-11-01 00:00:00,23,19,2,2,12.1
ATT001416,EMP0118,2025-12-01 00:00:00,22,20,1,1,10
ATT001417,EMP0119,2025-01-01 00:00:00,21,20,0,1,10.6
ATT001418,EMP0119,2025-02-01 00:00:00,22,20,1,1,4.8
ATT001419,EMP0119,2025-03-01 00:00:00,21,18,2,1,12.6
ATT001420,EMP0119,2025-04-01 00:00:00,22,19,1,2,8.8
ATT001421,EMP0119,2025-05-01 00:00:00,21,19,1,1,0.4
ATT001422,EMP0119,2025-06-01 00:00:00,21,21,0,0,7.2
ATT001423,EMP0119,2025-07-01 00:00:00,20,15,1,4,0.8
ATT001424,EMP0119,2025-08-01 00:00:00,22,20,2,0,16.7
ATT001425,EMP0119,2025-09-01 00:00:00,20,17,1,2,14.1
ATT001426,EMP0119,2025-10-01 00:00:00,20,16,2,2,13.4
ATT001427,EMP0119,2025-11-01 00:00:00,21,18,1,2,6.9
ATT001428,EMP0119,2025-12-01 00:00:00,23,20,3,0,4.4
ATT001429,EMP0120,2025-01-01 00:00:00,22,21,0,1,6
ATT001430,EMP0120,2025-02-01 00:00:00,22,21,1,0,4
ATT001431,EMP0120,2025-03-01 00:00:00,21,19,0,2,7.1
ATT001432,EMP0120,2025-04-01 00:00:00,20,17,2,1,18.3
ATT001433,EMP0120,2025-05-01 00:00:00,22,19,1,2,13.5
ATT001434,EMP0120,2025-06-01 00:00:00,22,19,0,3,11.3
ATT001435,EMP0120,2025-07-01 00:00:00,22,19,1,2,5.4
ATT001436,EMP0120,2025-08-01 00:00:00,21,18,0,3,8.2
ATT001437,EMP0120,2025-09-01 00:00:00,23,19,2,2,9.7
ATT001438,EMP0120,2025-10-01 00:00:00,22,19,2,1,15.1
ATT001439,EMP0120,2025-11-01 00:00:00,22,19,2,1,3.8
ATT001440,EMP0120,2025-12-01 00:00:00,23,18,2,3,7.5
ATT001441,EMP0121,2025-01-01 00:00:00,21,18,1,2,5.6
ATT001442,EMP0121,2025-02-01 00:00:00,22,19,1,2,4.6
ATT001443,EMP0121,2025-03-01 00:00:00,22,20,1,1,10.1
ATT001444,EMP0121,2025-04-01 00:00:00,21,18,2,1,6.8
ATT001445,EMP0121,2025-05-01 00:00:00,21,20,0,1,8.4
ATT001446,EMP0121,2025-06-01 00:00:00,22,19,3,0,10.6
ATT001447,EMP0121,2025-07-01 00:00:00,22,22,0,0,16.9
ATT001448,EMP0121,2025-08-01 00:00:00,20,17,0,3,0
ATT001449,EMP0121,2025-09-01 00:00:00,22,17,1,4,9.4
ATT001450,EMP0121,2025-10-01 00:00:00,21,20,1,0,9.2
ATT001451,EMP0121,2025-11-01 00:00:00,22,21,0,1,0
ATT001452,EMP0121,2025-12-01 00:00:00,21,18,0,3,8.5
ATT001453,EMP0122,2025-01-01 00:00:00,20,18,1,1,14.6
ATT001454,EMP0122,2025-02-01 00:00:00,21,20,0,1,0
ATT001455,EMP0122,2025-03-01 00:00:00,22,19,1,2,11.3
ATT001456,EMP0122,2025-04-01 00:00:00,22,22,0,0,11.7
ATT001457,EMP0122,2025-05-01 00:00:00,20,15,2,3,3.3
ATT001458,EMP0122,2025-06-01 00:00:00,20,16,3,1,0
ATT001459,EMP0122,2025-07-01 00:00:00,22,21,0,1,0.5
ATT001460,EMP0122,2025-08-01 00:00:00,22,19,3,0,7.2
ATT001461,EMP0122,2025-09-01 00:00:00,22,21,0,1,5.1
ATT001462,EMP0122,2025-10-01 00:00:00,22,19,1,2,14.7
ATT001463,EMP0122,2025-11-01 00:00:00,21,21,0,0,9.5
ATT001464,EMP0122,2025-12-01 00:00:00,21,19,0,2,1.4
ATT001465,EMP0123,2025-01-01 00:00:00,22,17,0,5,1.4
ATT001466,EMP0123,2025-02-01 00:00:00,21,16,0,5,13.3
ATT001467,EMP0123,2025-03-01 00:00:00,22,20,0,2,11.5
ATT001468,EMP0123,2025-04-01 00:00:00,22,18,1,3,7.6
ATT001469,EMP0123,2025-05-01 00:00:00,23,22,0,1,0
ATT001470,EMP0123,2025-06-01 00:00:00,22,22,0,0,7
ATT001471,EMP0123,2025-07-01 00:00:00,22,20,0,2,8.2
ATT001472,EMP0123,2025-08-01 00:00:00,22,18,1,3,1.2
ATT001473,EMP0123,2025-09-01 00:00:00,21,18,2,1,5.1
ATT001474,EMP0123,2025-10-01 00:00:00,22,22,0,0,9
ATT001475,EMP0123,2025-11-01 00:00:00,22,19,1,2,2.6
ATT001476,EMP0123,2025-12-01 00:00:00,23,20,0,3,0
ATT001477,EMP0124,2025-01-01 00:00:00,21,18,1,2,3.2
ATT001478,EMP0124,2025-02-01 00:00:00,22,18,1,3,2.9
ATT001479,EMP0124,2025-03-01 00:00:00,21,16,0,5,9.8
ATT001480,EMP0124,2025-04-01 00:00:00,21,21,0,0,5.2
ATT001481,EMP0124,2025-05-01 00:00:00,23,18,2,3,9
ATT001482,EMP0124,2025-06-01 00:00:00,22,19,1,2,4.5
ATT001483,EMP0124,2025-07-01 00:00:00,21,18,1,2,19.2
ATT001484,EMP0124,2025-08-01 00:00:00,23,22,1,0,14.5
ATT001485,EMP0124,2025-09-01 00:00:00,23,22,0,1,8.9
ATT001486,EMP0124,2025-10-01 00:00:00,21,17,0,4,17.6
ATT001487,EMP0124,2025-11-01 00:00:00,21,18,2,1,9.6
ATT001488,EMP0124,2025-12-01 00:00:00,23,20,0,3,8.2
ATT001489,EMP0125,2025-01-01 00:00:00,23,16,2,5,7.5
ATT001490,EMP0125,2025-02-01 00:00:00,22,19,0,3,8.7
ATT001491,EMP0125,2025-03-01 00:00:00,20,18,0,2,5
ATT001492,EMP0125,2025-04-01 00:00:00,21,20,1,0,10.6
ATT001493,EMP0125,2025-05-01 00:00:00,23,20,2,1,0
ATT001494,EMP0125,2025-06-01 00:00:00,22,18,1,3,8.4
ATT001495,EMP0125,2025-07-01 00:00:00,23,21,1,1,6
ATT001496,EMP0125,2025-08-01 00:00:00,23,19,0,4,14
ATT001497,EMP0125,2025-09-01 00:00:00,22,19,1,2,16.2
ATT001498,EMP0125,2025-10-01 00:00:00,23,20,1,2,0
ATT001499,EMP0125,2025-11-01 00:00:00,21,20,1,0,3.1
ATT001500,EMP0125,2025-12-01 00:00:00,22,18,0,4,4.1
ATT001501,EMP0126,2025-01-01 00:00:00,23,23,0,0,1.1
ATT001502,EMP0126,2025-02-01 00:00:00,22,17,0,5,12.5
ATT001503,EMP0126,2025-03-01 00:00:00,22,20,1,1,10.1
ATT001504,EMP0126,2025-04-01 00:00:00,20,17,3,0,10.4
ATT001505,EMP0126,2025-05-01 00:00:00,22,20,2,0,14.2
ATT001506,EMP0126,2025-06-01 00:00:00,22,19,2,1,2.5
ATT001507,EMP0126,2025-07-01 00:00:00,21,19,0,2,12.1
ATT001508,EMP0126,2025-08-01 00:00:00,23,19,1,3,6.5
ATT001509,EMP0126,2025-09-01 00:00:00,23,20,1,2,8.6
ATT001510,EMP0126,2025-10-01 00:00:00,22,21,1,0,21.1
ATT001511,EMP0126,2025-11-01 00:00:00,21,19,1,1,3.8
ATT001512,EMP0126,2025-12-01 00:00:00,21,21,0,0,11.5
ATT001513,EMP0127,2025-01-01 00:00:00,20,19,1,0,2.4
ATT001514,EMP0127,2025-02-01 00:00:00,22,19,0,3,0.6
ATT001515,EMP0127,2025-03-01 00:00:00,21,19,0,2,11.2
ATT001516,EMP0127,2025-04-01 00:00:00,21,18,1,2,16.2
ATT001517,EMP0127,2025-05-01 00:00:00,22,19,0,3,3.3
ATT001518,EMP0127,2025-06-01 00:00:00,22,19,2,1,6.4
ATT001519,EMP0127,2025-07-01 00:00:00,21,17,2,2,7.5
ATT001520,EMP0127,2025-08-01 00:00:00,21,16,1,4,6.2
ATT001521,EMP0127,2025-09-01 00:00:00,22,21,1,0,8.5
ATT001522,EMP0127,2025-10-01 00:00:00,21,19,0,2,15.3
ATT001523,EMP0127,2025-11-01 00:00:00,22,19,0,3,11.2
ATT001524,EMP0127,2025-12-01 00:00:00,22,20,0,2,8
ATT001525,EMP0128,2025-01-01 00:00:00,21,20,0,1,18.8
ATT001526,EMP0128,2025-02-01 00:00:00,21,18,0,3,10.6
ATT001527,EMP0128,2025-03-01 00:00:00,22,20,1,1,7.3
ATT001528,EMP0128,2025-04-01 00:00:00,22,18,1,3,5.1
ATT001529,EMP0128,2025-05-01 00:00:00,21,21,0,0,15.1
ATT001530,EMP0128,2025-06-01 00:00:00,22,22,0,0,3.5
ATT001531,EMP0128,2025-07-01 00:00:00,22,20,1,1,10.1
ATT001532,EMP0128,2025-08-01 00:00:00,22,17,1,4,7.2
ATT001533,EMP0128,2025-09-01 00:00:00,22,19,1,2,8.8
ATT001534,EMP0128,2025-10-01 00:00:00,22,20,2,0,11.1
ATT001535,EMP0128,2025-11-01 00:00:00,21,18,2,1,11.5
ATT001536,EMP0128,2025-12-01 00:00:00,22,16,3,3,2.7
ATT001537,EMP0129,2025-01-01 00:00:00,22,19,0,3,5.8
ATT001538,EMP0129,2025-02-01 00:00:00,22,18,1,3,10.1
ATT001539,EMP0129,2025-03-01 00:00:00,23,22,1,0,7.6
ATT001540,EMP0129,2025-04-01 00:00:00,21,19,1,1,2.7
ATT001541,EMP0129,2025-05-01 00:00:00,23,20,1,2,0.6
ATT001542,EMP0129,2025-06-01 00:00:00,23,20,0,3,4.6
ATT001543,EMP0129,2025-07-01 00:00:00,21,16,1,4,0.3
ATT001544,EMP0129,2025-08-01 00:00:00,23,19,2,2,7
ATT001545,EMP0129,2025-09-01 00:00:00,22,18,0,4,11.4
ATT001546,EMP0129,2025-10-01 00:00:00,21,20,0,1,7.2
ATT001547,EMP0129,2025-11-01 00:00:00,20,18,1,1,1.2
ATT001548,EMP0129,2025-12-01 00:00:00,23,22,0,1,12.7
ATT001549,EMP0130,2025-01-01 00:00:00,21,19,0,2,12.3
ATT001550,EMP0130,2025-02-01 00:00:00,21,19,0,2,4.1
ATT001551,EMP0130,2025-03-01 00:00:00,22,20,0,2,13
ATT001552,EMP0130,2025-04-01 00:00:00,21,17,2,2,9.2
ATT001553,EMP0130,2025-05-01 00:00:00,22,21,0,1,15.1
ATT001554,EMP0130,2025-06-01 00:00:00,23,22,0,1,16.2
ATT001555,EMP0130,2025-07-01 00:00:00,21,19,1,1,7.5
ATT001556,EMP0130,2025-08-01 00:00:00,23,22,0,1,19.7
ATT001557,EMP0130,2025-09-01 00:00:00,22,20,2,0,7.4
ATT001558,EMP0130,2025-10-01 00:00:00,22,18,2,2,8.1
ATT001559,EMP0130,2025-11-01 00:00:00,20,17,2,1,9.7
ATT001560,EMP0130,2025-12-01 00:00:00,22,17,0,5,7.8
ATT001561,EMP0131,2025-01-01 00:00:00,21,20,0,1,6
ATT001562,EMP0131,2025-02-01 00:00:00,21,20,0,1,12.9
ATT001563,EMP0131,2025-03-01 00:00:00,22,21,1,0,2.5
ATT001564,EMP0131,2025-04-01 00:00:00,20,15,2,3,3.1
ATT001565,EMP0131,2025-05-01 00:00:00,22,19,0,3,2.7
ATT001566,EMP0131,2025-06-01 00:00:00,22,19,0,3,7.1
ATT001567,EMP0131,2025-07-01 00:00:00,22,21,0,1,6
ATT001568,EMP0131,2025-08-01 00:00:00,21,18,1,2,17.3
ATT001569,EMP0131,2025-09-01 00:00:00,20,20,0,0,9.2
ATT001570,EMP0131,2025-10-01 00:00:00,21,19,0,2,13.4
ATT001571,EMP0131,2025-11-01 00:00:00,23,22,0,1,17.6
ATT001572,EMP0131,2025-12-01 00:00:00,22,21,0,1,3.4
ATT001573,EMP0132,2025-01-01 00:00:00,22,21,0,1,9.2
ATT001574,EMP0132,2025-02-01 00:00:00,23,19,2,2,8
ATT001575,EMP0132,2025-03-01 00:00:00,22,20,1,1,16.4
ATT001576,EMP0132,2025-04-01 00:00:00,22,18,0,4,2.3
ATT001577,EMP0132,2025-05-01 00:00:00,21,16,2,3,3.2
ATT001578,EMP0132,2025-06-01 00:00:00,20,17,0,3,9.7
ATT001579,EMP0132,2025-07-01 00:00:00,22,20,0,2,11.6
ATT001580,EMP0132,2025-08-01 00:00:00,21,16,0,5,9.3
ATT001581,EMP0132,2025-09-01 00:00:00,21,20,0,1,4.7
ATT001582,EMP0132,2025-10-01 00:00:00,20,15,2,3,0
ATT001583,EMP0132,2025-11-01 00:00:00,23,23,0,0,0
ATT001584,EMP0132,2025-12-01 00:00:00,21,19,0,2,6
ATT001585,EMP0133,2025-01-01 00:00:00,23,20,1,2,1.8
ATT001586,EMP0133,2025-02-01 00:00:00,21,16,1,4,9
ATT001587,EMP0133,2025-03-01 00:00:00,21,20,0,1,5.9
ATT001588,EMP0133,2025-04-01 00:00:00,21,21,0,0,5.1
ATT001589,EMP0133,2025-05-01 00:00:00,22,18,0,4,0
ATT001590,EMP0133,2025-06-01 00:00:00,22,19,2,1,6.9
ATT001591,EMP0133,2025-07-01 00:00:00,22,18,1,3,11.5
ATT001592,EMP0133,2025-08-01 00:00:00,21,16,3,2,1.9
ATT001593,EMP0133,2025-09-01 00:00:00,21,21,0,0,17
ATT001594,EMP0133,2025-10-01 00:00:00,22,21,1,0,5.5
ATT001595,EMP0133,2025-11-01 00:00:00,21,18,2,1,0
ATT001596,EMP0133,2025-12-01 00:00:00,22,22,0,0,1.3
ATT001597,EMP0134,2025-01-01 00:00:00,22,18,2,2,14.6
ATT001598,EMP0134,2025-02-01 00:00:00,22,20,2,0,5.7
ATT001599,EMP0134,2025-03-01 00:00:00,22,20,1,1,3.7
ATT001600,EMP0134,2025-04-01 00:00:00,23,22,0,1,10.6
ATT001601,EMP0134,2025-05-01 00:00:00,22,20,1,1,7.2
ATT001602,EMP0134,2025-06-01 00:00:00,21,16,0,5,5.4
ATT001603,EMP0134,2025-07-01 00:00:00,20,19,0,1,8.6
ATT001604,EMP0134,2025-08-01 00:00:00,22,20,2,0,10.6
ATT001605,EMP0134,2025-09-01 00:00:00,22,16,3,3,8
ATT001606,EMP0134,2025-10-01 00:00:00,22,17,3,2,0.8
ATT001607,EMP0134,2025-11-01 00:00:00,21,19,2,0,15.2
ATT001608,EMP0134,2025-12-01 00:00:00,21,16,0,5,10.1
ATT001609,EMP0135,2025-01-01 00:00:00,22,18,0,4,3.3
ATT001610,EMP0135,2025-02-01 00:00:00,22,21,1,0,8.5
ATT001611,EMP0135,2025-03-01 00:00:00,22,20,0,2,14.9
ATT001612,EMP0135,2025-04-01 00:00:00,22,21,0,1,0
ATT001613,EMP0135,2025-05-01 00:00:00,21,19,0,2,10.7
ATT001614,EMP0135,2025-06-01 00:00:00,21,17,2,2,6.7
ATT001615,EMP0135,2025-07-01 00:00:00,20,17,0,3,15.3
ATT001616,EMP0135,2025-08-01 00:00:00,22,20,1,1,2.5
ATT001617,EMP0135,2025-09-01 00:00:00,23,21,1,1,0.1
ATT001618,EMP0135,2025-10-01 00:00:00,22,16,1,5,0
ATT001619,EMP0135,2025-11-01 00:00:00,22,21,1,0,6.5
ATT001620,EMP0135,2025-12-01 00:00:00,22,20,1,1,0
ATT001621,EMP0136,2025-01-01 00:00:00,22,21,0,1,11.1
ATT001622,EMP0136,2025-02-01 00:00:00,22,21,0,1,9.3
ATT001623,EMP0136,2025-03-01 00:00:00,23,23,0,0,0
ATT001624,EMP0136,2025-04-01 00:00:00,21,18,2,1,0
ATT001625,EMP0136,2025-05-01 00:00:00,21,19,2,0,7.9
ATT001626,EMP0136,2025-06-01 00:00:00,21,18,1,2,13.9
ATT001627,EMP0136,2025-07-01 00:00:00,22,20,1,1,8.4
ATT001628,EMP0136,2025-08-01 00:00:00,21,19,1,1,22.4
ATT001629,EMP0136,2025-09-01 00:00:00,21,21,0,0,5.7
ATT001630,EMP0136,2025-10-01 00:00:00,21,17,3,1,13.2
ATT001631,EMP0136,2025-11-01 00:00:00,23,16,2,5,2.8
ATT001632,EMP0136,2025-12-01 00:00:00,22,20,0,2,0
ATT001633,EMP0137,2025-01-01 00:00:00,21,19,2,0,10.3
ATT001634,EMP0137,2025-02-01 00:00:00,22,18,2,2,18.5
ATT001635,EMP0137,2025-03-01 00:00:00,23,21,0,2,16
ATT001636,EMP0137,2025-04-01 00:00:00,23,20,1,2,3.3
ATT001637,EMP0137,2025-05-01 00:00:00,22,22,0,0,6.5
ATT001638,EMP0137,2025-06-01 00:00:00,20,20,0,0,0.9
ATT001639,EMP0137,2025-07-01 00:00:00,22,20,0,2,7.1
ATT001640,EMP0137,2025-08-01 00:00:00,20,18,0,2,14.1
ATT001641,EMP0137,2025-09-01 00:00:00,21,18,2,1,16.4
ATT001642,EMP0137,2025-10-01 00:00:00,22,20,1,1,3.1
ATT001643,EMP0137,2025-11-01 00:00:00,21,19,2,0,10.6
ATT001644,EMP0137,2025-12-01 00:00:00,22,20,0,2,6.3
ATT001645,EMP0138,2025-01-01 00:00:00,22,20,0,2,7.1
ATT001646,EMP0138,2025-02-01 00:00:00,22,20,1,1,0
ATT001647,EMP0138,2025-03-01 00:00:00,21,19,1,1,7.3
ATT001648,EMP0138,2025-04-01 00:00:00,22,22,0,0,9.6
ATT001649,EMP0138,2025-05-01 00:00:00,21,20,1,0,14.5
ATT001650,EMP0138,2025-06-01 00:00:00,22,20,1,1,15.9
ATT001651,EMP0138,2025-07-01 00:00:00,21,20,0,1,6.2
ATT001652,EMP0138,2025-08-01 00:00:00,22,20,1,1,13.4
ATT001653,EMP0138,2025-09-01 00:00:00,22,20,0,2,10.8
ATT001654,EMP0138,2025-10-01 00:00:00,23,21,0,2,7.8
ATT001655,EMP0138,2025-11-01 00:00:00,22,22,0,0,7.4
ATT001656,EMP0138,2025-12-01 00:00:00,22,18,0,4,6.5
ATT001657,EMP0139,2025-01-01 00:00:00,22,15,2,5,7.1
ATT001658,EMP0139,2025-02-01 00:00:00,21,20,1,0,11.2
ATT001659,EMP0139,2025-03-01 00:00:00,22,20,1,1,8.6
ATT001660,EMP0139,2025-04-01 00:00:00,20,19,0,1,3.3
ATT001661,EMP0139,2025-05-01 00:00:00,22,21,0,1,5.6
ATT001662,EMP0139,2025-06-01 00:00:00,22,18,1,3,13.1
ATT001663,EMP0139,2025-07-01 00:00:00,21,19,1,1,0
ATT001664,EMP0139,2025-08-01 00:00:00,22,19,0,3,11.4
ATT001665,EMP0139,2025-09-01 00:00:00,20,15,0,5,4.1
ATT001666,EMP0139,2025-10-01 00:00:00,21,20,0,1,6.4
ATT001667,EMP0139,2025-11-01 00:00:00,21,20,0,1,8
ATT001668,EMP0139,2025-12-01 00:00:00,21,18,2,1,6.9
ATT001669,EMP0140,2025-01-01 00:00:00,22,20,1,1,9.4
ATT001670,EMP0140,2025-02-01 00:00:00,22,18,2,2,3.4
ATT001671,EMP0140,2025-03-01 00:00:00,22,21,1,0,11.6
ATT001672,EMP0140,2025-04-01 00:00:00,23,22,1,0,12.5
ATT001673,EMP0140,2025-05-01 00:00:00,22,21,1,0,0
ATT001674,EMP0140,2025-06-01 00:00:00,22,20,1,1,7.8
ATT001675,EMP0140,2025-07-01 00:00:00,22,18,1,3,17.5
ATT001676,EMP0140,2025-08-01 00:00:00,23,19,2,2,1.3
ATT001677,EMP0140,2025-09-01 00:00:00,21,19,2,0,8.2
ATT001678,EMP0140,2025-10-01 00:00:00,20,20,0,0,9.1
ATT001679,EMP0140,2025-11-01 00:00:00,20,20,0,0,5.5
ATT001680,EMP0140,2025-12-01 00:00:00,22,19,2,1,2.8
ATT001681,EMP0141,2025-01-01 00:00:00,21,19,2,0,0
ATT001682,EMP0141,2025-02-01 00:00:00,20,17,1,2,0
ATT001683,EMP0141,2025-03-01 00:00:00,22,21,1,0,10.2
ATT001684,EMP0141,2025-04-01 00:00:00,21,20,1,0,8.1
ATT001685,EMP0141,2025-05-01 00:00:00,21,17,2,2,1.7
ATT001686,EMP0141,2025-06-01 00:00:00,20,19,0,1,3.9
ATT001687,EMP0141,2025-07-01 00:00:00,22,21,1,0,3.8
ATT001688,EMP0141,2025-08-01 00:00:00,23,19,0,4,6.6
ATT001689,EMP0141,2025-09-01 00:00:00,20,15,3,2,10.4
ATT001690,EMP0141,2025-10-01 00:00:00,21,18,1,2,6.6
ATT001691,EMP0141,2025-11-01 00:00:00,22,20,0,2,6.4
ATT001692,EMP0141,2025-12-01 00:00:00,22,22,0,0,6.8
ATT001693,EMP0142,2025-01-01 00:00:00,22,19,1,2,11.4
ATT001694,EMP0142,2025-02-01 00:00:00,22,21,0,1,2.4
ATT001695,EMP0142,2025-03-01 00:00:00,22,18,1,3,6.1
ATT001696,EMP0142,2025-04-01 00:00:00,22,21,0,1,6.8
ATT001697,EMP0142,2025-05-01 00:00:00,21,16,1,4,6.3
ATT001698,EMP0142,2025-06-01 00:00:00,20,19,0,1,9.1
ATT001699,EMP0142,2025-07-01 00:00:00,21,20,1,0,11.8
ATT001700,EMP0142,2025-08-01 00:00:00,20,20,0,0,15.5
ATT001701,EMP0142,2025-09-01 00:00:00,23,21,0,2,0.8
ATT001702,EMP0142,2025-10-01 00:00:00,21,21,0,0,1.1
ATT001703,EMP0142,2025-11-01 00:00:00,21,19,0,2,0
ATT001704,EMP0142,2025-12-01 00:00:00,23,22,1,0,10.7
ATT001705,EMP0143,2025-01-01 00:00:00,23,21,1,1,12.9
ATT001706,EMP0143,2025-02-01 00:00:00,23,16,3,4,12.1
ATT001707,EMP0143,2025-03-01 00:00:00,22,17,2,3,0
ATT001708,EMP0143,2025-04-01 00:00:00,22,21,1,0,4.4
ATT001709,EMP0143,2025-05-01 00:00:00,21,19,1,1,18.1
ATT001710,EMP0143,2025-06-01 00:00:00,20,19,0,1,3.5
ATT001711,EMP0143,2025-07-01 00:00:00,23,19,0,4,5.2
ATT001712,EMP0143,2025-08-01 00:00:00,23,22,1,0,8.7
ATT001713,EMP0143,2025-09-01 00:00:00,22,18,1,3,15.4
ATT001714,EMP0143,2025-10-01 00:00:00,22,17,0,5,9.7
ATT001715,EMP0143,2025-11-01 00:00:00,21,16,3,2,8.4
ATT001716,EMP0143,2025-12-01 00:00:00,20,18,1,1,11.1
ATT001717,EMP0144,2025-01-01 00:00:00,22,17,1,4,13.8
ATT001718,EMP0144,2025-02-01 00:00:00,22,21,1,0,9.5
ATT001719,EMP0144,2025-03-01 00:00:00,22,22,0,0,16.6
ATT001720,EMP0144,2025-04-01 00:00:00,21,19,1,1,2.2
ATT001721,EMP0144,2025-05-01 00:00:00,23,23,0,0,5.9
ATT001722,EMP0144,2025-06-01 00:00:00,21,19,2,0,1.7
ATT001723,EMP0144,2025-07-01 00:00:00,23,21,1,1,9.5
ATT001724,EMP0144,2025-08-01 00:00:00,22,19,2,1,6.3
ATT001725,EMP0144,2025-09-01 00:00:00,23,23,0,0,0.9
ATT001726,EMP0144,2025-10-01 00:00:00,22,20,0,2,7.8
ATT001727,EMP0144,2025-11-01 00:00:00,21,18,0,3,5.8
ATT001728,EMP0144,2025-12-01 00:00:00,23,19,2,2,17.4
ATT001729,EMP0145,2025-01-01 00:00:00,20,16,3,1,2.9
ATT001730,EMP0145,2025-02-01 00:00:00,21,16,2,3,15.1
ATT001731,EMP0145,2025-03-01 00:00:00,23,19,1,3,9
ATT001732,EMP0145,2025-04-01 00:00:00,21,20,1,0,0
ATT001733,EMP0145,2025-05-01 00:00:00,23,20,1,2,8.4
ATT001734,EMP0145,2025-06-01 00:00:00,21,20,0,1,8.4
ATT001735,EMP0145,2025-07-01 00:00:00,21,18,0,3,14.8
ATT001736,EMP0145,2025-08-01 00:00:00,22,19,1,2,17.8
ATT001737,EMP0145,2025-09-01 00:00:00,23,19,1,3,0
ATT001738,EMP0145,2025-10-01 00:00:00,22,21,0,1,15.8
ATT001739,EMP0145,2025-11-01 00:00:00,20,17,1,2,0.6
ATT001740,EMP0145,2025-12-01 00:00:00,21,18,2,1,4.6
ATT001741,EMP0146,2025-01-01 00:00:00,21,19,0,2,19.5
ATT001742,EMP0146,2025-02-01 00:00:00,21,20,0,1,8.2
ATT001743,EMP0146,2025-03-01 00:00:00,22,21,0,1,14.3
ATT001744,EMP0146,2025-04-01 00:00:00,23,19,0,4,4.8
ATT001745,EMP0146,2025-05-01 00:00:00,21,19,2,0,0
ATT001746,EMP0146,2025-06-01 00:00:00,22,21,0,1,11.1
ATT001747,EMP0146,2025-07-01 00:00:00,21,16,2,3,2.5
ATT001748,EMP0146,2025-08-01 00:00:00,20,18,1,1,0.6
ATT001749,EMP0146,2025-09-01 00:00:00,22,20,0,2,2.4
ATT001750,EMP0146,2025-10-01 00:00:00,22,18,0,4,0
ATT001751,EMP0146,2025-11-01 00:00:00,21,16,2,3,7.5
ATT001752,EMP0146,2025-12-01 00:00:00,21,16,1,4,7.2
ATT001753,EMP0147,2025-01-01 00:00:00,21,19,0,2,0.7
ATT001754,EMP0147,2025-02-01 00:00:00,21,20,0,1,12.5
ATT001755,EMP0147,2025-03-01 00:00:00,22,20,0,2,13.9
ATT001756,EMP0147,2025-04-01 00:00:00,22,18,1,3,10.2
ATT001757,EMP0147,2025-05-01 00:00:00,21,21,0,0,2.5
ATT001758,EMP0147,2025-06-01 00:00:00,20,19,1,0,2.1
ATT001759,EMP0147,2025-07-01 00:00:00,21,15,2,4,6.7
ATT001760,EMP0147,2025-08-01 00:00:00,21,18,2,1,16.9
ATT001761,EMP0147,2025-09-01 00:00:00,22,20,0,2,11.6
ATT001762,EMP0147,2025-10-01 00:00:00,21,18,0,3,5.3
ATT001763,EMP0147,2025-11-01 00:00:00,21,21,0,0,9.4
ATT001764,EMP0147,2025-12-01 00:00:00,22,17,3,2,6
ATT001765,EMP0148,2025-01-01 00:00:00,21,19,1,1,7.9
ATT001766,EMP0148,2025-02-01 00:00:00,23,22,0,1,3.6
ATT001767,EMP0148,2025-03-01 00:00:00,23,19,2,2,11
ATT001768,EMP0148,2025-04-01 00:00:00,23,20,2,1,2.8
ATT001769,EMP0148,2025-05-01 00:00:00,22,21,1,0,0
ATT001770,EMP0148,2025-06-01 00:00:00,22,18,2,2,5.8
ATT001771,EMP0148,2025-07-01 00:00:00,20,16,2,2,13.5
ATT001772,EMP0148,2025-08-01 00:00:00,22,19,0,3,14.8
ATT001773,EMP0148,2025-09-01 00:00:00,21,20,1,0,11.3
ATT001774,EMP0148,2025-10-01 00:00:00,21,19,0,2,6.3
ATT001775,EMP0148,2025-11-01 00:00:00,22,21,1,0,0
ATT001776,EMP0148,2025-12-01 00:00:00,21,18,2,1,0
ATT001777,EMP0149,2025-01-01 00:00:00,22,19,2,1,20.1
ATT001778,EMP0149,2025-02-01 00:00:00,22,15,3,4,7.4
ATT001779,EMP0149,2025-03-01 00:00:00,22,20,1,1,10.8
ATT001780,EMP0149,2025-04-01 00:00:00,22,21,0,1,14.3
ATT001781,EMP0149,2025-05-01 00:00:00,22,19,2,1,17.6
ATT001782,EMP0149,2025-06-01 00:00:00,23,17,2,4,13.1
ATT001783,EMP0149,2025-07-01 00:00:00,22,22,0,0,7.6
ATT001784,EMP0149,2025-08-01 00:00:00,21,21,0,0,9.2
ATT001785,EMP0149,2025-09-01 00:00:00,20,17,1,2,0.3
ATT001786,EMP0149,2025-10-01 00:00:00,21,20,0,1,16.9
ATT001787,EMP0149,2025-11-01 00:00:00,21,17,3,1,21.2
ATT001788,EMP0149,2025-12-01 00:00:00,22,19,2,1,3.7
ATT001789,EMP0150,2025-01-01 00:00:00,22,22,0,0,4.7
ATT001790,EMP0150,2025-02-01 00:00:00,22,19,2,1,0
ATT001791,EMP0150,2025-03-01 00:00:00,23,19,2,2,8.6
ATT001792,EMP0150,2025-04-01 00:00:00,21,18,0,3,4.2
ATT001793,EMP0150,2025-05-01 00:00:00,22,19,2,1,0
ATT001794,EMP0150,2025-06-01 00:00:00,22,22,0,0,10.1
ATT001795,EMP0150,2025-07-01 00:00:00,21,17,0,4,3.2
ATT001796,EMP0150,2025-08-01 00:00:00,22,21,0,1,12.6
ATT001797,EMP0150,2025-09-01 00:00:00,20,19,0,1,9.6
ATT001798,EMP0150,2025-10-01 00:00:00,22,20,0,2,14.1
ATT001799,EMP0150,2025-11-01 00:00:00,22,18,0,4,0
ATT001800,EMP0150,2025-12-01 00:00:00,21,20,1,0,0.9
ATT001801,EMP0151,2025-01-01 00:00:00,23,19,1,3,9.5
ATT001802,EMP0151,2025-02-01 00:00:00,20,19,1,0,3
ATT001803,EMP0151,2025-03-01 00:00:00,21,19,1,1,8
ATT001804,EMP0151,2025-04-01 00:00:00,22,20,1,1,5.6
ATT001805,EMP0151,2025-05-01 00:00:00,22,19,1,2,9.9
ATT001806,EMP0151,2025-06-01 00:00:00,22,22,0,0,0
ATT001807,EMP0151,2025-07-01 00:00:00,22,21,0,1,0
ATT001808,EMP0151,2025-08-01 00:00:00,22,19,2,1,7
ATT001809,EMP0151,2025-09-01 00:00:00,21,20,1,0,0.3
ATT001810,EMP0151,2025-10-01 00:00:00,21,19,1,1,0.9
ATT001811,EMP0151,2025-11-01 00:00:00,22,16,2,4,2.4
ATT001812,EMP0151,2025-12-01 00:00:00,22,18,0,4,18.5
ATT001813,EMP0152,2025-01-01 00:00:00,23,20,1,2,7.6
ATT001814,EMP0152,2025-02-01 00:00:00,22,22,0,0,2.3
ATT001815,EMP0152,2025-03-01 00:00:00,23,20,2,1,3.1
ATT001816,EMP0152,2025-04-01 00:00:00,23,21,2,0,1.4
ATT001817,EMP0152,2025-05-01 00:00:00,21,17,0,4,12.3
ATT001818,EMP0152,2025-06-01 00:00:00,22,21,1,0,4.5
ATT001819,EMP0152,2025-07-01 00:00:00,22,20,1,1,7
ATT001820,EMP0152,2025-08-01 00:00:00,22,21,0,1,0.1
ATT001821,EMP0152,2025-09-01 00:00:00,21,19,1,1,3.3
ATT001822,EMP0152,2025-10-01 00:00:00,22,20,0,2,0
ATT001823,EMP0152,2025-11-01 00:00:00,20,16,2,2,12.3
ATT001824,EMP0152,2025-12-01 00:00:00,23,20,2,1,11.4
ATT001825,EMP0153,2025-01-01 00:00:00,22,20,1,1,6.2
ATT001826,EMP0153,2025-02-01 00:00:00,23,20,2,1,1.7
ATT001827,EMP0153,2025-03-01 00:00:00,22,18,3,1,1.5
ATT001828,EMP0153,2025-04-01 00:00:00,23,22,0,1,13
ATT001829,EMP0153,2025-05-01 00:00:00,22,18,0,4,9.1
ATT001830,EMP0153,2025-06-01 00:00:00,20,18,0,2,15.7
ATT001831,EMP0153,2025-07-01 00:00:00,22,19,0,3,13.3
ATT001832,EMP0153,2025-08-01 00:00:00,23,23,0,0,11.6
ATT001833,EMP0153,2025-09-01 00:00:00,22,20,0,2,0
ATT001834,EMP0153,2025-10-01 00:00:00,22,17,0,5,0
ATT001835,EMP0153,2025-11-01 00:00:00,21,19,0,2,1.3
ATT001836,EMP0153,2025-12-01 00:00:00,21,20,1,0,14.7
ATT001837,EMP0154,2025-01-01 00:00:00,23,20,3,0,0
ATT001838,EMP0154,2025-02-01 00:00:00,23,22,1,0,0.7
ATT001839,EMP0154,2025-03-01 00:00:00,22,17,0,5,5.8
ATT001840,EMP0154,2025-04-01 00:00:00,22,18,3,1,6.7
ATT001841,EMP0154,2025-05-01 00:00:00,20,17,0,3,14.9
ATT001842,EMP0154,2025-06-01 00:00:00,21,18,1,2,12.1
ATT001843,EMP0154,2025-07-01 00:00:00,20,13,2,5,20.2
ATT001844,EMP0154,2025-08-01 00:00:00,22,18,0,4,5.5
ATT001845,EMP0154,2025-09-01 00:00:00,22,20,0,2,18.4
ATT001846,EMP0154,2025-10-01 00:00:00,22,21,1,0,0
ATT001847,EMP0154,2025-11-01 00:00:00,20,20,0,0,16
ATT001848,EMP0154,2025-12-01 00:00:00,20,19,0,1,6
ATT001849,EMP0155,2025-01-01 00:00:00,21,17,0,4,0.5
ATT001850,EMP0155,2025-02-01 00:00:00,21,20,1,0,0.8
ATT001851,EMP0155,2025-03-01 00:00:00,22,20,1,1,8
ATT001852,EMP0155,2025-04-01 00:00:00,22,21,1,0,4.1
ATT001853,EMP0155,2025-05-01 00:00:00,22,20,0,2,15.8
ATT001854,EMP0155,2025-06-01 00:00:00,21,17,1,3,0
ATT001855,EMP0155,2025-07-01 00:00:00,22,18,0,4,8.1
ATT001856,EMP0155,2025-08-01 00:00:00,22,19,0,3,14.7
ATT001857,EMP0155,2025-09-01 00:00:00,23,19,1,3,11.8
ATT001858,EMP0155,2025-10-01 00:00:00,20,18,0,2,16.8
ATT001859,EMP0155,2025-11-01 00:00:00,21,21,0,0,11
ATT001860,EMP0155,2025-12-01 00:00:00,21,17,0,4,10.1
ATT001861,EMP0156,2025-01-01 00:00:00,23,21,1,1,10.7
ATT001862,EMP0156,2025-02-01 00:00:00,21,19,0,2,13.2
ATT001863,EMP0156,2025-03-01 00:00:00,22,21,0,1,10.4
ATT001864,EMP0156,2025-04-01 00:00:00,23,19,0,4,5.5
ATT001865,EMP0156,2025-05-01 00:00:00,23,21,1,1,10.4
ATT001866,EMP0156,2025-06-01 00:00:00,22,19,0,3,23.2
ATT001867,EMP0156,2025-07-01 00:00:00,22,21,0,1,11
ATT001868,EMP0156,2025-08-01 00:00:00,22,22,0,0,17.1
ATT001869,EMP0156,2025-09-01 00:00:00,20,18,1,1,15.8
ATT001870,EMP0156,2025-10-01 00:00:00,23,23,0,0,11
ATT001871,EMP0156,2025-11-01 00:00:00,22,21,0,1,13.1
ATT001872,EMP0156,2025-12-01 00:00:00,21,19,0,2,13.9
ATT001873,EMP0157,2025-01-01 00:00:00,20,18,0,2,16.4
ATT001874,EMP0157,2025-02-01 00:00:00,21,17,3,1,7.6
ATT001875,EMP0157,2025-03-01 00:00:00,22,18,3,1,8.2
ATT001876,EMP0157,2025-04-01 00:00:00,22,20,1,1,13.6
ATT001877,EMP0157,2025-05-01 00:00:00,22,21,1,0,21
ATT001878,EMP0157,2025-06-01 00:00:00,23,19,1,3,15.9
ATT001879,EMP0157,2025-07-01 00:00:00,21,20,0,1,4.4
ATT001880,EMP0157,2025-08-01 00:00:00,22,21,0,1,17.2
ATT001881,EMP0157,2025-09-01 00:00:00,21,21,0,0,4.6
ATT001882,EMP0157,2025-10-01 00:00:00,22,20,0,2,0
ATT001883,EMP0157,2025-11-01 00:00:00,22,18,2,2,2.1
ATT001884,EMP0157,2025-12-01 00:00:00,20,19,0,1,13.9
ATT001885,EMP0158,2025-01-01 00:00:00,22,20,2,0,9.5
ATT001886,EMP0158,2025-02-01 00:00:00,21,14,2,5,18.6
ATT001887,EMP0158,2025-03-01 00:00:00,21,17,2,2,12.8
ATT001888,EMP0158,2025-04-01 00:00:00,22,19,0,3,13.5
ATT001889,EMP0158,2025-05-01 00:00:00,22,21,0,1,0
ATT001890,EMP0158,2025-06-01 00:00:00,21,20,0,1,16.1
ATT001891,EMP0158,2025-07-01 00:00:00,21,20,0,1,9
ATT001892,EMP0158,2025-08-01 00:00:00,22,22,0,0,19.4
ATT001893,EMP0158,2025-09-01 00:00:00,22,22,0,0,16.5
ATT001894,EMP0158,2025-10-01 00:00:00,22,19,0,3,15.1
ATT001895,EMP0158,2025-11-01 00:00:00,22,20,1,1,0
ATT001896,EMP0158,2025-12-01 00:00:00,22,19,3,0,0
ATT001897,EMP0159,2025-01-01 00:00:00,22,21,1,0,14.5
ATT001898,EMP0159,2025-02-01 00:00:00,21,17,0,4,12.8
ATT001899,EMP0159,2025-03-01 00:00:00,21,19,1,1,10
ATT001900,EMP0159,2025-04-01 00:00:00,21,21,0,0,5.6
ATT001901,EMP0159,2025-05-01 00:00:00,21,18,0,3,9.1
ATT001902,EMP0159,2025-06-01 00:00:00,20,17,0,3,2.4
ATT001903,EMP0159,2025-07-01 00:00:00,21,17,1,3,7.7
ATT001904,EMP0159,2025-08-01 00:00:00,23,21,2,0,4.7
ATT001905,EMP0159,2025-09-01 00:00:00,22,19,1,2,13.5
ATT001906,EMP0159,2025-10-01 00:00:00,23,22,1,0,0
ATT001907,EMP0159,2025-11-01 00:00:00,21,19,0,2,6.4
ATT001908,EMP0159,2025-12-01 00:00:00,22,22,0,0,3.9
ATT001909,EMP0160,2025-01-01 00:00:00,22,17,3,2,14.4
ATT001910,EMP0160,2025-02-01 00:00:00,20,17,1,2,7.2
ATT001911,EMP0160,2025-03-01 00:00:00,23,17,1,5,6
ATT001912,EMP0160,2025-04-01 00:00:00,22,21,0,1,9.1
ATT001913,EMP0160,2025-05-01 00:00:00,21,21,0,0,8.2
ATT001914,EMP0160,2025-06-01 00:00:00,22,20,2,0,3.7
ATT001915,EMP0160,2025-07-01 00:00:00,22,20,1,1,17.1
ATT001916,EMP0160,2025-08-01 00:00:00,21,20,1,0,15.8
ATT001917,EMP0160,2025-09-01 00:00:00,21,20,0,1,16.4
ATT001918,EMP0160,2025-10-01 00:00:00,21,19,0,2,18.1
ATT001919,EMP0160,2025-11-01 00:00:00,22,22,0,0,10.8
ATT001920,EMP0160,2025-12-01 00:00:00,22,22,0,0,4.4
ATT001921,EMP0161,2025-01-01 00:00:00,22,19,2,1,7.6
ATT001922,EMP0161,2025-02-01 00:00:00,22,21,0,1,3
ATT001923,EMP0161,2025-03-01 00:00:00,21,19,0,2,2.7
ATT001924,EMP0161,2025-04-01 00:00:00,22,22,0,0,0
ATT001925,EMP0161,2025-05-01 00:00:00,22,18,2,2,6
ATT001926,EMP0161,2025-06-01 00:00:00,22,21,1,0,0
ATT001927,EMP0161,2025-07-01 00:00:00,23,22,1,0,19.7
ATT001928,EMP0161,2025-08-01 00:00:00,22,22,0,0,5.4
ATT001929,EMP0161,2025-09-01 00:00:00,22,22,0,0,11.2
ATT001930,EMP0161,2025-10-01 00:00:00,20,17,2,1,18.1
ATT001931,EMP0161,2025-11-01 00:00:00,22,20,0,2,9.5
ATT001932,EMP0161,2025-12-01 00:00:00,21,19,2,0,7.9
ATT001933,EMP0162,2025-01-01 00:00:00,23,20,0,3,8.2
ATT001934,EMP0162,2025-02-01 00:00:00,23,21,0,2,19.7
ATT001935,EMP0162,2025-03-01 00:00:00,20,18,1,1,4.4
ATT001936,EMP0162,2025-04-01 00:00:00,23,20,1,2,12.5
ATT001937,EMP0162,2025-05-01 00:00:00,22,20,0,2,12.4
ATT001938,EMP0162,2025-06-01 00:00:00,23,21,0,2,4.9
ATT001939,EMP0162,2025-07-01 00:00:00,21,17,2,2,4.9
ATT001940,EMP0162,2025-08-01 00:00:00,22,20,0,2,14.5
ATT001941,EMP0162,2025-09-01 00:00:00,20,17,0,3,7
ATT001942,EMP0162,2025-10-01 00:00:00,21,20,0,1,5.9
ATT001943,EMP0162,2025-11-01 00:00:00,22,21,0,1,0
ATT001944,EMP0162,2025-12-01 00:00:00,22,19,0,3,5.8
ATT001945,EMP0163,2025-01-01 00:00:00,21,18,2,1,17.5
ATT001946,EMP0163,2025-02-01 00:00:00,22,19,2,1,0.5
ATT001947,EMP0163,2025-03-01 00:00:00,21,20,0,1,14.2
ATT001948,EMP0163,2025-04-01 00:00:00,22,18,0,4,12.8
ATT001949,EMP0163,2025-05-01 00:00:00,20,18,1,1,7.6
ATT001950,EMP0163,2025-06-01 00:00:00,22,21,1,0,7
ATT001951,EMP0163,2025-07-01 00:00:00,20,20,0,0,8.6
ATT001952,EMP0163,2025-08-01 00:00:00,22,20,0,2,2.9
ATT001953,EMP0163,2025-09-01 00:00:00,22,19,2,1,8.8
ATT001954,EMP0163,2025-10-01 00:00:00,22,21,0,1,6.3
ATT001955,EMP0163,2025-11-01 00:00:00,20,15,1,4,13.9
ATT001956,EMP0163,2025-12-01 00:00:00,22,21,1,0,2.1
ATT001957,EMP0164,2025-01-01 00:00:00,21,17,1,3,15.9
ATT001958,EMP0164,2025-02-01 00:00:00,22,19,1,2,1.6
ATT001959,EMP0164,2025-03-01 00:00:00,21,18,1,2,5.9
ATT001960,EMP0164,2025-04-01 00:00:00,22,20,0,2,5.9
ATT001961,EMP0164,2025-05-01 00:00:00,22,21,1,0,12.9
ATT001962,EMP0164,2025-06-01 00:00:00,21,21,0,0,9.8
ATT001963,EMP0164,2025-07-01 00:00:00,23,19,0,4,18.5
ATT001964,EMP0164,2025-08-01 00:00:00,21,18,0,3,4.6
ATT001965,EMP0164,2025-09-01 00:00:00,22,19,0,3,11.3
ATT001966,EMP0164,2025-10-01 00:00:00,23,21,1,1,10.8
ATT001967,EMP0164,2025-11-01 00:00:00,22,20,0,2,7.8
ATT001968,EMP0164,2025-12-01 00:00:00,22,20,0,2,16.5
ATT001969,EMP0165,2025-01-01 00:00:00,21,17,1,3,7.5
ATT001970,EMP0165,2025-02-01 00:00:00,21,18,0,3,15.2
ATT001971,EMP0165,2025-03-01 00:00:00,23,22,1,0,4.9
ATT001972,EMP0165,2025-04-01 00:00:00,22,21,0,1,15.1
ATT001973,EMP0165,2025-05-01 00:00:00,23,21,1,1,0
ATT001974,EMP0165,2025-06-01 00:00:00,21,16,2,3,3.6
ATT001975,EMP0165,2025-07-01 00:00:00,22,17,1,4,7
ATT001976,EMP0165,2025-08-01 00:00:00,23,20,1,2,4.4
ATT001977,EMP0165,2025-09-01 00:00:00,22,17,1,4,0
ATT001978,EMP0165,2025-10-01 00:00:00,23,20,1,2,10.2
ATT001979,EMP0165,2025-11-01 00:00:00,20,17,0,3,5.5
ATT001980,EMP0165,2025-12-01 00:00:00,22,22,0,0,9.3
ATT001981,EMP0166,2025-01-01 00:00:00,23,18,1,4,9.5
ATT001982,EMP0166,2025-02-01 00:00:00,22,22,0,0,6.3
ATT001983,EMP0166,2025-03-01 00:00:00,22,22,0,0,0
ATT001984,EMP0166,2025-04-01 00:00:00,22,17,1,4,0.6
ATT001985,EMP0166,2025-05-01 00:00:00,23,22,0,1,16.2
ATT001986,EMP0166,2025-06-01 00:00:00,22,21,0,1,11
ATT001987,EMP0166,2025-07-01 00:00:00,20,15,1,4,0
ATT001988,EMP0166,2025-08-01 00:00:00,22,19,2,1,2.1
ATT001989,EMP0166,2025-09-01 00:00:00,22,21,0,1,6.8
ATT001990,EMP0166,2025-10-01 00:00:00,22,18,2,2,11.1
ATT001991,EMP0166,2025-11-01 00:00:00,22,22,0,0,0
ATT001992,EMP0166,2025-12-01 00:00:00,22,19,2,1,0
ATT001993,EMP0167,2025-01-01 00:00:00,22,22,0,0,11.6
ATT001994,EMP0167,2025-02-01 00:00:00,21,17,2,2,7.6
ATT001995,EMP0167,2025-03-01 00:00:00,22,18,0,4,0
ATT001996,EMP0167,2025-04-01 00:00:00,21,19,1,1,15.6
ATT001997,EMP0167,2025-05-01 00:00:00,21,20,1,0,13.1
ATT001998,EMP0167,2025-06-01 00:00:00,21,16,1,4,4
ATT001999,EMP0167,2025-07-01 00:00:00,23,22,1,0,4.1
ATT002000,EMP0167,2025-08-01 00:00:00,21,17,2,2,9.9
ATT002001,EMP0167,2025-09-01 00:00:00,22,21,1,0,10.1
ATT002002,EMP0167,2025-10-01 00:00:00,22,20,1,1,12.9
ATT002003,EMP0167,2025-11-01 00:00:00,23,19,1,3,0
ATT002004,EMP0167,2025-12-01 00:00:00,22,18,2,2,5.1
ATT002005,EMP0168,2025-01-01 00:00:00,21,21,0,0,13
ATT002006,EMP0168,2025-02-01 00:00:00,22,20,1,1,14
ATT002007,EMP0168,2025-03-01 00:00:00,20,14,1,5,19.8
ATT002008,EMP0168,2025-04-01 00:00:00,21,19,0,2,1.8
ATT002009,EMP0168,2025-05-01 00:00:00,23,22,1,0,17.9
ATT002010,EMP0168,2025-06-01 00:00:00,23,20,0,3,19.5
ATT002011,EMP0168,2025-07-01 00:00:00,23,20,0,3,0
ATT002012,EMP0168,2025-08-01 00:00:00,20,20,0,0,0
ATT002013,EMP0168,2025-09-01 00:00:00,20,16,0,4,4.1
ATT002014,EMP0168,2025-10-01 00:00:00,22,18,3,1,9.1
ATT002015,EMP0168,2025-11-01 00:00:00,22,20,2,0,4.6
ATT002016,EMP0168,2025-12-01 00:00:00,23,20,0,3,8.3
ATT002017,EMP0169,2025-01-01 00:00:00,22,21,0,1,11.3
ATT002018,EMP0169,2025-02-01 00:00:00,20,18,1,1,1.6
ATT002019,EMP0169,2025-03-01 00:00:00,20,20,0,0,4.1
ATT002020,EMP0169,2025-04-01 00:00:00,21,20,1,0,2.6
ATT002021,EMP0169,2025-05-01 00:00:00,22,19,2,1,0
ATT002022,EMP0169,2025-06-01 00:00:00,21,20,0,1,20.7
ATT002023,EMP0169,2025-07-01 00:00:00,20,17,1,2,0
ATT002024,EMP0169,2025-08-01 00:00:00,21,18,1,2,8
ATT002025,EMP0169,2025-09-01 00:00:00,22,19,1,2,14
ATT002026,EMP0169,2025-10-01 00:00:00,21,18,0,3,4.2
ATT002027,EMP0169,2025-11-01 00:00:00,22,19,2,1,9.2
ATT002028,EMP0169,2025-12-01 00:00:00,21,16,1,4,8.4
ATT002029,EMP0170,2025-01-01 00:00:00,21,16,1,4,20.4
ATT002030,EMP0170,2025-02-01 00:00:00,21,18,0,3,6.8
ATT002031,EMP0170,2025-03-01 00:00:00,22,17,2,3,0.8
ATT002032,EMP0170,2025-04-01 00:00:00,22,16,3,3,14
ATT002033,EMP0170,2025-05-01 00:00:00,21,19,2,0,15.9
ATT002034,EMP0170,2025-06-01 00:00:00,21,20,0,1,0
ATT002035,EMP0170,2025-07-01 00:00:00,23,21,1,1,12.2
ATT002036,EMP0170,2025-08-01 00:00:00,22,20,0,2,3.7
ATT002037,EMP0170,2025-09-01 00:00:00,22,21,1,0,8.9
ATT002038,EMP0170,2025-10-01 00:00:00,22,18,0,4,11.6
ATT002039,EMP0170,2025-11-01 00:00:00,23,19,0,4,1.2
ATT002040,EMP0170,2025-12-01 00:00:00,22,16,2,4,17.6
ATT002041,EMP0171,2025-01-01 00:00:00,22,19,2,1,10.6
ATT002042,EMP0171,2025-02-01 00:00:00,20,19,0,1,18.6
ATT002043,EMP0171,2025-03-01 00:00:00,21,20,0,1,6.5
ATT002044,EMP0171,2025-04-01 00:00:00,20,16,1,3,19.4
ATT002045,EMP0171,2025-05-01 00:00:00,21,15,1,5,8
ATT002046,EMP0171,2025-06-01 00:00:00,23,23,0,0,9.1
ATT002047,EMP0171,2025-07-01 00:00:00,20,19,0,1,5.8
ATT002048,EMP0171,2025-08-01 00:00:00,22,19,1,2,8
ATT002049,EMP0171,2025-09-01 00:00:00,21,18,1,2,5.8
ATT002050,EMP0171,2025-10-01 00:00:00,21,19,0,2,7.5
ATT002051,EMP0171,2025-11-01 00:00:00,23,22,0,1,4.5
ATT002052,EMP0171,2025-12-01 00:00:00,22,22,0,0,10.4
ATT002053,EMP0172,2025-01-01 00:00:00,21,19,0,2,7.7
ATT002054,EMP0172,2025-02-01 00:00:00,23,23,0,0,3.8
ATT002055,EMP0172,2025-03-01 00:00:00,22,18,2,2,12.2
ATT002056,EMP0172,2025-04-01 00:00:00,23,20,0,3,3.3
ATT002057,EMP0172,2025-05-01 00:00:00,21,18,1,2,4.7
ATT002058,EMP0172,2025-06-01 00:00:00,22,19,1,2,12.4
ATT002059,EMP0172,2025-07-01 00:00:00,22,20,1,1,7.4
ATT002060,EMP0172,2025-08-01 00:00:00,21,18,1,2,4.8
ATT002061,EMP0172,2025-09-01 00:00:00,21,17,1,3,11.5
ATT002062,EMP0172,2025-10-01 00:00:00,21,20,0,1,18.4
ATT002063,EMP0172,2025-11-01 00:00:00,21,20,1,0,12.8
ATT002064,EMP0172,2025-12-01 00:00:00,22,21,1,0,0
ATT002065,EMP0173,2025-01-01 00:00:00,20,16,1,3,9.7
ATT002066,EMP0173,2025-02-01 00:00:00,21,20,0,1,3.8
ATT002067,EMP0173,2025-03-01 00:00:00,21,19,1,1,11.7
ATT002068,EMP0173,2025-04-01 00:00:00,22,19,1,2,7.7
ATT002069,EMP0173,2025-05-01 00:00:00,22,19,2,1,13.8
ATT002070,EMP0173,2025-06-01 00:00:00,22,20,2,0,5.7
ATT002071,EMP0173,2025-07-01 00:00:00,21,16,3,2,10.9
ATT002072,EMP0173,2025-08-01 00:00:00,21,16,2,3,9.3
ATT002073,EMP0173,2025-09-01 00:00:00,20,16,1,3,11.4
ATT002074,EMP0173,2025-10-01 00:00:00,22,21,0,1,9.5
ATT002075,EMP0173,2025-11-01 00:00:00,22,20,0,2,23.1
ATT002076,EMP0173,2025-12-01 00:00:00,22,18,3,1,0.8
ATT002077,EMP0174,2025-01-01 00:00:00,22,21,0,1,10.6
ATT002078,EMP0174,2025-02-01 00:00:00,21,20,1,0,5.4
ATT002079,EMP0174,2025-03-01 00:00:00,22,21,1,0,8.8
ATT002080,EMP0174,2025-04-01 00:00:00,21,18,0,3,3.7
ATT002081,EMP0174,2025-05-01 00:00:00,20,19,0,1,4.6
ATT002082,EMP0174,2025-06-01 00:00:00,22,20,1,1,2.2
ATT002083,EMP0174,2025-07-01 00:00:00,22,19,1,2,9.7
ATT002084,EMP0174,2025-08-01 00:00:00,22,16,3,3,4.5
ATT002085,EMP0174,2025-09-01 00:00:00,22,19,1,2,10.1
ATT002086,EMP0174,2025-10-01 00:00:00,22,21,0,1,2.9
ATT002087,EMP0174,2025-11-01 00:00:00,23,19,0,4,4.8
ATT002088,EMP0174,2025-12-01 00:00:00,22,20,1,1,14.7
ATT002089,EMP0175,2025-01-01 00:00:00,23,19,0,4,12.7
ATT002090,EMP0175,2025-02-01 00:00:00,22,21,0,1,11.2
ATT002091,EMP0175,2025-03-01 00:00:00,22,19,0,3,16.6
ATT002092,EMP0175,2025-04-01 00:00:00,22,18,3,1,0
ATT002093,EMP0175,2025-05-01 00:00:00,23,21,0,2,13.6
ATT002094,EMP0175,2025-06-01 00:00:00,21,20,0,1,5.4
ATT002095,EMP0175,2025-07-01 00:00:00,22,21,0,1,11.9
ATT002096,EMP0175,2025-08-01 00:00:00,21,19,0,2,3.8
ATT002097,EMP0175,2025-09-01 00:00:00,21,18,0,3,9.7
ATT002098,EMP0175,2025-10-01 00:00:00,23,23,0,0,0
ATT002099,EMP0175,2025-11-01 00:00:00,23,22,1,0,5
ATT002100,EMP0175,2025-12-01 00:00:00,21,20,0,1,12.5
ATT002101,EMP0176,2025-01-01 00:00:00,23,21,0,2,8.8
ATT002102,EMP0176,2025-02-01 00:00:00,22,16,2,4,18.1
ATT002103,EMP0176,2025-03-01 00:00:00,21,20,1,0,4.9
ATT002104,EMP0176,2025-04-01 00:00:00,23,20,1,2,1
ATT002105,EMP0176,2025-05-01 00:00:00,20,19,0,1,0
ATT002106,EMP0176,2025-06-01 00:00:00,22,18,1,3,0.7
ATT002107,EMP0176,2025-07-01 00:00:00,22,17,1,4,10.9
ATT002108,EMP0176,2025-08-01 00:00:00,23,19,1,3,0
ATT002109,EMP0176,2025-09-01 00:00:00,23,22,1,0,6.1
ATT002110,EMP0176,2025-10-01 00:00:00,22,20,1,1,12.9
ATT002111,EMP0176,2025-11-01 00:00:00,23,21,1,1,6.6
ATT002112,EMP0176,2025-12-01 00:00:00,22,21,1,0,3.8
ATT002113,EMP0177,2025-01-01 00:00:00,22,21,0,1,10
ATT002114,EMP0177,2025-02-01 00:00:00,23,23,0,0,6
ATT002115,EMP0177,2025-03-01 00:00:00,20,17,1,2,1.7
ATT002116,EMP0177,2025-04-01 00:00:00,22,21,0,1,11.9
ATT002117,EMP0177,2025-05-01 00:00:00,22,20,2,0,3.4
ATT002118,EMP0177,2025-06-01 00:00:00,23,22,0,1,0
ATT002119,EMP0177,2025-07-01 00:00:00,21,19,0,2,1.8
ATT002120,EMP0177,2025-08-01 00:00:00,21,20,0,1,7.7
ATT002121,EMP0177,2025-09-01 00:00:00,21,17,0,4,7.4
ATT002122,EMP0177,2025-10-01 00:00:00,20,16,0,4,17.5
ATT002123,EMP0177,2025-11-01 00:00:00,22,22,0,0,0
ATT002124,EMP0177,2025-12-01 00:00:00,22,20,1,1,5.1
ATT002125,EMP0178,2025-01-01 00:00:00,20,16,2,2,18.1
ATT002126,EMP0178,2025-02-01 00:00:00,23,22,1,0,6.2
ATT002127,EMP0178,2025-03-01 00:00:00,21,21,0,0,9.5
ATT002128,EMP0178,2025-04-01 00:00:00,21,19,0,2,1.2
ATT002129,EMP0178,2025-05-01 00:00:00,20,18,0,2,3.8
ATT002130,EMP0178,2025-06-01 00:00:00,22,22,0,0,6.4
ATT002131,EMP0178,2025-07-01 00:00:00,22,19,2,1,0
ATT002132,EMP0178,2025-08-01 00:00:00,20,17,2,1,18
ATT002133,EMP0178,2025-09-01 00:00:00,22,18,0,4,10.9
ATT002134,EMP0178,2025-10-01 00:00:00,23,22,0,1,0.1
ATT002135,EMP0178,2025-11-01 00:00:00,22,19,2,1,11.2
ATT002136,EMP0178,2025-12-01 00:00:00,23,22,1,0,0
ATT002137,EMP0179,2025-01-01 00:00:00,21,19,0,2,9.4
ATT002138,EMP0179,2025-02-01 00:00:00,21,18,2,1,8.4
ATT002139,EMP0179,2025-03-01 00:00:00,20,19,1,0,19
ATT002140,EMP0179,2025-04-01 00:00:00,21,17,3,1,10.7
ATT002141,EMP0179,2025-05-01 00:00:00,21,19,1,1,8.6
ATT002142,EMP0179,2025-06-01 00:00:00,23,20,1,2,6.9
ATT002143,EMP0179,2025-07-01 00:00:00,22,21,1,0,6.6
ATT002144,EMP0179,2025-08-01 00:00:00,22,20,1,1,6.3
ATT002145,EMP0179,2025-09-01 00:00:00,22,21,1,0,10.6
ATT002146,EMP0179,2025-10-01 00:00:00,22,22,0,0,0
ATT002147,EMP0179,2025-11-01 00:00:00,21,20,0,1,7.7
ATT002148,EMP0179,2025-12-01 00:00:00,22,19,0,3,0
ATT002149,EMP0180,2025-01-01 00:00:00,21,19,1,1,7.7
ATT002150,EMP0180,2025-02-01 00:00:00,23,23,0,0,1.7
ATT002151,EMP0180,2025-03-01 00:00:00,22,20,2,0,11.6
ATT002152,EMP0180,2025-04-01 00:00:00,22,21,1,0,7.4
ATT002153,EMP0180,2025-05-01 00:00:00,21,19,1,1,12.2
ATT002154,EMP0180,2025-06-01 00:00:00,23,21,0,2,16.5
ATT002155,EMP0180,2025-07-01 00:00:00,22,17,3,2,18.2
ATT002156,EMP0180,2025-08-01 00:00:00,23,22,1,0,6.7
ATT002157,EMP0180,2025-09-01 00:00:00,22,20,0,2,18.6
ATT002158,EMP0180,2025-10-01 00:00:00,22,15,2,5,3
ATT002159,EMP0180,2025-11-01 00:00:00,22,19,1,2,6.3
ATT002160,EMP0180,2025-12-01 00:00:00,21,19,1,1,5.2
ATT002161,EMP0181,2025-01-01 00:00:00,21,18,2,1,8.6
ATT002162,EMP0181,2025-02-01 00:00:00,23,21,1,1,1.4
ATT002163,EMP0181,2025-03-01 00:00:00,23,22,1,0,14.6
ATT002164,EMP0181,2025-04-01 00:00:00,23,19,2,2,8.6
ATT002165,EMP0181,2025-05-01 00:00:00,22,21,1,0,7.2
ATT002166,EMP0181,2025-06-01 00:00:00,22,17,2,3,4.8
ATT002167,EMP0181,2025-07-01 00:00:00,21,15,1,5,0
ATT002168,EMP0181,2025-08-01 00:00:00,21,20,1,0,13.6
ATT002169,EMP0181,2025-09-01 00:00:00,22,17,2,3,23.1
ATT002170,EMP0181,2025-10-01 00:00:00,23,20,2,1,3.9
ATT002171,EMP0181,2025-11-01 00:00:00,22,20,1,1,11.7
ATT002172,EMP0181,2025-12-01 00:00:00,22,22,0,0,7.5
ATT002173,EMP0182,2025-01-01 00:00:00,22,19,0,3,2.9
ATT002174,EMP0182,2025-02-01 00:00:00,21,16,2,3,4.1
ATT002175,EMP0182,2025-03-01 00:00:00,22,21,0,1,10.1
ATT002176,EMP0182,2025-04-01 00:00:00,21,19,1,1,8.3
ATT002177,EMP0182,2025-05-01 00:00:00,22,20,0,2,12.6
ATT002178,EMP0182,2025-06-01 00:00:00,22,21,0,1,7.9
ATT002179,EMP0182,2025-07-01 00:00:00,22,22,0,0,8.5
ATT002180,EMP0182,2025-08-01 00:00:00,21,21,0,0,7.2
ATT002181,EMP0182,2025-09-01 00:00:00,22,18,0,4,0
ATT002182,EMP0182,2025-10-01 00:00:00,21,21,0,0,0
ATT002183,EMP0182,2025-11-01 00:00:00,22,19,1,2,7.2
ATT002184,EMP0182,2025-12-01 00:00:00,22,17,1,4,0.9
ATT002185,EMP0183,2025-01-01 00:00:00,22,21,1,0,3
ATT002186,EMP0183,2025-02-01 00:00:00,22,21,0,1,14.9
ATT002187,EMP0183,2025-03-01 00:00:00,22,21,1,0,8.5
ATT002188,EMP0183,2025-04-01 00:00:00,22,18,0,4,9.9
ATT002189,EMP0183,2025-05-01 00:00:00,22,20,1,1,0
ATT002190,EMP0183,2025-06-01 00:00:00,22,21,1,0,13.9
ATT002191,EMP0183,2025-07-01 00:00:00,23,20,1,2,12.4
ATT002192,EMP0183,2025-08-01 00:00:00,22,21,1,0,13.1
ATT002193,EMP0183,2025-09-01 00:00:00,21,20,1,0,9.9
ATT002194,EMP0183,2025-10-01 00:00:00,22,22,0,0,8.5
ATT002195,EMP0183,2025-11-01 00:00:00,21,21,0,0,6.9
ATT002196,EMP0183,2025-12-01 00:00:00,22,20,1,1,2.1
ATT002197,EMP0184,2025-01-01 00:00:00,22,18,1,3,2.3
ATT002198,EMP0184,2025-02-01 00:00:00,23,18,1,4,1.5
ATT002199,EMP0184,2025-03-01 00:00:00,22,22,0,0,6.9
ATT002200,EMP0184,2025-04-01 00:00:00,21,16,0,5,7.5
ATT002201,EMP0184,2025-05-01 00:00:00,20,20,0,0,8.7
ATT002202,EMP0184,2025-06-01 00:00:00,22,19,1,2,6.4
ATT002203,EMP0184,2025-07-01 00:00:00,21,15,1,5,0.8
ATT002204,EMP0184,2025-08-01 00:00:00,22,20,0,2,7
ATT002205,EMP0184,2025-09-01 00:00:00,22,20,0,2,0
ATT002206,EMP0184,2025-10-01 00:00:00,21,20,0,1,2.6
ATT002207,EMP0184,2025-11-01 00:00:00,22,20,2,0,0.2
ATT002208,EMP0184,2025-12-01 00:00:00,23,21,0,2,1.9
ATT002209,EMP0185,2025-01-01 00:00:00,22,17,0,5,7.6
ATT002210,EMP0185,2025-02-01 00:00:00,21,17,2,2,3.5
ATT002211,EMP0185,2025-03-01 00:00:00,22,19,0,3,1.6
ATT002212,EMP0185,2025-04-01 00:00:00,22,21,1,0,1.4
ATT002213,EMP0185,2025-05-01 00:00:00,22,17,0,5,13.1
ATT002214,EMP0185,2025-06-01 00:00:00,21,20,0,1,16
ATT002215,EMP0185,2025-07-01 00:00:00,22,20,1,1,0
ATT002216,EMP0185,2025-08-01 00:00:00,22,20,0,2,12.9
ATT002217,EMP0185,2025-09-01 00:00:00,21,20,1,0,15
ATT002218,EMP0185,2025-10-01 00:00:00,21,19,1,1,5.3
ATT002219,EMP0185,2025-11-01 00:00:00,22,18,0,4,7
ATT002220,EMP0185,2025-12-01 00:00:00,22,17,3,2,5.6
ATT002221,EMP0186,2025-01-01 00:00:00,21,21,0,0,8
ATT002222,EMP0186,2025-02-01 00:00:00,23,22,0,1,5.3
ATT002223,EMP0186,2025-03-01 00:00:00,22,22,0,0,7.8
ATT002224,EMP0186,2025-04-01 00:00:00,21,15,3,3,7.5
ATT002225,EMP0186,2025-05-01 00:00:00,22,19,1,2,11.4
ATT002226,EMP0186,2025-06-01 00:00:00,21,19,1,1,9.6
ATT002227,EMP0186,2025-07-01 00:00:00,22,18,3,1,4.5
ATT002228,EMP0186,2025-08-01 00:00:00,22,19,2,1,18.2
ATT002229,EMP0186,2025-09-01 00:00:00,23,20,0,3,0
ATT002230,EMP0186,2025-10-01 00:00:00,22,22,0,0,3.7
ATT002231,EMP0186,2025-11-01 00:00:00,21,20,0,1,0.3
ATT002232,EMP0186,2025-12-01 00:00:00,22,21,0,1,5.7
ATT002233,EMP0187,2025-01-01 00:00:00,20,13,3,4,19.8
ATT002234,EMP0187,2025-02-01 00:00:00,22,19,0,3,0.8
ATT002235,EMP0187,2025-03-01 00:00:00,21,18,0,3,5.2
ATT002236,EMP0187,2025-04-01 00:00:00,22,18,3,1,0.8
ATT002237,EMP0187,2025-05-01 00:00:00,23,23,0,0,4.5
ATT002238,EMP0187,2025-06-01 00:00:00,22,18,0,4,7.4
ATT002239,EMP0187,2025-07-01 00:00:00,20,17,1,2,18.9
ATT002240,EMP0187,2025-08-01 00:00:00,21,18,2,1,3.6
ATT002241,EMP0187,2025-09-01 00:00:00,22,19,1,2,9.4
ATT002242,EMP0187,2025-10-01 00:00:00,22,18,0,4,5.4
ATT002243,EMP0187,2025-11-01 00:00:00,20,20,0,0,3.9
ATT002244,EMP0187,2025-12-01 00:00:00,21,16,0,5,11
ATT002245,EMP0188,2025-01-01 00:00:00,22,21,1,0,5.9
ATT002246,EMP0188,2025-02-01 00:00:00,23,22,0,1,0
ATT002247,EMP0188,2025-03-01 00:00:00,22,20,1,1,3.3
ATT002248,EMP0188,2025-04-01 00:00:00,22,18,0,4,4.9
ATT002249,EMP0188,2025-05-01 00:00:00,22,20,1,1,15.9
ATT002250,EMP0188,2025-06-01 00:00:00,20,16,3,1,18.2
ATT002251,EMP0188,2025-07-01 00:00:00,21,18,1,2,11.3
ATT002252,EMP0188,2025-08-01 00:00:00,21,16,0,5,16
ATT002253,EMP0188,2025-09-01 00:00:00,23,20,1,2,4.6
ATT002254,EMP0188,2025-10-01 00:00:00,21,17,2,2,5.3
ATT002255,EMP0188,2025-11-01 00:00:00,20,16,1,3,8.5
ATT002256,EMP0188,2025-12-01 00:00:00,22,18,2,2,10.1
ATT002257,EMP0189,2025-01-01 00:00:00,22,20,1,1,3.1
ATT002258,EMP0189,2025-02-01 00:00:00,22,18,1,3,7.4
ATT002259,EMP0189,2025-03-01 00:00:00,20,16,0,4,10.3
ATT002260,EMP0189,2025-04-01 00:00:00,21,15,1,5,20.3
ATT002261,EMP0189,2025-05-01 00:00:00,22,21,1,0,14.3
ATT002262,EMP0189,2025-06-01 00:00:00,20,15,1,4,8.9
ATT002263,EMP0189,2025-07-01 00:00:00,22,21,0,1,9
ATT002264,EMP0189,2025-08-01 00:00:00,20,20,0,0,14.4
ATT002265,EMP0189,2025-09-01 00:00:00,21,16,1,4,0
ATT002266,EMP0189,2025-10-01 00:00:00,21,20,0,1,0
ATT002267,EMP0189,2025-11-01 00:00:00,22,21,0,1,20.5
ATT002268,EMP0189,2025-12-01 00:00:00,20,14,2,4,8.3
ATT002269,EMP0190,2025-01-01 00:00:00,22,21,0,1,5.9
ATT002270,EMP0190,2025-02-01 00:00:00,23,19,2,2,10.4
ATT002271,EMP0190,2025-03-01 00:00:00,20,17,0,3,0.4
ATT002272,EMP0190,2025-04-01 00:00:00,21,19,1,1,0
ATT002273,EMP0190,2025-05-01 00:00:00,21,18,1,2,4
ATT002274,EMP0190,2025-06-01 00:00:00,23,21,1,1,6.3
ATT002275,EMP0190,2025-07-01 00:00:00,22,17,2,3,12.5
ATT002276,EMP0190,2025-08-01 00:00:00,22,19,1,2,4.8
ATT002277,EMP0190,2025-09-01 00:00:00,20,16,0,4,7.5
ATT002278,EMP0190,2025-10-01 00:00:00,21,17,0,4,6.8
ATT002279,EMP0190,2025-11-01 00:00:00,20,16,0,4,11.5
ATT002280,EMP0190,2025-12-01 00:00:00,22,22,0,0,16.8
ATT002281,EMP0191,2025-01-01 00:00:00,22,19,0,3,14.8
ATT002282,EMP0191,2025-02-01 00:00:00,22,21,0,1,3.3
ATT002283,EMP0191,2025-03-01 00:00:00,20,16,2,2,11.6
ATT002284,EMP0191,2025-04-01 00:00:00,21,17,1,3,17.9
ATT002285,EMP0191,2025-05-01 00:00:00,22,15,3,4,14
ATT002286,EMP0191,2025-06-01 00:00:00,22,19,2,1,15.5
ATT002287,EMP0191,2025-07-01 00:00:00,21,19,1,1,5.1
ATT002288,EMP0191,2025-08-01 00:00:00,21,17,1,3,10.2
ATT002289,EMP0191,2025-09-01 00:00:00,22,18,0,4,13.2
ATT002290,EMP0191,2025-10-01 00:00:00,21,21,0,0,12.2
ATT002291,EMP0191,2025-11-01 00:00:00,22,16,1,5,4.8
ATT002292,EMP0191,2025-12-01 00:00:00,21,18,0,3,12.6
ATT002293,EMP0192,2025-01-01 00:00:00,21,21,0,0,5.2
ATT002294,EMP0192,2025-02-01 00:00:00,20,15,1,4,8.3
ATT002295,EMP0192,2025-03-01 00:00:00,22,20,0,2,11
ATT002296,EMP0192,2025-04-01 00:00:00,23,22,0,1,0
ATT002297,EMP0192,2025-05-01 00:00:00,23,23,0,0,13.7
ATT002298,EMP0192,2025-06-01 00:00:00,21,15,1,5,5.8
ATT002299,EMP0192,2025-07-01 00:00:00,22,19,3,0,16.5
ATT002300,EMP0192,2025-08-01 00:00:00,21,19,2,0,14
ATT002301,EMP0192,2025-09-01 00:00:00,23,19,3,1,8.7
ATT002302,EMP0192,2025-10-01 00:00:00,21,16,2,3,10.4
ATT002303,EMP0192,2025-11-01 00:00:00,20,17,3,0,14.9
ATT002304,EMP0192,2025-12-01 00:00:00,23,21,0,2,7.3
ATT002305,EMP0193,2025-01-01 00:00:00,20,18,0,2,5.4
ATT002306,EMP0193,2025-02-01 00:00:00,20,16,1,3,15.8
ATT002307,EMP0193,2025-03-01 00:00:00,21,18,2,1,23.4
ATT002308,EMP0193,2025-04-01 00:00:00,23,23,0,0,4.4
ATT002309,EMP0193,2025-05-01 00:00:00,22,21,1,0,11.4
ATT002310,EMP0193,2025-06-01 00:00:00,21,17,0,4,15.1
ATT002311,EMP0193,2025-07-01 00:00:00,22,17,3,2,13.1
ATT002312,EMP0193,2025-08-01 00:00:00,22,18,1,3,11.3
ATT002313,EMP0193,2025-09-01 00:00:00,22,19,2,1,7.3
ATT002314,EMP0193,2025-10-01 00:00:00,23,21,0,2,13.7
ATT002315,EMP0193,2025-11-01 00:00:00,22,22,0,0,3
ATT002316,EMP0193,2025-12-01 00:00:00,22,18,1,3,0
ATT002317,EMP0194,2025-01-01 00:00:00,22,21,0,1,4.3
ATT002318,EMP0194,2025-02-01 00:00:00,20,18,0,2,6.2
ATT002319,EMP0194,2025-03-01 00:00:00,23,21,1,1,7.2
ATT002320,EMP0194,2025-04-01 00:00:00,21,18,1,2,9
ATT002321,EMP0194,2025-05-01 00:00:00,20,19,1,0,8.3
ATT002322,EMP0194,2025-06-01 00:00:00,22,20,0,2,10.1
ATT002323,EMP0194,2025-07-01 00:00:00,21,19,1,1,14.4
ATT002324,EMP0194,2025-08-01 00:00:00,22,21,0,1,12.3
ATT002325,EMP0194,2025-09-01 00:00:00,22,20,0,2,8.9
ATT002326,EMP0194,2025-10-01 00:00:00,22,19,0,3,12
ATT002327,EMP0194,2025-11-01 00:00:00,22,20,0,2,13.6
ATT002328,EMP0194,2025-12-01 00:00:00,22,22,0,0,13.7
ATT002329,EMP0195,2025-01-01 00:00:00,20,19,0,1,0
ATT002330,EMP0195,2025-02-01 00:00:00,23,19,0,4,4.5
ATT002331,EMP0195,2025-03-01 00:00:00,21,18,0,3,25.6
ATT002332,EMP0195,2025-04-01 00:00:00,21,20,1,0,19.1
ATT002333,EMP0195,2025-05-01 00:00:00,21,19,2,0,3.2
ATT002334,EMP0195,2025-06-01 00:00:00,21,21,0,0,15.1
ATT002335,EMP0195,2025-07-01 00:00:00,21,19,1,1,6.8
ATT002336,EMP0195,2025-08-01 00:00:00,21,20,1,0,9.4
ATT002337,EMP0195,2025-09-01 00:00:00,21,18,0,3,10.2
ATT002338,EMP0195,2025-10-01 00:00:00,20,17,2,1,11
ATT002339,EMP0195,2025-11-01 00:00:00,21,17,1,3,0
ATT002340,EMP0195,2025-12-01 00:00:00,22,16,2,4,6.3
ATT002341,EMP0196,2025-01-01 00:00:00,21,19,0,2,0
ATT002342,EMP0196,2025-02-01 00:00:00,23,21,0,2,11.7
ATT002343,EMP0196,2025-03-01 00:00:00,22,18,0,4,0
ATT002344,EMP0196,2025-04-01 00:00:00,21,20,0,1,0
ATT002345,EMP0196,2025-05-01 00:00:00,23,22,0,1,9.9
ATT002346,EMP0196,2025-06-01 00:00:00,20,17,2,1,13.7
ATT002347,EMP0196,2025-07-01 00:00:00,21,19,2,0,7.8
ATT002348,EMP0196,2025-08-01 00:00:00,22,20,0,2,2.1
ATT002349,EMP0196,2025-09-01 00:00:00,23,19,2,2,0
ATT002350,EMP0196,2025-10-01 00:00:00,22,22,0,0,10.5
ATT002351,EMP0196,2025-11-01 00:00:00,21,19,2,0,11.6
ATT002352,EMP0196,2025-12-01 00:00:00,22,21,0,1,4.9
ATT002353,EMP0197,2025-01-01 00:00:00,21,18,1,2,0
ATT002354,EMP0197,2025-02-01 00:00:00,22,21,1,0,1.5
ATT002355,EMP0197,2025-03-01 00:00:00,22,20,1,1,10.1
ATT002356,EMP0197,2025-04-01 00:00:00,21,16,0,5,11.3
ATT002357,EMP0197,2025-05-01 00:00:00,22,21,1,0,3.1
ATT002358,EMP0197,2025-06-01 00:00:00,22,19,0,3,13.4
ATT002359,EMP0197,2025-07-01 00:00:00,22,17,0,5,7.5
ATT002360,EMP0197,2025-08-01 00:00:00,22,20,0,2,0
ATT002361,EMP0197,2025-09-01 00:00:00,21,19,0,2,3.7
ATT002362,EMP0197,2025-10-01 00:00:00,22,20,2,0,0
ATT002363,EMP0197,2025-11-01 00:00:00,23,20,1,2,0
ATT002364,EMP0197,2025-12-01 00:00:00,21,18,0,3,7.2
ATT002365,EMP0198,2025-01-01 00:00:00,22,22,0,0,5.3
ATT002366,EMP0198,2025-02-01 00:00:00,21,17,2,2,6.6
ATT002367,EMP0198,2025-03-01 00:00:00,21,20,0,1,8.2
ATT002368,EMP0198,2025-04-01 00:00:00,22,18,1,3,13.5
ATT002369,EMP0198,2025-05-01 00:00:00,22,21,0,1,0
ATT002370,EMP0198,2025-06-01 00:00:00,22,19,1,2,0
ATT002371,EMP0198,2025-07-01 00:00:00,21,16,1,4,8.9
ATT002372,EMP0198,2025-08-01 00:00:00,21,20,1,0,0
ATT002373,EMP0198,2025-09-01 00:00:00,22,19,2,1,8.9
ATT002374,EMP0198,2025-10-01 00:00:00,22,20,1,1,6.7
ATT002375,EMP0198,2025-11-01 00:00:00,23,22,0,1,11.4
ATT002376,EMP0198,2025-12-01 00:00:00,21,16,3,2,4.7
ATT002377,EMP0199,2025-01-01 00:00:00,20,16,2,2,10.2
ATT002378,EMP0199,2025-02-01 00:00:00,23,18,1,4,0.5
ATT002379,EMP0199,2025-03-01 00:00:00,23,21,2,0,5.6
ATT002380,EMP0199,2025-04-01 00:00:00,22,18,0,4,8.5
ATT002381,EMP0199,2025-05-01 00:00:00,22,21,1,0,0
ATT002382,EMP0199,2025-06-01 00:00:00,23,20,2,1,8.5
ATT002383,EMP0199,2025-07-01 00:00:00,20,17,2,1,19.5
ATT002384,EMP0199,2025-08-01 00:00:00,20,17,0,3,12.2
ATT002385,EMP0199,2025-09-01 00:00:00,21,18,2,1,16.1
ATT002386,EMP0199,2025-10-01 00:00:00,22,21,1,0,0.9
ATT002387,EMP0199,2025-11-01 00:00:00,21,18,3,0,9.7
ATT002388,EMP0199,2025-12-01 00:00:00,21,21,0,0,10.7
ATT002389,EMP0200,2025-01-01 00:00:00,21,18,1,2,7.6
ATT002390,EMP0200,2025-02-01 00:00:00,22,20,1,1,9.2
ATT002391,EMP0200,2025-03-01 00:00:00,21,20,1,0,10.9
ATT002392,EMP0200,2025-04-01 00:00:00,20,19,0,1,12
ATT002393,EMP0200,2025-05-01 00:00:00,20,18,1,1,15.6
ATT002394,EMP0200,2025-06-01 00:00:00,23,20,2,1,12.3
ATT002395,EMP0200,2025-07-01 00:00:00,22,20,1,1,4.6
ATT002396,EMP0200,2025-08-01 00:00:00,22,20,0,2,5.9
ATT002397,EMP0200,2025-09-01 00:00:00,21,20,0,1,4.1
ATT002398,EMP0200,2025-10-01 00:00:00,22,18,0,4,0
ATT002399,EMP0200,2025-11-01 00:00:00,23,20,1,2,4
ATT002400,EMP0200,2025-12-01 00:00:00,20,19,1,0,0
ATT002401,EMP0201,2025-01-01 00:00:00,21,18,2,1,9.8
ATT002402,EMP0201,2025-02-01 00:00:00,21,16,3,2,12.9
ATT002403,EMP0201,2025-03-01 00:00:00,22,19,0,3,5.2
ATT002404,EMP0201,2025-04-01 00:00:00,21,18,2,1,7.4
ATT002405,EMP0201,2025-05-01 00:00:00,22,19,0,3,5.9
ATT002406,EMP0201,2025-06-01 00:00:00,22,19,0,3,4.9
ATT002407,EMP0201,2025-07-01 00:00:00,21,21,0,0,8.2
ATT002408,EMP0201,2025-08-01 00:00:00,22,19,1,2,2.2
ATT002409,EMP0201,2025-09-01 00:00:00,22,21,1,0,0
ATT002410,EMP0201,2025-10-01 00:00:00,23,20,2,1,3.6
ATT002411,EMP0201,2025-11-01 00:00:00,21,19,0,2,3.5
ATT002412,EMP0201,2025-12-01 00:00:00,20,19,0,1,1.8
ATT002413,EMP0202,2025-01-01 00:00:00,22,21,0,1,0
ATT002414,EMP0202,2025-02-01 00:00:00,22,18,1,3,10.7
ATT002415,EMP0202,2025-03-01 00:00:00,22,19,2,1,13.2
ATT002416,EMP0202,2025-04-01 00:00:00,21,19,0,2,19
ATT002417,EMP0202,2025-05-01 00:00:00,23,23,0,0,11.1
ATT002418,EMP0202,2025-06-01 00:00:00,22,17,1,4,7.6
ATT002419,EMP0202,2025-07-01 00:00:00,22,21,0,1,7.1
ATT002420,EMP0202,2025-08-01 00:00:00,22,20,1,1,12.9
ATT002421,EMP0202,2025-09-01 00:00:00,22,16,2,4,7
ATT002422,EMP0202,2025-10-01 00:00:00,22,20,0,2,5.2
ATT002423,EMP0202,2025-11-01 00:00:00,21,19,2,0,7.3
ATT002424,EMP0202,2025-12-01 00:00:00,22,18,0,4,9.3
ATT002425,EMP0203,2025-01-01 00:00:00,22,17,1,4,0
ATT002426,EMP0203,2025-02-01 00:00:00,22,19,1,2,0
ATT002427,EMP0203,2025-03-01 00:00:00,21,19,0,2,7
ATT002428,EMP0203,2025-04-01 00:00:00,22,20,0,2,9.2
ATT002429,EMP0203,2025-05-01 00:00:00,22,19,0,3,0
ATT002430,EMP0203,2025-06-01 00:00:00,20,19,1,0,0
ATT002431,EMP0203,2025-07-01 00:00:00,21,21,0,0,10.6
ATT002432,EMP0203,2025-08-01 00:00:00,20,15,1,4,5.1
ATT002433,EMP0203,2025-09-01 00:00:00,22,21,0,1,0
ATT002434,EMP0203,2025-10-01 00:00:00,20,18,2,0,3.1
ATT002435,EMP0203,2025-11-01 00:00:00,22,21,0,1,18.5
ATT002436,EMP0203,2025-12-01 00:00:00,22,19,1,2,12.7
ATT002437,EMP0204,2025-01-01 00:00:00,21,18,0,3,6.5
ATT002438,EMP0204,2025-02-01 00:00:00,22,20,1,1,13.9
ATT002439,EMP0204,2025-03-01 00:00:00,22,16,3,3,9.9
ATT002440,EMP0204,2025-04-01 00:00:00,23,17,1,5,6.2
ATT002441,EMP0204,2025-05-01 00:00:00,21,14,2,5,8.8
ATT002442,EMP0204,2025-06-01 00:00:00,22,22,0,0,11.8
ATT002443,EMP0204,2025-07-01 00:00:00,22,19,1,2,8.9
ATT002444,EMP0204,2025-08-01 00:00:00,22,22,0,0,5.5
ATT002445,EMP0204,2025-09-01 00:00:00,22,17,2,3,16.4
ATT002446,EMP0204,2025-10-01 00:00:00,22,22,0,0,10.6
ATT002447,EMP0204,2025-11-01 00:00:00,22,18,2,2,0
ATT002448,EMP0204,2025-12-01 00:00:00,22,19,1,2,23.8
ATT002449,EMP0205,2025-01-01 00:00:00,23,21,1,1,1.5
ATT002450,EMP0205,2025-02-01 00:00:00,22,21,0,1,0.4
ATT002451,EMP0205,2025-03-01 00:00:00,22,20,1,1,26.7
ATT002452,EMP0205,2025-04-01 00:00:00,22,20,1,1,12.3
ATT002453,EMP0205,2025-05-01 00:00:00,22,17,1,4,8.2
ATT002454,EMP0205,2025-06-01 00:00:00,21,18,0,3,0
ATT002455,EMP0205,2025-07-01 00:00:00,23,19,3,1,7.2
ATT002456,EMP0205,2025-08-01 00:00:00,23,21,0,2,0.9
ATT002457,EMP0205,2025-09-01 00:00:00,23,21,0,2,8.6
ATT002458,EMP0205,2025-10-01 00:00:00,20,16,1,3,8
ATT002459,EMP0205,2025-11-01 00:00:00,21,15,1,5,12.8
ATT002460,EMP0205,2025-12-01 00:00:00,23,20,1,2,7.4
ATT002461,EMP0206,2025-01-01 00:00:00,20,20,0,0,8.5
ATT002462,EMP0206,2025-02-01 00:00:00,22,20,1,1,2.1
ATT002463,EMP0206,2025-03-01 00:00:00,23,23,0,0,15.9
ATT002464,EMP0206,2025-04-01 00:00:00,22,22,0,0,11.1
ATT002465,EMP0206,2025-05-01 00:00:00,21,21,0,0,0.6
ATT002466,EMP0206,2025-06-01 00:00:00,23,20,0,3,2.7
ATT002467,EMP0206,2025-07-01 00:00:00,20,17,2,1,17.6
ATT002468,EMP0206,2025-08-01 00:00:00,22,18,2,2,4.1
ATT002469,EMP0206,2025-09-01 00:00:00,22,20,0,2,13.8
ATT002470,EMP0206,2025-10-01 00:00:00,21,17,3,1,15.2
ATT002471,EMP0206,2025-11-01 00:00:00,23,20,2,1,22.3
ATT002472,EMP0206,2025-12-01 00:00:00,21,19,0,2,8.6
ATT002473,EMP0207,2025-01-01 00:00:00,21,17,2,2,12.4
ATT002474,EMP0207,2025-02-01 00:00:00,22,21,1,0,10.1
ATT002475,EMP0207,2025-03-01 00:00:00,22,21,1,0,0
ATT002476,EMP0207,2025-04-01 00:00:00,22,18,2,2,9.3
ATT002477,EMP0207,2025-05-01 00:00:00,22,20,1,1,13.4
ATT002478,EMP0207,2025-06-01 00:00:00,22,19,1,2,5.2
ATT002479,EMP0207,2025-07-01 00:00:00,21,19,1,1,4.7
ATT002480,EMP0207,2025-08-01 00:00:00,21,16,1,4,16.3
ATT002481,EMP0207,2025-09-01 00:00:00,22,21,0,1,21.1
ATT002482,EMP0207,2025-10-01 00:00:00,21,19,0,2,17.9
ATT002483,EMP0207,2025-11-01 00:00:00,22,21,1,0,0.5
ATT002484,EMP0207,2025-12-01 00:00:00,23,21,1,1,14
ATT002485,EMP0208,2025-01-01 00:00:00,21,18,0,3,5.4
ATT002486,EMP0208,2025-02-01 00:00:00,22,20,2,0,2.8
ATT002487,EMP0208,2025-03-01 00:00:00,21,16,3,2,9.3
ATT002488,EMP0208,2025-04-01 00:00:00,22,18,0,4,13.5
ATT002489,EMP0208,2025-05-01 00:00:00,22,18,3,1,4.6
ATT002490,EMP0208,2025-06-01 00:00:00,22,21,1,0,0.3
ATT002491,EMP0208,2025-07-01 00:00:00,22,18,2,2,10.7
ATT002492,EMP0208,2025-08-01 00:00:00,22,22,0,0,9.6
ATT002493,EMP0208,2025-09-01 00:00:00,22,22,0,0,4.6
ATT002494,EMP0208,2025-10-01 00:00:00,22,18,0,4,8.6
ATT002495,EMP0208,2025-11-01 00:00:00,22,21,0,1,11.1
ATT002496,EMP0208,2025-12-01 00:00:00,20,19,1,0,2.3
ATT002497,EMP0209,2025-01-01 00:00:00,23,19,2,2,2.9
ATT002498,EMP0209,2025-02-01 00:00:00,22,17,1,4,21.5
ATT002499,EMP0209,2025-03-01 00:00:00,22,17,1,4,8.6
ATT002500,EMP0209,2025-04-01 00:00:00,22,22,0,0,7.1
ATT002501,EMP0209,2025-05-01 00:00:00,22,17,0,5,9.8
ATT002502,EMP0209,2025-06-01 00:00:00,22,21,0,1,9.9
ATT002503,EMP0209,2025-07-01 00:00:00,23,20,0,3,15
ATT002504,EMP0209,2025-08-01 00:00:00,21,20,0,1,5.6
ATT002505,EMP0209,2025-09-01 00:00:00,22,20,1,1,8.8
ATT002506,EMP0209,2025-10-01 00:00:00,22,18,1,3,0
ATT002507,EMP0209,2025-11-01 00:00:00,21,21,0,0,0
ATT002508,EMP0209,2025-12-01 00:00:00,22,21,0,1,11.8
ATT002509,EMP0210,2025-01-01 00:00:00,21,18,2,1,2.9
ATT002510,EMP0210,2025-02-01 00:00:00,21,19,2,0,8.8
ATT002511,EMP0210,2025-03-01 00:00:00,22,18,3,1,20.1
ATT002512,EMP0210,2025-04-01 00:00:00,21,18,2,1,6.7
ATT002513,EMP0210,2025-05-01 00:00:00,22,19,1,2,9.3
ATT002514,EMP0210,2025-06-01 00:00:00,22,18,0,4,15.1
ATT002515,EMP0210,2025-07-01 00:00:00,21,21,0,0,12.7
ATT002516,EMP0210,2025-08-01 00:00:00,22,22,0,0,8.9
ATT002517,EMP0210,2025-09-01 00:00:00,21,19,1,1,12.3
ATT002518,EMP0210,2025-10-01 00:00:00,22,18,0,4,2.8
ATT002519,EMP0210,2025-11-01 00:00:00,21,20,0,1,15.4
ATT002520,EMP0210,2025-12-01 00:00:00,23,21,1,1,17.2
ATT002521,EMP0211,2025-01-01 00:00:00,21,18,2,1,4.8
ATT002522,EMP0211,2025-02-01 00:00:00,21,19,0,2,0
ATT002523,EMP0211,2025-03-01 00:00:00,20,17,2,1,13.3
ATT002524,EMP0211,2025-04-01 00:00:00,22,18,1,3,7.7
ATT002525,EMP0211,2025-05-01 00:00:00,21,20,0,1,7.2
ATT002526,EMP0211,2025-06-01 00:00:00,22,16,2,4,1
ATT002527,EMP0211,2025-07-01 00:00:00,22,21,1,0,6.4
ATT002528,EMP0211,2025-08-01 00:00:00,22,20,2,0,16.6
ATT002529,EMP0211,2025-09-01 00:00:00,22,20,0,2,14.8
ATT002530,EMP0211,2025-10-01 00:00:00,23,17,2,4,16.1
ATT002531,EMP0211,2025-11-01 00:00:00,23,21,1,1,6.7
ATT002532,EMP0211,2025-12-01 00:00:00,22,21,1,0,2.4
ATT002533,EMP0212,2025-01-01 00:00:00,21,16,0,5,0
ATT002534,EMP0212,2025-02-01 00:00:00,22,21,0,1,15.6
ATT002535,EMP0212,2025-03-01 00:00:00,22,22,0,0,3.2
ATT002536,EMP0212,2025-04-01 00:00:00,23,21,0,2,6
ATT002537,EMP0212,2025-05-01 00:00:00,21,18,0,3,0
ATT002538,EMP0212,2025-06-01 00:00:00,22,19,1,2,10.7
ATT002539,EMP0212,2025-07-01 00:00:00,22,21,0,1,4.8
ATT002540,EMP0212,2025-08-01 00:00:00,21,19,0,2,5.9
ATT002541,EMP0212,2025-09-01 00:00:00,22,16,1,5,14.6
ATT002542,EMP0212,2025-10-01 00:00:00,21,18,0,3,0.8
ATT002543,EMP0212,2025-11-01 00:00:00,21,20,0,1,6.5
ATT002544,EMP0212,2025-12-01 00:00:00,21,17,2,2,7.3
ATT002545,EMP0213,2025-01-01 00:00:00,21,20,0,1,16.3
ATT002546,EMP0213,2025-02-01 00:00:00,21,21,0,0,20
ATT002547,EMP0213,2025-03-01 00:00:00,22,21,0,1,9.8
ATT002548,EMP0213,2025-04-01 00:00:00,20,19,0,1,9.7
ATT002549,EMP0213,2025-05-01 00:00:00,22,16,3,3,9.5
ATT002550,EMP0213,2025-06-01 00:00:00,22,19,3,0,17.6
ATT002551,EMP0213,2025-07-01 00:00:00,22,19,1,2,4.2
ATT002552,EMP0213,2025-08-01 00:00:00,22,20,1,1,1.2
ATT002553,EMP0213,2025-09-01 00:00:00,22,21,1,0,10.7
ATT002554,EMP0213,2025-10-01 00:00:00,23,22,0,1,7.4
ATT002555,EMP0213,2025-11-01 00:00:00,21,19,1,1,6.8
ATT002556,EMP0213,2025-12-01 00:00:00,22,21,0,1,16
ATT002557,EMP0214,2025-01-01 00:00:00,22,21,1,0,12
ATT002558,EMP0214,2025-02-01 00:00:00,23,17,1,5,1.4
ATT002559,EMP0214,2025-03-01 00:00:00,22,20,1,1,7.5
ATT002560,EMP0214,2025-04-01 00:00:00,20,15,0,5,9.3
ATT002561,EMP0214,2025-05-01 00:00:00,21,20,0,1,0
ATT002562,EMP0214,2025-06-01 00:00:00,21,19,0,2,3
ATT002563,EMP0214,2025-07-01 00:00:00,21,19,1,1,0.5
ATT002564,EMP0214,2025-08-01 00:00:00,21,20,1,0,7.5
ATT002565,EMP0214,2025-09-01 00:00:00,21,18,1,2,2.4
ATT002566,EMP0214,2025-10-01 00:00:00,22,22,0,0,10.7
ATT002567,EMP0214,2025-11-01 00:00:00,21,18,0,3,1.6
ATT002568,EMP0214,2025-12-01 00:00:00,21,19,1,1,14.2
ATT002569,EMP0215,2025-01-01 00:00:00,22,19,2,1,0.5
ATT002570,EMP0215,2025-02-01 00:00:00,20,17,2,1,1.9
ATT002571,EMP0215,2025-03-01 00:00:00,22,18,0,4,0
ATT002572,EMP0215,2025-04-01 00:00:00,21,18,0,3,16
ATT002573,EMP0215,2025-05-01 00:00:00,21,17,1,3,6
ATT002574,EMP0215,2025-06-01 00:00:00,23,22,0,1,0.2
ATT002575,EMP0215,2025-07-01 00:00:00,21,16,0,5,6.5
ATT002576,EMP0215,2025-08-01 00:00:00,21,20,0,1,11.6
ATT002577,EMP0215,2025-09-01 00:00:00,22,20,0,2,19.6
ATT002578,EMP0215,2025-10-01 00:00:00,21,20,1,0,4.3
ATT002579,EMP0215,2025-11-01 00:00:00,22,20,1,1,5
ATT002580,EMP0215,2025-12-01 00:00:00,20,20,0,0,19.8
ATT002581,EMP0216,2025-01-01 00:00:00,20,17,1,2,5.1
ATT002582,EMP0216,2025-02-01 00:00:00,22,19,0,3,11.4
ATT002583,EMP0216,2025-03-01 00:00:00,20,16,0,4,10.8
ATT002584,EMP0216,2025-04-01 00:00:00,22,17,3,2,1.4
ATT002585,EMP0216,2025-05-01 00:00:00,22,20,1,1,6.1
ATT002586,EMP0216,2025-06-01 00:00:00,21,18,1,2,20.2
ATT002587,EMP0216,2025-07-01 00:00:00,21,18,1,2,3.3
ATT002588,EMP0216,2025-08-01 00:00:00,21,21,0,0,0
ATT002589,EMP0216,2025-09-01 00:00:00,22,21,1,0,3.2
ATT002590,EMP0216,2025-10-01 00:00:00,22,17,3,2,6.6
ATT002591,EMP0216,2025-11-01 00:00:00,22,21,1,0,9.2
ATT002592,EMP0216,2025-12-01 00:00:00,22,22,0,0,3.6
ATT002593,EMP0217,2025-01-01 00:00:00,22,19,2,1,11.6
ATT002594,EMP0217,2025-02-01 00:00:00,22,20,0,2,13.6
ATT002595,EMP0217,2025-03-01 00:00:00,21,20,1,0,7.2
ATT002596,EMP0217,2025-04-01 00:00:00,20,19,0,1,0
ATT002597,EMP0217,2025-05-01 00:00:00,21,17,0,4,9.2
ATT002598,EMP0217,2025-06-01 00:00:00,22,20,0,2,8.4
ATT002599,EMP0217,2025-07-01 00:00:00,23,20,1,2,10.4
ATT002600,EMP0217,2025-08-01 00:00:00,23,23,0,0,14
ATT002601,EMP0217,2025-09-01 00:00:00,22,22,0,0,7.2
ATT002602,EMP0217,2025-10-01 00:00:00,22,18,1,3,11.1
ATT002603,EMP0217,2025-11-01 00:00:00,22,19,2,1,19.4
ATT002604,EMP0217,2025-12-01 00:00:00,21,19,1,1,0
ATT002605,EMP0218,2025-01-01 00:00:00,22,21,0,1,0
ATT002606,EMP0218,2025-02-01 00:00:00,21,19,0,2,7.7
ATT002607,EMP0218,2025-03-01 00:00:00,22,20,0,2,7.3
ATT002608,EMP0218,2025-04-01 00:00:00,22,22,0,0,0.9
ATT002609,EMP0218,2025-05-01 00:00:00,20,17,0,3,17.2
ATT002610,EMP0218,2025-06-01 00:00:00,22,18,1,3,0
ATT002611,EMP0218,2025-07-01 00:00:00,23,20,0,3,6.5
ATT002612,EMP0218,2025-08-01 00:00:00,22,19,1,2,3.8
ATT002613,EMP0218,2025-09-01 00:00:00,22,20,1,1,4.9
ATT002614,EMP0218,2025-10-01 00:00:00,22,21,1,0,6.8
ATT002615,EMP0218,2025-11-01 00:00:00,22,21,1,0,0
ATT002616,EMP0218,2025-12-01 00:00:00,20,17,1,2,6.2
ATT002617,EMP0219,2025-01-01 00:00:00,21,18,2,1,19.5
ATT002618,EMP0219,2025-02-01 00:00:00,22,21,0,1,1.5
ATT002619,EMP0219,2025-03-01 00:00:00,22,20,1,1,1.6
ATT002620,EMP0219,2025-04-01 00:00:00,23,20,1,2,0
ATT002621,EMP0219,2025-05-01 00:00:00,21,17,1,3,5.2
ATT002622,EMP0219,2025-06-01 00:00:00,21,20,0,1,10.9
ATT002623,EMP0219,2025-07-01 00:00:00,20,18,0,2,9.5
ATT002624,EMP0219,2025-08-01 00:00:00,22,20,1,1,5
ATT002625,EMP0219,2025-09-01 00:00:00,22,22,0,0,11.4
ATT002626,EMP0219,2025-10-01 00:00:00,22,19,1,2,18.8
ATT002627,EMP0219,2025-11-01 00:00:00,21,20,0,1,6.7
ATT002628,EMP0219,2025-12-01 00:00:00,22,19,1,2,9.6
ATT002629,EMP0220,2025-01-01 00:00:00,21,18,0,3,7.4
ATT002630,EMP0220,2025-02-01 00:00:00,22,21,1,0,7.7
ATT002631,EMP0220,2025-03-01 00:00:00,23,21,0,2,6.6
ATT002632,EMP0220,2025-04-01 00:00:00,23,21,2,0,0
ATT002633,EMP0220,2025-05-01 00:00:00,23,19,2,2,2.2
ATT002634,EMP0220,2025-06-01 00:00:00,22,21,0,1,11.4
ATT002635,EMP0220,2025-07-01 00:00:00,22,21,0,1,17.6
ATT002636,EMP0220,2025-08-01 00:00:00,20,20,0,0,1.8
ATT002637,EMP0220,2025-09-01 00:00:00,22,20,0,2,16.2
ATT002638,EMP0220,2025-10-01 00:00:00,20,18,0,2,4.8
ATT002639,EMP0220,2025-11-01 00:00:00,22,20,1,1,12.7
ATT002640,EMP0220,2025-12-01 00:00:00,22,19,1,2,0
ATT002641,EMP0221,2025-01-01 00:00:00,22,22,0,0,6.1
ATT002642,EMP0221,2025-02-01 00:00:00,21,20,1,0,8.5
ATT002643,EMP0221,2025-03-01 00:00:00,22,18,1,3,2.7
ATT002644,EMP0221,2025-04-01 00:00:00,22,18,2,2,13.8
ATT002645,EMP0221,2025-05-01 00:00:00,23,17,1,5,6.4
ATT002646,EMP0221,2025-06-01 00:00:00,22,20,0,2,10.4
ATT002647,EMP0221,2025-07-01 00:00:00,22,19,1,2,7.8
ATT002648,EMP0221,2025-08-01 00:00:00,22,20,2,0,8.8
ATT002649,EMP0221,2025-09-01 00:00:00,22,18,1,3,6.4
ATT002650,EMP0221,2025-10-01 00:00:00,21,19,0,2,5.5
ATT002651,EMP0221,2025-11-01 00:00:00,23,19,2,2,20.4
ATT002652,EMP0221,2025-12-01 00:00:00,21,17,1,3,13.5
ATT002653,EMP0222,2025-01-01 00:00:00,21,19,0,2,12.8
ATT002654,EMP0222,2025-02-01 00:00:00,21,17,0,4,4.4
ATT002655,EMP0222,2025-03-01 00:00:00,22,21,0,1,20.9
ATT002656,EMP0222,2025-04-01 00:00:00,21,20,1,0,3.9
ATT002657,EMP0222,2025-05-01 00:00:00,23,21,0,2,11
ATT002658,EMP0222,2025-06-01 00:00:00,21,20,1,0,0
ATT002659,EMP0222,2025-07-01 00:00:00,23,22,0,1,3.9
ATT002660,EMP0222,2025-08-01 00:00:00,22,18,3,1,11.9
ATT002661,EMP0222,2025-09-01 00:00:00,22,22,0,0,5.5
ATT002662,EMP0222,2025-10-01 00:00:00,23,21,2,0,7.7
ATT002663,EMP0222,2025-11-01 00:00:00,20,18,0,2,0.5
ATT002664,EMP0222,2025-12-01 00:00:00,20,20,0,0,0
ATT002665,EMP0223,2025-01-01 00:00:00,22,21,0,1,10
ATT002666,EMP0223,2025-02-01 00:00:00,21,17,1,3,4.9
ATT002667,EMP0223,2025-03-01 00:00:00,22,21,0,1,12.4
ATT002668,EMP0223,2025-04-01 00:00:00,22,19,0,3,9.8
ATT002669,EMP0223,2025-05-01 00:00:00,20,20,0,0,3.6
ATT002670,EMP0223,2025-06-01 00:00:00,22,16,1,5,7.6
ATT002671,EMP0223,2025-07-01 00:00:00,22,21,0,1,15.8
ATT002672,EMP0223,2025-08-01 00:00:00,22,20,1,1,15.3
ATT002673,EMP0223,2025-09-01 00:00:00,22,18,3,1,0
ATT002674,EMP0223,2025-10-01 00:00:00,21,20,1,0,5.1
ATT002675,EMP0223,2025-11-01 00:00:00,21,20,0,1,13.2
ATT002676,EMP0223,2025-12-01 00:00:00,21,20,0,1,0
ATT002677,EMP0224,2025-01-01 00:00:00,22,19,1,2,11.6
ATT002678,EMP0224,2025-02-01 00:00:00,21,19,2,0,17.6
ATT002679,EMP0224,2025-03-01 00:00:00,21,18,2,1,10
ATT002680,EMP0224,2025-04-01 00:00:00,22,22,0,0,11.1
ATT002681,EMP0224,2025-05-01 00:00:00,22,19,3,0,9
ATT002682,EMP0224,2025-06-01 00:00:00,22,18,1,3,4
ATT002683,EMP0224,2025-07-01 00:00:00,23,20,2,1,2.5
ATT002684,EMP0224,2025-08-01 00:00:00,22,17,3,2,10.2
ATT002685,EMP0224,2025-09-01 00:00:00,22,18,2,2,20.7
ATT002686,EMP0224,2025-10-01 00:00:00,22,22,0,0,11.1
ATT002687,EMP0224,2025-11-01 00:00:00,21,20,1,0,14.9
ATT002688,EMP0224,2025-12-01 00:00:00,21,18,0,3,11.3
ATT002689,EMP0225,2025-01-01 00:00:00,23,22,0,1,2.6
ATT002690,EMP0225,2025-02-01 00:00:00,23,20,1,2,13.8
ATT002691,EMP0225,2025-03-01 00:00:00,22,18,0,4,7.8
ATT002692,EMP0225,2025-04-01 00:00:00,22,21,1,0,3.1
ATT002693,EMP0225,2025-05-01 00:00:00,23,17,1,5,0
ATT002694,EMP0225,2025-06-01 00:00:00,22,22,0,0,9.4
ATT002695,EMP0225,2025-07-01 00:00:00,21,20,1,0,5
ATT002696,EMP0225,2025-08-01 00:00:00,21,20,0,1,19.5
ATT002697,EMP0225,2025-09-01 00:00:00,21,21,0,0,2.1
ATT002698,EMP0225,2025-10-01 00:00:00,21,17,0,4,8.1
ATT002699,EMP0225,2025-11-01 00:00:00,20,19,0,1,6.6
ATT002700,EMP0225,2025-12-01 00:00:00,22,21,0,1,9.9
ATT002701,EMP0226,2025-01-01 00:00:00,22,21,1,0,16
ATT002702,EMP0226,2025-02-01 00:00:00,22,21,0,1,13.3
ATT002703,EMP0226,2025-03-01 00:00:00,22,19,1,2,12.5
ATT002704,EMP0226,2025-04-01 00:00:00,22,21,0,1,3.6
ATT002705,EMP0226,2025-05-01 00:00:00,21,15,2,4,3.9
ATT002706,EMP0226,2025-06-01 00:00:00,20,16,2,2,0
ATT002707,EMP0226,2025-07-01 00:00:00,22,22,0,0,9.1
ATT002708,EMP0226,2025-08-01 00:00:00,22,19,1,2,0
ATT002709,EMP0226,2025-09-01 00:00:00,22,19,0,3,13.8
ATT002710,EMP0226,2025-10-01 00:00:00,22,21,0,1,0
ATT002711,EMP0226,2025-11-01 00:00:00,22,19,2,1,11.4
ATT002712,EMP0226,2025-12-01 00:00:00,21,19,1,1,11.2
ATT002713,EMP0227,2025-01-01 00:00:00,22,20,2,0,14.1
ATT002714,EMP0227,2025-02-01 00:00:00,21,20,0,1,4.2
ATT002715,EMP0227,2025-03-01 00:00:00,21,19,0,2,6
ATT002716,EMP0227,2025-04-01 00:00:00,20,20,0,0,4.8
ATT002717,EMP0227,2025-05-01 00:00:00,22,21,0,1,1.6
ATT002718,EMP0227,2025-06-01 00:00:00,21,21,0,0,0.7
ATT002719,EMP0227,2025-07-01 00:00:00,21,19,0,2,16.3
ATT002720,EMP0227,2025-08-01 00:00:00,21,20,0,1,16.4
ATT002721,EMP0227,2025-09-01 00:00:00,23,22,0,1,9.8
ATT002722,EMP0227,2025-10-01 00:00:00,21,21,0,0,5.2
ATT002723,EMP0227,2025-11-01 00:00:00,22,21,0,1,6.2
ATT002724,EMP0227,2025-12-01 00:00:00,22,18,2,2,9.7
ATT002725,EMP0228,2025-01-01 00:00:00,23,19,2,2,16.7
ATT002726,EMP0228,2025-02-01 00:00:00,20,19,0,1,4.9
ATT002727,EMP0228,2025-03-01 00:00:00,22,20,1,1,1.7
ATT002728,EMP0228,2025-04-01 00:00:00,22,19,2,1,7.1
ATT002729,EMP0228,2025-05-01 00:00:00,21,19,2,0,21.4
ATT002730,EMP0228,2025-06-01 00:00:00,22,20,0,2,7.2
ATT002731,EMP0228,2025-07-01 00:00:00,22,19,2,1,0
ATT002732,EMP0228,2025-08-01 00:00:00,22,19,1,2,8.5
ATT002733,EMP0228,2025-09-01 00:00:00,20,17,1,2,23.5
ATT002734,EMP0228,2025-10-01 00:00:00,22,17,2,3,7.5
ATT002735,EMP0228,2025-11-01 00:00:00,20,18,0,2,4.6
ATT002736,EMP0228,2025-12-01 00:00:00,21,20,1,0,0
ATT002737,EMP0229,2025-01-01 00:00:00,22,20,0,2,8.9
ATT002738,EMP0229,2025-02-01 00:00:00,21,17,1,3,5.6
ATT002739,EMP0229,2025-03-01 00:00:00,20,20,0,0,6.5
ATT002740,EMP0229,2025-04-01 00:00:00,20,18,1,1,0
ATT002741,EMP0229,2025-05-01 00:00:00,21,19,0,2,10.8
ATT002742,EMP0229,2025-06-01 00:00:00,23,19,1,3,3.3
ATT002743,EMP0229,2025-07-01 00:00:00,21,16,2,3,1.4
ATT002744,EMP0229,2025-08-01 00:00:00,22,18,0,4,20.3
ATT002745,EMP0229,2025-09-01 00:00:00,21,20,0,1,3.2
ATT002746,EMP0229,2025-10-01 00:00:00,21,20,1,0,18
ATT002747,EMP0229,2025-11-01 00:00:00,21,18,0,3,4.3
ATT002748,EMP0229,2025-12-01 00:00:00,20,17,0,3,6.9
ATT002749,EMP0230,2025-01-01 00:00:00,21,18,1,2,0
ATT002750,EMP0230,2025-02-01 00:00:00,21,18,1,2,0
ATT002751,EMP0230,2025-03-01 00:00:00,22,19,2,1,6.5
ATT002752,EMP0230,2025-04-01 00:00:00,22,19,0,3,0
ATT002753,EMP0230,2025-05-01 00:00:00,22,20,0,2,10.7
ATT002754,EMP0230,2025-06-01 00:00:00,20,18,1,1,8.6
ATT002755,EMP0230,2025-07-01 00:00:00,22,21,1,0,6.3
ATT002756,EMP0230,2025-08-01 00:00:00,22,20,1,1,7.7
ATT002757,EMP0230,2025-09-01 00:00:00,23,21,2,0,6.7
ATT002758,EMP0230,2025-10-01 00:00:00,23,21,0,2,12.9
ATT002759,EMP0230,2025-11-01 00:00:00,22,19,0,3,0
ATT002760,EMP0230,2025-12-01 00:00:00,22,21,0,1,10.1
ATT002761,EMP0231,2025-01-01 00:00:00,21,21,0,0,14.9
ATT002762,EMP0231,2025-02-01 00:00:00,22,20,2,0,0
ATT002763,EMP0231,2025-03-01 00:00:00,21,18,0,3,8.1
ATT002764,EMP0231,2025-04-01 00:00:00,22,22,0,0,9.9
ATT002765,EMP0231,2025-05-01 00:00:00,22,21,0,1,2.8
ATT002766,EMP0231,2025-06-01 00:00:00,23,22,1,0,17.3
ATT002767,EMP0231,2025-07-01 00:00:00,20,19,0,1,11.1
ATT002768,EMP0231,2025-08-01 00:00:00,22,20,0,2,3.4
ATT002769,EMP0231,2025-09-01 00:00:00,22,21,0,1,0
ATT002770,EMP0231,2025-10-01 00:00:00,22,19,1,2,9.5
ATT002771,EMP0231,2025-11-01 00:00:00,23,19,2,2,15.3
ATT002772,EMP0231,2025-12-01 00:00:00,22,17,2,3,2.1
ATT002773,EMP0232,2025-01-01 00:00:00,22,22,0,0,8.9
ATT002774,EMP0232,2025-02-01 00:00:00,21,20,1,0,0.8
ATT002775,EMP0232,2025-03-01 00:00:00,22,21,0,1,15.2
ATT002776,EMP0232,2025-04-01 00:00:00,21,16,1,4,1.1
ATT002777,EMP0232,2025-05-01 00:00:00,22,20,1,1,11.4
ATT002778,EMP0232,2025-06-01 00:00:00,22,19,0,3,2.1
ATT002779,EMP0232,2025-07-01 00:00:00,22,21,0,1,16.6
ATT002780,EMP0232,2025-08-01 00:00:00,23,17,1,5,0
ATT002781,EMP0232,2025-09-01 00:00:00,22,21,1,0,11.4
ATT002782,EMP0232,2025-10-01 00:00:00,22,21,0,1,10.4
ATT002783,EMP0232,2025-11-01 00:00:00,20,18,2,0,2
ATT002784,EMP0232,2025-12-01 00:00:00,23,22,0,1,3.4
ATT002785,EMP0233,2025-01-01 00:00:00,20,14,1,5,6.7
ATT002786,EMP0233,2025-02-01 00:00:00,23,22,1,0,11.5
ATT002787,EMP0233,2025-03-01 00:00:00,22,20,1,1,18.8
ATT002788,EMP0233,2025-04-01 00:00:00,20,17,0,3,18.3
ATT002789,EMP0233,2025-05-01 00:00:00,21,16,0,5,7.7
ATT002790,EMP0233,2025-06-01 00:00:00,21,19,1,1,7.9
ATT002791,EMP0233,2025-07-01 00:00:00,22,22,0,0,2.7
ATT002792,EMP0233,2025-08-01 00:00:00,23,22,1,0,11.7
ATT002793,EMP0233,2025-09-01 00:00:00,21,17,3,1,11.6
ATT002794,EMP0233,2025-10-01 00:00:00,21,21,0,0,21.3
ATT002795,EMP0233,2025-11-01 00:00:00,22,21,0,1,13
ATT002796,EMP0233,2025-12-01 00:00:00,22,19,0,3,7.8
ATT002797,EMP0234,2025-01-01 00:00:00,22,21,1,0,1.9
ATT002798,EMP0234,2025-02-01 00:00:00,21,20,0,1,8.2
ATT002799,EMP0234,2025-03-01 00:00:00,22,15,2,5,21.6
ATT002800,EMP0234,2025-04-01 00:00:00,22,19,1,2,11
ATT002801,EMP0234,2025-05-01 00:00:00,21,16,2,3,5.7
ATT002802,EMP0234,2025-06-01 00:00:00,22,20,0,2,7.6
ATT002803,EMP0234,2025-07-01 00:00:00,22,21,1,0,4.3
ATT002804,EMP0234,2025-08-01 00:00:00,22,19,0,3,7
ATT002805,EMP0234,2025-09-01 00:00:00,22,21,1,0,11.8
ATT002806,EMP0234,2025-10-01 00:00:00,21,21,0,0,12.4
ATT002807,EMP0234,2025-11-01 00:00:00,20,17,2,1,10.7
ATT002808,EMP0234,2025-12-01 00:00:00,21,21,0,0,20.6
ATT002809,EMP0235,2025-01-01 00:00:00,23,23,0,0,9.2
ATT002810,EMP0235,2025-02-01 00:00:00,21,20,0,1,23.2
ATT002811,EMP0235,2025-03-01 00:00:00,22,22,0,0,12.1
ATT002812,EMP0235,2025-04-01 00:00:00,22,20,0,2,7.6
ATT002813,EMP0235,2025-05-01 00:00:00,23,20,1,2,4.3
ATT002814,EMP0235,2025-06-01 00:00:00,23,18,1,4,7
ATT002815,EMP0235,2025-07-01 00:00:00,23,21,1,1,11.2
ATT002816,EMP0235,2025-08-01 00:00:00,21,19,1,1,5.8
ATT002817,EMP0235,2025-09-01 00:00:00,22,19,1,2,13.2
ATT002818,EMP0235,2025-10-01 00:00:00,22,18,1,3,0
ATT002819,EMP0235,2025-11-01 00:00:00,22,18,2,2,10.8
ATT002820,EMP0235,2025-12-01 00:00:00,21,18,1,2,13.6
ATT002821,EMP0236,2025-01-01 00:00:00,22,19,1,2,13.1
ATT002822,EMP0236,2025-02-01 00:00:00,22,22,0,0,1.8
ATT002823,EMP0236,2025-03-01 00:00:00,23,20,0,3,18.6
ATT002824,EMP0236,2025-04-01 00:00:00,21,19,1,1,8.4
ATT002825,EMP0236,2025-05-01 00:00:00,23,23,0,0,5.1
ATT002826,EMP0236,2025-06-01 00:00:00,22,18,0,4,16.6
ATT002827,EMP0236,2025-07-01 00:00:00,22,21,1,0,20.1
ATT002828,EMP0236,2025-08-01 00:00:00,21,21,0,0,9.6
ATT002829,EMP0236,2025-09-01 00:00:00,22,17,2,3,1.6
ATT002830,EMP0236,2025-10-01 00:00:00,22,22,0,0,4.2
ATT002831,EMP0236,2025-11-01 00:00:00,22,20,1,1,25.1
ATT002832,EMP0236,2025-12-01 00:00:00,21,18,2,1,10.4
ATT002833,EMP0237,2025-01-01 00:00:00,23,20,1,2,10.9
ATT002834,EMP0237,2025-02-01 00:00:00,22,20,1,1,10.8
ATT002835,EMP0237,2025-03-01 00:00:00,20,18,0,2,11.8
ATT002836,EMP0237,2025-04-01 00:00:00,22,22,0,0,20.3
ATT002837,EMP0237,2025-05-01 00:00:00,21,18,0,3,10.5
ATT002838,EMP0237,2025-06-01 00:00:00,22,20,0,2,15.1
ATT002839,EMP0237,2025-07-01 00:00:00,22,18,0,4,0.7
ATT002840,EMP0237,2025-08-01 00:00:00,22,21,1,0,12.6
ATT002841,EMP0237,2025-09-01 00:00:00,21,20,1,0,0.9
ATT002842,EMP0237,2025-10-01 00:00:00,22,21,0,1,0
ATT002843,EMP0237,2025-11-01 00:00:00,21,17,1,3,17.4
ATT002844,EMP0237,2025-12-01 00:00:00,23,18,1,4,6.3
ATT002845,EMP0238,2025-01-01 00:00:00,22,18,1,3,2.5
ATT002846,EMP0238,2025-02-01 00:00:00,20,19,0,1,4.4
ATT002847,EMP0238,2025-03-01 00:00:00,21,19,2,0,10.9
ATT002848,EMP0238,2025-04-01 00:00:00,21,19,1,1,5.3
ATT002849,EMP0238,2025-05-01 00:00:00,21,18,1,2,16.1
ATT002850,EMP0238,2025-06-01 00:00:00,23,22,1,0,1.8
ATT002851,EMP0238,2025-07-01 00:00:00,21,19,1,1,0.6
ATT002852,EMP0238,2025-08-01 00:00:00,22,21,1,0,6.7
ATT002853,EMP0238,2025-09-01 00:00:00,20,17,0,3,9.3
ATT002854,EMP0238,2025-10-01 00:00:00,22,19,0,3,0
ATT002855,EMP0238,2025-11-01 00:00:00,21,16,3,2,6.9
ATT002856,EMP0238,2025-12-01 00:00:00,22,21,0,1,1.9
ATT002857,EMP0239,2025-01-01 00:00:00,21,21,0,0,14
ATT002858,EMP0239,2025-02-01 00:00:00,22,21,0,1,0.6
ATT002859,EMP0239,2025-03-01 00:00:00,22,22,0,0,17.1
ATT002860,EMP0239,2025-04-01 00:00:00,22,21,1,0,10.9
ATT002861,EMP0239,2025-05-01 00:00:00,21,16,1,4,1.9
ATT002862,EMP0239,2025-06-01 00:00:00,20,16,0,4,4.8
ATT002863,EMP0239,2025-07-01 00:00:00,22,20,0,2,9.6
ATT002864,EMP0239,2025-08-01 00:00:00,21,20,1,0,10
ATT002865,EMP0239,2025-09-01 00:00:00,22,19,2,1,1.1
ATT002866,EMP0239,2025-10-01 00:00:00,22,21,0,1,0.1
ATT002867,EMP0239,2025-11-01 00:00:00,21,17,2,2,3.7
ATT002868,EMP0239,2025-12-01 00:00:00,22,20,1,1,10.6
ATT002869,EMP0240,2025-01-01 00:00:00,23,22,1,0,16.4
ATT002870,EMP0240,2025-02-01 00:00:00,21,19,0,2,0.8
ATT002871,EMP0240,2025-03-01 00:00:00,22,21,0,1,11.5
ATT002872,EMP0240,2025-04-01 00:00:00,22,21,1,0,10.1
ATT002873,EMP0240,2025-05-01 00:00:00,23,21,1,1,13.2
ATT002874,EMP0240,2025-06-01 00:00:00,20,15,3,2,9.5
ATT002875,EMP0240,2025-07-01 00:00:00,21,15,1,5,6.3
ATT002876,EMP0240,2025-08-01 00:00:00,22,21,0,1,14.8
ATT002877,EMP0240,2025-09-01 00:00:00,22,21,0,1,4.5
ATT002878,EMP0240,2025-10-01 00:00:00,22,19,1,2,14.3
ATT002879,EMP0240,2025-11-01 00:00:00,22,18,2,2,10.3
ATT002880,EMP0240,2025-12-01 00:00:00,23,20,1,2,12.9
ATT002881,EMP0241,2025-01-01 00:00:00,23,19,1,3,0.7
ATT002882,EMP0241,2025-02-01 00:00:00,22,19,3,0,2.9
ATT002883,EMP0241,2025-03-01 00:00:00,22,21,1,0,0.9
ATT002884,EMP0241,2025-04-01 00:00:00,22,21,0,1,8.1
ATT002885,EMP0241,2025-05-01 00:00:00,23,19,2,2,8.3
ATT002886,EMP0241,2025-06-01 00:00:00,22,20,1,1,7.3
ATT002887,EMP0241,2025-07-01 00:00:00,22,18,2,2,12.8
ATT002888,EMP0241,2025-08-01 00:00:00,21,18,1,2,0
ATT002889,EMP0241,2025-09-01 00:00:00,22,17,1,4,6.2
ATT002890,EMP0241,2025-10-01 00:00:00,21,20,1,0,7.7
ATT002891,EMP0241,2025-11-01 00:00:00,21,16,1,4,12.6
ATT002892,EMP0241,2025-12-01 00:00:00,21,15,3,3,0
ATT002893,EMP0242,2025-01-01 00:00:00,23,21,2,0,0
ATT002894,EMP0242,2025-02-01 00:00:00,22,18,0,4,7.7
ATT002895,EMP0242,2025-03-01 00:00:00,22,22,0,0,17
ATT002896,EMP0242,2025-04-01 00:00:00,21,21,0,0,9
ATT002897,EMP0242,2025-05-01 00:00:00,21,19,1,1,9.5
ATT002898,EMP0242,2025-06-01 00:00:00,22,19,1,2,9.9
ATT002899,EMP0242,2025-07-01 00:00:00,21,19,1,1,6.6
ATT002900,EMP0242,2025-08-01 00:00:00,23,21,1,1,18.3
ATT002901,EMP0242,2025-09-01 00:00:00,22,19,1,2,2.2
ATT002902,EMP0242,2025-10-01 00:00:00,22,19,0,3,3.9
ATT002903,EMP0242,2025-11-01 00:00:00,23,23,0,0,0
ATT002904,EMP0242,2025-12-01 00:00:00,22,21,0,1,9.4
ATT002905,EMP0243,2025-01-01 00:00:00,20,17,0,3,1.2
ATT002906,EMP0243,2025-02-01 00:00:00,21,19,1,1,16.3
ATT002907,EMP0243,2025-03-01 00:00:00,20,17,0,3,9.4
ATT002908,EMP0243,2025-04-01 00:00:00,22,21,0,1,13.5
ATT002909,EMP0243,2025-05-01 00:00:00,22,18,0,4,11.9
ATT002910,EMP0243,2025-06-01 00:00:00,21,20,0,1,15.1
ATT002911,EMP0243,2025-07-01 00:00:00,21,21,0,0,0
ATT002912,EMP0243,2025-08-01 00:00:00,22,22,0,0,0
ATT002913,EMP0243,2025-09-01 00:00:00,20,17,0,3,1
ATT002914,EMP0243,2025-10-01 00:00:00,21,20,0,1,16.3
ATT002915,EMP0243,2025-11-01 00:00:00,22,21,1,0,7.1
ATT002916,EMP0243,2025-12-01 00:00:00,22,19,2,1,1.8
ATT002917,EMP0244,2025-01-01 00:00:00,21,21,0,0,10.2
ATT002918,EMP0244,2025-02-01 00:00:00,21,21,0,0,0
ATT002919,EMP0244,2025-03-01 00:00:00,22,21,0,1,15.9
ATT002920,EMP0244,2025-04-01 00:00:00,22,18,3,1,3.4
ATT002921,EMP0244,2025-05-01 00:00:00,22,19,0,3,4.2
ATT002922,EMP0244,2025-06-01 00:00:00,22,19,1,2,8
ATT002923,EMP0244,2025-07-01 00:00:00,21,19,1,1,12.7
ATT002924,EMP0244,2025-08-01 00:00:00,21,19,0,2,4.7
ATT002925,EMP0244,2025-09-01 00:00:00,22,21,1,0,11.4
ATT002926,EMP0244,2025-10-01 00:00:00,21,18,3,0,14.9
ATT002927,EMP0244,2025-11-01 00:00:00,22,18,2,2,5.4
ATT002928,EMP0244,2025-12-01 00:00:00,22,19,1,2,0
ATT002929,EMP0245,2025-01-01 00:00:00,20,19,1,0,5
ATT002930,EMP0245,2025-02-01 00:00:00,22,18,1,3,14.6
ATT002931,EMP0245,2025-03-01 00:00:00,21,20,0,1,7.3
ATT002932,EMP0245,2025-04-01 00:00:00,22,19,0,3,0
ATT002933,EMP0245,2025-05-01 00:00:00,23,20,1,2,7.5
ATT002934,EMP0245,2025-06-01 00:00:00,21,15,1,5,6.4
ATT002935,EMP0245,2025-07-01 00:00:00,23,21,1,1,0.5
ATT002936,EMP0245,2025-08-01 00:00:00,21,18,2,1,0
ATT002937,EMP0245,2025-09-01 00:00:00,20,20,0,0,14.3
ATT002938,EMP0245,2025-10-01 00:00:00,22,21,1,0,18
ATT002939,EMP0245,2025-11-01 00:00:00,23,22,0,1,0
ATT002940,EMP0245,2025-12-01 00:00:00,20,19,1,0,3.6
ATT002941,EMP0246,2025-01-01 00:00:00,21,20,1,0,15.5
ATT002942,EMP0246,2025-02-01 00:00:00,22,20,1,1,13.8
ATT002943,EMP0246,2025-03-01 00:00:00,21,18,0,3,0
ATT002944,EMP0246,2025-04-01 00:00:00,20,16,3,1,0
ATT002945,EMP0246,2025-05-01 00:00:00,22,22,0,0,20.7
ATT002946,EMP0246,2025-06-01 00:00:00,21,18,2,1,17.4
ATT002947,EMP0246,2025-07-01 00:00:00,22,21,1,0,1.2
ATT002948,EMP0246,2025-08-01 00:00:00,22,19,0,3,9.2
ATT002949,EMP0246,2025-09-01 00:00:00,22,20,0,2,7.9
ATT002950,EMP0246,2025-10-01 00:00:00,21,15,2,4,6.5
ATT002951,EMP0246,2025-11-01 00:00:00,22,21,0,1,13.6
ATT002952,EMP0246,2025-12-01 00:00:00,21,19,0,2,17.8
ATT002953,EMP0247,2025-01-01 00:00:00,21,18,1,2,7.6
ATT002954,EMP0247,2025-02-01 00:00:00,21,19,0,2,0
ATT002955,EMP0247,2025-03-01 00:00:00,21,17,0,4,0.4
ATT002956,EMP0247,2025-04-01 00:00:00,22,21,0,1,8
ATT002957,EMP0247,2025-05-01 00:00:00,22,20,1,1,0.9
ATT002958,EMP0247,2025-06-01 00:00:00,20,19,0,1,7.3
ATT002959,EMP0247,2025-07-01 00:00:00,21,18,2,1,16.6
ATT002960,EMP0247,2025-08-01 00:00:00,23,23,0,0,6.3
ATT002961,EMP0247,2025-09-01 00:00:00,20,17,1,2,10.8
ATT002962,EMP0247,2025-10-01 00:00:00,22,18,1,3,4
ATT002963,EMP0247,2025-11-01 00:00:00,22,19,2,1,14.9
ATT002964,EMP0247,2025-12-01 00:00:00,21,19,0,2,7.9
ATT002965,EMP0248,2025-01-01 00:00:00,21,21,0,0,11.2
ATT002966,EMP0248,2025-02-01 00:00:00,21,19,1,1,0
ATT002967,EMP0248,2025-03-01 00:00:00,23,20,2,1,4.5
ATT002968,EMP0248,2025-04-01 00:00:00,21,20,1,0,13.4
ATT002969,EMP0248,2025-05-01 00:00:00,22,19,1,2,1.4
ATT002970,EMP0248,2025-06-01 00:00:00,22,20,1,1,10.2
ATT002971,EMP0248,2025-07-01 00:00:00,20,15,2,3,18.6
ATT002972,EMP0248,2025-08-01 00:00:00,22,19,1,2,0
ATT002973,EMP0248,2025-09-01 00:00:00,22,20,1,1,14.9
ATT002974,EMP0248,2025-10-01 00:00:00,21,18,2,1,6.1
ATT002975,EMP0248,2025-11-01 00:00:00,22,20,1,1,13.7
ATT002976,EMP0248,2025-12-01 00:00:00,22,20,0,2,2.4
ATT002977,EMP0249,2025-01-01 00:00:00,22,20,0,2,9.1
ATT002978,EMP0249,2025-02-01 00:00:00,21,20,1,0,7.2
ATT002979,EMP0249,2025-03-01 00:00:00,23,21,0,2,12.1
ATT002980,EMP0249,2025-04-01 00:00:00,22,18,3,1,9.2
ATT002981,EMP0249,2025-05-01 00:00:00,21,19,1,1,17.9
ATT002982,EMP0249,2025-06-01 00:00:00,21,18,1,2,18.7
ATT002983,EMP0249,2025-07-01 00:00:00,22,20,1,1,7
ATT002984,EMP0249,2025-08-01 00:00:00,22,19,2,1,6.7
ATT002985,EMP0249,2025-09-01 00:00:00,23,20,1,2,13.3
ATT002986,EMP0249,2025-10-01 00:00:00,21,17,1,3,15.5
ATT002987,EMP0249,2025-11-01 00:00:00,22,21,1,0,10.4
ATT002988,EMP0249,2025-12-01 00:00:00,22,20,0,2,0.7
ATT002989,EMP0250,2025-01-01 00:00:00,22,18,1,3,14.2
ATT002990,EMP0250,2025-02-01 00:00:00,23,21,2,0,10
ATT002991,EMP0250,2025-03-01 00:00:00,23,23,0,0,19.8
ATT002992,EMP0250,2025-04-01 00:00:00,21,21,0,0,5
ATT002993,EMP0250,2025-05-01 00:00:00,23,21,1,1,0
ATT002994,EMP0250,2025-06-01 00:00:00,22,20,2,0,9
ATT002995,EMP0250,2025-07-01 00:00:00,22,20,0,2,7.6
ATT002996,EMP0250,2025-08-01 00:00:00,23,18,2,3,8.9
ATT002997,EMP0250,2025-09-01 00:00:00,23,17,2,4,3.4
ATT002998,EMP0250,2025-10-01 00:00:00,23,22,0,1,5.7
ATT002999,EMP0250,2025-11-01 00:00:00,21,20,0,1,14
ATT003000,EMP0250,2025-12-01 00:00:00,23,22,0,1,11.1
ATT003001,EMP0251,2025-01-01 00:00:00,21,17,1,3,5.2
ATT003002,EMP0251,2025-02-01 00:00:00,21,20,0,1,19.6
ATT003003,EMP0251,2025-03-01 00:00:00,21,21,0,0,6.8
ATT003004,EMP0251,2025-04-01 00:00:00,21,20,0,1,7.3
ATT003005,EMP0251,2025-05-01 00:00:00,22,21,1,0,2.2
ATT003006,EMP0251,2025-06-01 00:00:00,23,19,1,3,12.8
ATT003007,EMP0251,2025-07-01 00:00:00,23,19,3,1,5.4
ATT003008,EMP0251,2025-08-01 00:00:00,21,16,1,4,3.4
ATT003009,EMP0251,2025-09-01 00:00:00,22,22,0,0,13.1
ATT003010,EMP0251,2025-10-01 00:00:00,21,18,0,3,9.3
ATT003011,EMP0251,2025-11-01 00:00:00,22,19,2,1,6.7
ATT003012,EMP0251,2025-12-01 00:00:00,21,21,0,0,22.4
ATT003013,EMP0252,2025-01-01 00:00:00,21,17,0,4,7.1
ATT003014,EMP0252,2025-02-01 00:00:00,20,17,2,1,11.6
ATT003015,EMP0252,2025-03-01 00:00:00,22,18,2,2,3.6
ATT003016,EMP0252,2025-04-01 00:00:00,22,20,0,2,7.7
ATT003017,EMP0252,2025-05-01 00:00:00,20,20,0,0,19.9
ATT003018,EMP0252,2025-06-01 00:00:00,22,20,1,1,14.1
ATT003019,EMP0252,2025-07-01 00:00:00,22,18,0,4,10.8
ATT003020,EMP0252,2025-08-01 00:00:00,22,20,1,1,13.4
ATT003021,EMP0252,2025-09-01 00:00:00,22,18,3,1,0
ATT003022,EMP0252,2025-10-01 00:00:00,23,19,0,4,11.5
ATT003023,EMP0252,2025-11-01 00:00:00,22,21,0,1,17
ATT003024,EMP0252,2025-12-01 00:00:00,21,16,1,4,12.8
ATT003025,EMP0253,2025-01-01 00:00:00,22,20,0,2,0
ATT003026,EMP0253,2025-02-01 00:00:00,22,21,1,0,9.7
ATT003027,EMP0253,2025-03-01 00:00:00,21,19,2,0,10.2
ATT003028,EMP0253,2025-04-01 00:00:00,22,19,2,1,8.7
ATT003029,EMP0253,2025-05-01 00:00:00,23,18,3,2,16
ATT003030,EMP0253,2025-06-01 00:00:00,22,22,0,0,10.1
ATT003031,EMP0253,2025-07-01 00:00:00,21,17,1,3,11.8
ATT003032,EMP0253,2025-08-01 00:00:00,20,16,2,2,0
ATT003033,EMP0253,2025-09-01 00:00:00,22,18,0,4,12.7
ATT003034,EMP0253,2025-10-01 00:00:00,23,21,0,2,14.6
ATT003035,EMP0253,2025-11-01 00:00:00,21,21,0,0,3.2
ATT003036,EMP0253,2025-12-01 00:00:00,21,18,1,2,12.6
ATT003037,EMP0254,2025-01-01 00:00:00,21,20,0,1,21.6
ATT003038,EMP0254,2025-02-01 00:00:00,20,16,1,3,11.3
ATT003039,EMP0254,2025-03-01 00:00:00,21,19,2,0,11.2
ATT003040,EMP0254,2025-04-01 00:00:00,23,20,2,1,6.5
ATT003041,EMP0254,2025-05-01 00:00:00,22,20,1,1,8.3
ATT003042,EMP0254,2025-06-01 00:00:00,23,22,0,1,3.2
ATT003043,EMP0254,2025-07-01 00:00:00,21,15,3,3,11.4
ATT003044,EMP0254,2025-08-01 00:00:00,22,20,1,1,1.9
ATT003045,EMP0254,2025-09-01 00:00:00,21,19,1,1,14.9
ATT003046,EMP0254,2025-10-01 00:00:00,21,21,0,0,9.2
ATT003047,EMP0254,2025-11-01 00:00:00,21,19,1,1,15.1
ATT003048,EMP0254,2025-12-01 00:00:00,22,20,0,2,4.3
ATT003049,EMP0255,2025-01-01 00:00:00,23,22,1,0,6.2
ATT003050,EMP0255,2025-02-01 00:00:00,22,21,1,0,9.9
ATT003051,EMP0255,2025-03-01 00:00:00,22,20,0,2,4
ATT003052,EMP0255,2025-04-01 00:00:00,22,19,0,3,1.4
ATT003053,EMP0255,2025-05-01 00:00:00,21,20,1,0,6.7
ATT003054,EMP0255,2025-06-01 00:00:00,23,20,0,3,8
ATT003055,EMP0255,2025-07-01 00:00:00,20,17,1,2,9.8
ATT003056,EMP0255,2025-08-01 00:00:00,23,20,0,3,14
ATT003057,EMP0255,2025-09-01 00:00:00,22,20,0,2,7.2
ATT003058,EMP0255,2025-10-01 00:00:00,22,17,0,5,9.6
ATT003059,EMP0255,2025-11-01 00:00:00,20,18,0,2,15.8
ATT003060,EMP0255,2025-12-01 00:00:00,22,21,0,1,6.6
ATT003061,EMP0256,2025-01-01 00:00:00,23,21,0,2,3.1
ATT003062,EMP0256,2025-02-01 00:00:00,21,16,0,5,9.1
ATT003063,EMP0256,2025-03-01 00:00:00,22,18,0,4,3.5
ATT003064,EMP0256,2025-04-01 00:00:00,23,20,3,0,5.4
ATT003065,EMP0256,2025-05-01 00:00:00,22,18,1,3,9.8
ATT003066,EMP0256,2025-06-01 00:00:00,22,21,1,0,7.2
ATT003067,EMP0256,2025-07-01 00:00:00,23,19,2,2,0
ATT003068,EMP0256,2025-08-01 00:00:00,21,18,1,2,8.6
ATT003069,EMP0256,2025-09-01 00:00:00,22,22,0,0,6.3
ATT003070,EMP0256,2025-10-01 00:00:00,21,17,1,3,7.9
ATT003071,EMP0256,2025-11-01 00:00:00,22,21,0,1,15.2
ATT003072,EMP0256,2025-12-01 00:00:00,22,18,3,1,6.6
ATT003073,EMP0257,2025-01-01 00:00:00,21,19,2,0,13.7
ATT003074,EMP0257,2025-02-01 00:00:00,23,21,0,2,16.1
ATT003075,EMP0257,2025-03-01 00:00:00,22,22,0,0,4
ATT003076,EMP0257,2025-04-01 00:00:00,21,17,2,2,3.7
ATT003077,EMP0257,2025-05-01 00:00:00,22,18,1,3,6.6
ATT003078,EMP0257,2025-06-01 00:00:00,23,19,1,3,10
ATT003079,EMP0257,2025-07-01 00:00:00,21,19,2,0,6.6
ATT003080,EMP0257,2025-08-01 00:00:00,22,20,0,2,9.9
ATT003081,EMP0257,2025-09-01 00:00:00,22,21,1,0,14.6
ATT003082,EMP0257,2025-10-01 00:00:00,21,19,1,1,11
ATT003083,EMP0257,2025-11-01 00:00:00,21,20,1,0,9.5
ATT003084,EMP0257,2025-12-01 00:00:00,22,20,0,2,19.2
ATT003085,EMP0258,2025-01-01 00:00:00,22,22,0,0,2.7
ATT003086,EMP0258,2025-02-01 00:00:00,22,19,0,3,22.3
ATT003087,EMP0258,2025-03-01 00:00:00,23,23,0,0,15.4
ATT003088,EMP0258,2025-04-01 00:00:00,22,21,0,1,6.7
ATT003089,EMP0258,2025-05-01 00:00:00,22,21,1,0,7.2
ATT003090,EMP0258,2025-06-01 00:00:00,22,20,1,1,6.3
ATT003091,EMP0258,2025-07-01 00:00:00,23,20,2,1,13.9
ATT003092,EMP0258,2025-08-01 00:00:00,22,18,0,4,8
ATT003093,EMP0258,2025-09-01 00:00:00,21,16,1,4,5.9
ATT003094,EMP0258,2025-10-01 00:00:00,21,17,3,1,12.7
ATT003095,EMP0258,2025-11-01 00:00:00,22,20,0,2,4.8
ATT003096,EMP0258,2025-12-01 00:00:00,22,21,0,1,7.8
ATT003097,EMP0259,2025-01-01 00:00:00,22,19,1,2,7
ATT003098,EMP0259,2025-02-01 00:00:00,22,20,0,2,8.5
ATT003099,EMP0259,2025-03-01 00:00:00,23,21,1,1,14.2
ATT003100,EMP0259,2025-04-01 00:00:00,21,16,2,3,11.4
ATT003101,EMP0259,2025-05-01 00:00:00,23,21,1,1,15.3
ATT003102,EMP0259,2025-06-01 00:00:00,22,19,1,2,7.3
ATT003103,EMP0259,2025-07-01 00:00:00,22,22,0,0,10.9
ATT003104,EMP0259,2025-08-01 00:00:00,23,21,1,1,8.1
ATT003105,EMP0259,2025-09-01 00:00:00,22,19,1,2,2.2
ATT003106,EMP0259,2025-10-01 00:00:00,22,21,0,1,3.1
ATT003107,EMP0259,2025-11-01 00:00:00,21,21,0,0,8.9
ATT003108,EMP0259,2025-12-01 00:00:00,21,20,1,0,3
ATT003109,EMP0260,2025-01-01 00:00:00,23,19,1,3,4.7
ATT003110,EMP0260,2025-02-01 00:00:00,20,19,0,1,3.7
ATT003111,EMP0260,2025-03-01 00:00:00,22,20,1,1,0
ATT003112,EMP0260,2025-04-01 00:00:00,22,17,2,3,3.4
ATT003113,EMP0260,2025-05-01 00:00:00,22,17,0,5,15.1
ATT003114,EMP0260,2025-06-01 00:00:00,23,18,0,5,5
ATT003115,EMP0260,2025-07-01 00:00:00,22,19,0,3,14.5
ATT003116,EMP0260,2025-08-01 00:00:00,22,18,1,3,11.9
ATT003117,EMP0260,2025-09-01 00:00:00,22,20,0,2,12.8
ATT003118,EMP0260,2025-10-01 00:00:00,22,15,2,5,3.2
ATT003119,EMP0260,2025-11-01 00:00:00,21,19,0,2,8.6
ATT003120,EMP0260,2025-12-01 00:00:00,20,18,2,0,16.1
ATT003121,EMP0261,2025-01-01 00:00:00,22,19,1,2,8.8
ATT003122,EMP0261,2025-02-01 00:00:00,23,22,1,0,9.2
ATT003123,EMP0261,2025-03-01 00:00:00,22,18,1,3,8.6
ATT003124,EMP0261,2025-04-01 00:00:00,22,20,0,2,15.8
ATT003125,EMP0261,2025-05-01 00:00:00,23,23,0,0,13.1
ATT003126,EMP0261,2025-06-01 00:00:00,23,21,0,2,12.1
ATT003127,EMP0261,2025-07-01 00:00:00,22,18,0,4,7.9
ATT003128,EMP0261,2025-08-01 00:00:00,21,18,2,1,0.5
ATT003129,EMP0261,2025-09-01 00:00:00,20,16,0,4,0
ATT003130,EMP0261,2025-10-01 00:00:00,21,19,0,2,11.7
ATT003131,EMP0261,2025-11-01 00:00:00,21,18,3,0,12.4
ATT003132,EMP0261,2025-12-01 00:00:00,22,20,0,2,4.4
ATT003133,EMP0262,2025-01-01 00:00:00,21,19,0,2,4.2
ATT003134,EMP0262,2025-02-01 00:00:00,20,16,1,3,0
ATT003135,EMP0262,2025-03-01 00:00:00,21,20,0,1,7.4
ATT003136,EMP0262,2025-04-01 00:00:00,21,20,1,0,3.1
ATT003137,EMP0262,2025-05-01 00:00:00,22,20,1,1,10.4
ATT003138,EMP0262,2025-06-01 00:00:00,21,20,1,0,6.5
ATT003139,EMP0262,2025-07-01 00:00:00,21,18,1,2,3.9
ATT003140,EMP0262,2025-08-01 00:00:00,20,18,2,0,0
ATT003141,EMP0262,2025-09-01 00:00:00,23,18,1,4,12.1
ATT003142,EMP0262,2025-10-01 00:00:00,22,19,1,2,2.9
ATT003143,EMP0262,2025-11-01 00:00:00,21,20,1,0,4.2
ATT003144,EMP0262,2025-12-01 00:00:00,22,18,1,3,3.2
ATT003145,EMP0263,2025-01-01 00:00:00,22,16,2,4,6.1
ATT003146,EMP0263,2025-02-01 00:00:00,22,18,1,3,8.8
ATT003147,EMP0263,2025-03-01 00:00:00,20,19,0,1,0
ATT003148,EMP0263,2025-04-01 00:00:00,22,17,2,3,11.1
ATT003149,EMP0263,2025-05-01 00:00:00,21,18,0,3,2.3
ATT003150,EMP0263,2025-06-01 00:00:00,22,21,1,0,5.7
ATT003151,EMP0263,2025-07-01 00:00:00,22,20,1,1,3.6
ATT003152,EMP0263,2025-08-01 00:00:00,22,20,0,2,7.6
ATT003153,EMP0263,2025-09-01 00:00:00,21,20,1,0,4.9
ATT003154,EMP0263,2025-10-01 00:00:00,20,18,0,2,7.1
ATT003155,EMP0263,2025-11-01 00:00:00,22,21,1,0,0
ATT003156,EMP0263,2025-12-01 00:00:00,22,18,3,1,12.4
ATT003157,EMP0264,2025-01-01 00:00:00,21,19,1,1,15
ATT003158,EMP0264,2025-02-01 00:00:00,22,20,1,1,0
ATT003159,EMP0264,2025-03-01 00:00:00,21,16,0,5,0
ATT003160,EMP0264,2025-04-01 00:00:00,21,20,0,1,3.6
ATT003161,EMP0264,2025-05-01 00:00:00,22,21,0,1,17
ATT003162,EMP0264,2025-06-01 00:00:00,21,19,0,2,12.4
ATT003163,EMP0264,2025-07-01 00:00:00,22,19,1,2,10.3
ATT003164,EMP0264,2025-08-01 00:00:00,23,21,0,2,4.1
ATT003165,EMP0264,2025-09-01 00:00:00,23,22,0,1,0
ATT003166,EMP0264,2025-10-01 00:00:00,22,21,0,1,4.4
ATT003167,EMP0264,2025-11-01 00:00:00,22,21,1,0,13
ATT003168,EMP0264,2025-12-01 00:00:00,22,19,1,2,5.1
ATT003169,EMP0265,2025-01-01 00:00:00,20,19,1,0,9.9
ATT003170,EMP0265,2025-02-01 00:00:00,22,22,0,0,10.3
ATT003171,EMP0265,2025-03-01 00:00:00,22,19,1,2,14.3
ATT003172,EMP0265,2025-04-01 00:00:00,22,20,1,1,6.5
ATT003173,EMP0265,2025-05-01 00:00:00,22,20,2,0,9.5
ATT003174,EMP0265,2025-06-01 00:00:00,21,19,2,0,9.4
ATT003175,EMP0265,2025-07-01 00:00:00,22,20,0,2,13.8
ATT003176,EMP0265,2025-08-01 00:00:00,22,18,3,1,0
ATT003177,EMP0265,2025-09-01 00:00:00,22,19,1,2,14.7
ATT003178,EMP0265,2025-10-01 00:00:00,22,20,1,1,4.9
ATT003179,EMP0265,2025-11-01 00:00:00,22,18,1,3,11.8
ATT003180,EMP0265,2025-12-01 00:00:00,21,16,1,4,11.6
ATT003181,EMP0266,2025-01-01 00:00:00,22,21,1,0,0
ATT003182,EMP0266,2025-02-01 00:00:00,21,18,1,2,7.9
ATT003183,EMP0266,2025-03-01 00:00:00,22,21,0,1,9
ATT003184,EMP0266,2025-04-01 00:00:00,22,20,0,2,7.1
ATT003185,EMP0266,2025-05-01 00:00:00,21,20,0,1,0
ATT003186,EMP0266,2025-06-01 00:00:00,21,18,1,2,15.2
ATT003187,EMP0266,2025-07-01 00:00:00,21,20,1,0,14.8
ATT003188,EMP0266,2025-08-01 00:00:00,21,21,0,0,0
ATT003189,EMP0266,2025-09-01 00:00:00,22,17,1,4,0
ATT003190,EMP0266,2025-10-01 00:00:00,21,19,1,1,6.1
ATT003191,EMP0266,2025-11-01 00:00:00,22,19,0,3,9.9
ATT003192,EMP0266,2025-12-01 00:00:00,22,21,0,1,2
ATT003193,EMP0267,2025-01-01 00:00:00,22,22,0,0,0
ATT003194,EMP0267,2025-02-01 00:00:00,22,21,0,1,1.3
ATT003195,EMP0267,2025-03-01 00:00:00,22,17,2,3,0
ATT003196,EMP0267,2025-04-01 00:00:00,20,20,0,0,6.9
ATT003197,EMP0267,2025-05-01 00:00:00,23,21,0,2,8.9
ATT003198,EMP0267,2025-06-01 00:00:00,22,19,0,3,3.8
ATT003199,EMP0267,2025-07-01 00:00:00,21,17,2,2,13.1
ATT003200,EMP0267,2025-08-01 00:00:00,21,20,1,0,15.2
ATT003201,EMP0267,2025-09-01 00:00:00,21,19,0,2,8.4
ATT003202,EMP0267,2025-10-01 00:00:00,23,21,0,2,13.2
ATT003203,EMP0267,2025-11-01 00:00:00,22,21,1,0,3.1
ATT003204,EMP0267,2025-12-01 00:00:00,23,19,3,1,6.6
ATT003205,EMP0268,2025-01-01 00:00:00,22,18,2,2,14.4
ATT003206,EMP0268,2025-02-01 00:00:00,22,17,0,5,1.7
ATT003207,EMP0268,2025-03-01 00:00:00,23,20,2,1,2.4
ATT003208,EMP0268,2025-04-01 00:00:00,21,18,2,1,8.7
ATT003209,EMP0268,2025-05-01 00:00:00,20,20,0,0,9.6
ATT003210,EMP0268,2025-06-01 00:00:00,22,19,2,1,19.7
ATT003211,EMP0268,2025-07-01 00:00:00,20,19,1,0,6.8
ATT003212,EMP0268,2025-08-01 00:00:00,21,20,0,1,0
ATT003213,EMP0268,2025-09-01 00:00:00,22,16,2,4,12.7
ATT003214,EMP0268,2025-10-01 00:00:00,20,18,1,1,13.1
ATT003215,EMP0268,2025-11-01 00:00:00,22,18,1,3,0
ATT003216,EMP0268,2025-12-01 00:00:00,21,19,1,1,6.9
ATT003217,EMP0269,2025-01-01 00:00:00,22,17,1,4,11.9
ATT003218,EMP0269,2025-02-01 00:00:00,21,20,1,0,17.4
ATT003219,EMP0269,2025-03-01 00:00:00,23,19,0,4,16.4
ATT003220,EMP0269,2025-04-01 00:00:00,22,21,0,1,4.2
ATT003221,EMP0269,2025-05-01 00:00:00,22,21,0,1,9.5
ATT003222,EMP0269,2025-06-01 00:00:00,22,22,0,0,14.7
ATT003223,EMP0269,2025-07-01 00:00:00,23,20,0,3,3.9
ATT003224,EMP0269,2025-08-01 00:00:00,22,19,1,2,1.8
ATT003225,EMP0269,2025-09-01 00:00:00,22,21,0,1,7.7
ATT003226,EMP0269,2025-10-01 00:00:00,23,20,3,0,1.1
ATT003227,EMP0269,2025-11-01 00:00:00,22,20,0,2,12.4
ATT003228,EMP0269,2025-12-01 00:00:00,23,21,0,2,7.6
ATT003229,EMP0270,2025-01-01 00:00:00,20,20,0,0,8.3
ATT003230,EMP0270,2025-02-01 00:00:00,21,17,2,2,2.2
ATT003231,EMP0270,2025-03-01 00:00:00,21,19,1,1,8
ATT003232,EMP0270,2025-04-01 00:00:00,22,21,0,1,14
ATT003233,EMP0270,2025-05-01 00:00:00,21,21,0,0,11.3
ATT003234,EMP0270,2025-06-01 00:00:00,21,21,0,0,18.6
ATT003235,EMP0270,2025-07-01 00:00:00,22,22,0,0,4.3
ATT003236,EMP0270,2025-08-01 00:00:00,23,22,0,1,10.8
ATT003237,EMP0270,2025-09-01 00:00:00,20,17,0,3,10.6
ATT003238,EMP0270,2025-10-01 00:00:00,22,21,0,1,3.5
ATT003239,EMP0270,2025-11-01 00:00:00,22,17,0,5,8.1
ATT003240,EMP0270,2025-12-01 00:00:00,22,20,0,2,11.6
ATT003241,EMP0271,2025-01-01 00:00:00,22,19,0,3,4.5
ATT003242,EMP0271,2025-02-01 00:00:00,22,19,3,0,11.5
ATT003243,EMP0271,2025-03-01 00:00:00,21,19,0,2,12.7
ATT003244,EMP0271,2025-04-01 00:00:00,21,19,0,2,3.7
ATT003245,EMP0271,2025-05-01 00:00:00,21,19,0,2,0
ATT003246,EMP0271,2025-06-01 00:00:00,20,20,0,0,6.4
ATT003247,EMP0271,2025-07-01 00:00:00,22,21,0,1,12.3
ATT003248,EMP0271,2025-08-01 00:00:00,21,20,0,1,6.2
ATT003249,EMP0271,2025-09-01 00:00:00,22,21,1,0,11.8
ATT003250,EMP0271,2025-10-01 00:00:00,21,18,1,2,5.9
ATT003251,EMP0271,2025-11-01 00:00:00,22,16,1,5,9.2
ATT003252,EMP0271,2025-12-01 00:00:00,23,20,1,2,6.1
ATT003253,EMP0272,2025-01-01 00:00:00,21,20,0,1,12.4
ATT003254,EMP0272,2025-02-01 00:00:00,23,19,0,4,2.1
ATT003255,EMP0272,2025-03-01 00:00:00,22,21,1,0,13.1
ATT003256,EMP0272,2025-04-01 00:00:00,22,20,1,1,12.1
ATT003257,EMP0272,2025-05-01 00:00:00,23,21,0,2,1.8
ATT003258,EMP0272,2025-06-01 00:00:00,21,18,2,1,12.7
ATT003259,EMP0272,2025-07-01 00:00:00,23,22,0,1,2.9
ATT003260,EMP0272,2025-08-01 00:00:00,21,19,2,0,0
ATT003261,EMP0272,2025-09-01 00:00:00,22,19,1,2,9.1
ATT003262,EMP0272,2025-10-01 00:00:00,22,22,0,0,11.7
ATT003263,EMP0272,2025-11-01 00:00:00,22,21,0,1,6.8
ATT003264,EMP0272,2025-12-01 00:00:00,21,20,0,1,5
ATT003265,EMP0273,2025-01-01 00:00:00,22,19,3,0,5.2
ATT003266,EMP0273,2025-02-01 00:00:00,22,19,3,0,6.7
ATT003267,EMP0273,2025-03-01 00:00:00,21,17,0,4,6.7
ATT003268,EMP0273,2025-04-01 00:00:00,21,19,1,1,0
ATT003269,EMP0273,2025-05-01 00:00:00,21,21,0,0,14.3
ATT003270,EMP0273,2025-06-01 00:00:00,23,22,1,0,3.5
ATT003271,EMP0273,2025-07-01 00:00:00,20,18,1,1,1.1
ATT003272,EMP0273,2025-08-01 00:00:00,22,21,0,1,2.4
ATT003273,EMP0273,2025-09-01 00:00:00,23,21,0,2,12.2
ATT003274,EMP0273,2025-10-01 00:00:00,22,21,0,1,8.7
ATT003275,EMP0273,2025-11-01 00:00:00,20,19,0,1,6.1
ATT003276,EMP0273,2025-12-01 00:00:00,22,21,1,0,1.8
ATT003277,EMP0274,2025-01-01 00:00:00,22,20,1,1,14.4
ATT003278,EMP0274,2025-02-01 00:00:00,20,19,0,1,8.2
ATT003279,EMP0274,2025-03-01 00:00:00,22,19,0,3,5.4
ATT003280,EMP0274,2025-04-01 00:00:00,23,22,0,1,10.6
ATT003281,EMP0274,2025-05-01 00:00:00,22,22,0,0,11.2
ATT003282,EMP0274,2025-06-01 00:00:00,21,19,1,1,3.5
ATT003283,EMP0274,2025-07-01 00:00:00,22,18,1,3,14.2
ATT003284,EMP0274,2025-08-01 00:00:00,21,20,0,1,11.2
ATT003285,EMP0274,2025-09-01 00:00:00,22,18,1,3,6
ATT003286,EMP0274,2025-10-01 00:00:00,22,18,0,4,5.1
ATT003287,EMP0274,2025-11-01 00:00:00,23,23,0,0,8.8
ATT003288,EMP0274,2025-12-01 00:00:00,23,23,0,0,4.9
ATT003289,EMP0275,2025-01-01 00:00:00,20,18,0,2,12
ATT003290,EMP0275,2025-02-01 00:00:00,22,19,0,3,5.1
ATT003291,EMP0275,2025-03-01 00:00:00,21,20,1,0,2.8
ATT003292,EMP0275,2025-04-01 00:00:00,22,20,0,2,18.4
ATT003293,EMP0275,2025-05-01 00:00:00,20,16,2,2,20.1
ATT003294,EMP0275,2025-06-01 00:00:00,22,22,0,0,5.1
ATT003295,EMP0275,2025-07-01 00:00:00,20,19,0,1,11.1
ATT003296,EMP0275,2025-08-01 00:00:00,23,21,0,2,11.3
ATT003297,EMP0275,2025-09-01 00:00:00,22,19,1,2,11.1
ATT003298,EMP0275,2025-10-01 00:00:00,21,18,0,3,14.7
ATT003299,EMP0275,2025-11-01 00:00:00,22,20,1,1,0
ATT003300,EMP0275,2025-12-01 00:00:00,22,22,0,0,6.5
ATT003301,EMP0276,2025-01-01 00:00:00,21,20,0,1,3.3
ATT003302,EMP0276,2025-02-01 00:00:00,22,18,1,3,4.1
ATT003303,EMP0276,2025-03-01 00:00:00,21,19,2,0,0
ATT003304,EMP0276,2025-04-01 00:00:00,22,19,1,2,22.9
ATT003305,EMP0276,2025-05-01 00:00:00,20,18,1,1,6.6
ATT003306,EMP0276,2025-06-01 00:00:00,21,18,2,1,2.3
ATT003307,EMP0276,2025-07-01 00:00:00,21,21,0,0,11.9
ATT003308,EMP0276,2025-08-01 00:00:00,20,18,0,2,14.3
ATT003309,EMP0276,2025-09-01 00:00:00,22,20,0,2,10.3
ATT003310,EMP0276,2025-10-01 00:00:00,21,19,1,1,3.4
ATT003311,EMP0276,2025-11-01 00:00:00,22,19,2,1,4.4
ATT003312,EMP0276,2025-12-01 00:00:00,22,17,0,5,0
ATT003313,EMP0277,2025-01-01 00:00:00,20,20,0,0,8.4
ATT003314,EMP0277,2025-02-01 00:00:00,20,16,2,2,17.7
ATT003315,EMP0277,2025-03-01 00:00:00,20,19,0,1,6.1
ATT003316,EMP0277,2025-04-01 00:00:00,22,21,1,0,3.3
ATT003317,EMP0277,2025-05-01 00:00:00,22,18,0,4,0
ATT003318,EMP0277,2025-06-01 00:00:00,21,20,0,1,5.8
ATT003319,EMP0277,2025-07-01 00:00:00,20,16,1,3,5.7
ATT003320,EMP0277,2025-08-01 00:00:00,20,17,0,3,2.5
ATT003321,EMP0277,2025-09-01 00:00:00,22,20,1,1,10.4
ATT003322,EMP0277,2025-10-01 00:00:00,22,21,0,1,8.5
ATT003323,EMP0277,2025-11-01 00:00:00,22,22,0,0,9.2
ATT003324,EMP0277,2025-12-01 00:00:00,22,18,2,2,7.9
ATT003325,EMP0278,2025-01-01 00:00:00,20,15,1,4,12.1
ATT003326,EMP0278,2025-02-01 00:00:00,22,19,2,1,18.6
ATT003327,EMP0278,2025-03-01 00:00:00,21,20,1,0,0
ATT003328,EMP0278,2025-04-01 00:00:00,21,19,1,1,7.8
ATT003329,EMP0278,2025-05-01 00:00:00,23,19,1,3,7.2
ATT003330,EMP0278,2025-06-01 00:00:00,21,19,1,1,15.9
ATT003331,EMP0278,2025-07-01 00:00:00,21,17,2,2,8.1
ATT003332,EMP0278,2025-08-01 00:00:00,21,18,1,2,4.2
ATT003333,EMP0278,2025-09-01 00:00:00,21,21,0,0,24
ATT003334,EMP0278,2025-10-01 00:00:00,22,16,1,5,6.8
ATT003335,EMP0278,2025-11-01 00:00:00,22,21,0,1,5.5
ATT003336,EMP0278,2025-12-01 00:00:00,21,16,0,5,19.3
ATT003337,EMP0279,2025-01-01 00:00:00,22,19,0,3,4.9
ATT003338,EMP0279,2025-02-01 00:00:00,22,22,0,0,11.5
ATT003339,EMP0279,2025-03-01 00:00:00,21,19,1,1,10.2
ATT003340,EMP0279,2025-04-01 00:00:00,21,19,1,1,6.7
ATT003341,EMP0279,2025-05-01 00:00:00,22,20,0,2,12
ATT003342,EMP0279,2025-06-01 00:00:00,21,19,1,1,18.7
ATT003343,EMP0279,2025-07-01 00:00:00,21,19,0,2,12.3
ATT003344,EMP0279,2025-08-01 00:00:00,21,21,0,0,9.3
ATT003345,EMP0279,2025-09-01 00:00:00,22,21,0,1,10.7
ATT003346,EMP0279,2025-10-01 00:00:00,21,17,1,3,11.4
ATT003347,EMP0279,2025-11-01 00:00:00,22,20,0,2,2.1
ATT003348,EMP0279,2025-12-01 00:00:00,22,21,1,0,5.2
ATT003349,EMP0280,2025-01-01 00:00:00,22,18,0,4,5.4
ATT003350,EMP0280,2025-02-01 00:00:00,21,17,1,3,12.8
ATT003351,EMP0280,2025-03-01 00:00:00,22,21,0,1,3.9
ATT003352,EMP0280,2025-04-01 00:00:00,21,20,0,1,9.7
ATT003353,EMP0280,2025-05-01 00:00:00,22,19,1,2,1.1
ATT003354,EMP0280,2025-06-01 00:00:00,22,22,0,0,19.1
ATT003355,EMP0280,2025-07-01 00:00:00,22,21,1,0,18.2
ATT003356,EMP0280,2025-08-01 00:00:00,22,22,0,0,22.4
ATT003357,EMP0280,2025-09-01 00:00:00,22,21,0,1,3.4
ATT003358,EMP0280,2025-10-01 00:00:00,20,14,1,5,11.6
ATT003359,EMP0280,2025-11-01 00:00:00,21,13,3,5,6.1
ATT003360,EMP0280,2025-12-01 00:00:00,20,16,1,3,4.7
ATT003361,EMP0281,2025-01-01 00:00:00,21,19,1,1,16.6
ATT003362,EMP0281,2025-02-01 00:00:00,21,19,1,1,10.7
ATT003363,EMP0281,2025-03-01 00:00:00,22,19,3,0,4.2
ATT003364,EMP0281,2025-04-01 00:00:00,22,22,0,0,4.5
ATT003365,EMP0281,2025-05-01 00:00:00,22,18,0,4,3.1
ATT003366,EMP0281,2025-06-01 00:00:00,22,21,0,1,10.3
ATT003367,EMP0281,2025-07-01 00:00:00,21,20,0,1,11.8
ATT003368,EMP0281,2025-08-01 00:00:00,22,20,1,1,0
ATT003369,EMP0281,2025-09-01 00:00:00,21,18,1,2,11
ATT003370,EMP0281,2025-10-01 00:00:00,22,20,1,1,4.2
ATT003371,EMP0281,2025-11-01 00:00:00,22,18,2,2,0
ATT003372,EMP0281,2025-12-01 00:00:00,22,18,0,4,3.8
ATT003373,EMP0282,2025-01-01 00:00:00,22,18,2,2,11.6
ATT003374,EMP0282,2025-02-01 00:00:00,23,18,0,5,0.6
ATT003375,EMP0282,2025-03-01 00:00:00,23,22,0,1,14.6
ATT003376,EMP0282,2025-04-01 00:00:00,22,19,2,1,20.1
ATT003377,EMP0282,2025-05-01 00:00:00,21,20,1,0,7.8
ATT003378,EMP0282,2025-06-01 00:00:00,21,17,1,3,22
ATT003379,EMP0282,2025-07-01 00:00:00,21,20,1,0,17.7
ATT003380,EMP0282,2025-08-01 00:00:00,21,18,0,3,7.6
ATT003381,EMP0282,2025-09-01 00:00:00,20,19,1,0,2.4
ATT003382,EMP0282,2025-10-01 00:00:00,22,19,1,2,3.9
ATT003383,EMP0282,2025-11-01 00:00:00,21,21,0,0,0.4
ATT003384,EMP0282,2025-12-01 00:00:00,21,19,0,2,8.1
ATT003385,EMP0283,2025-01-01 00:00:00,22,20,2,0,13.7
ATT003386,EMP0283,2025-02-01 00:00:00,22,19,2,1,9.9
ATT003387,EMP0283,2025-03-01 00:00:00,20,19,0,1,15.1
ATT003388,EMP0283,2025-04-01 00:00:00,23,23,0,0,8.1
ATT003389,EMP0283,2025-05-01 00:00:00,22,19,1,2,13.9
ATT003390,EMP0283,2025-06-01 00:00:00,21,16,1,4,0
ATT003391,EMP0283,2025-07-01 00:00:00,22,22,0,0,0
ATT003392,EMP0283,2025-08-01 00:00:00,22,20,0,2,6.1
ATT003393,EMP0283,2025-09-01 00:00:00,22,21,0,1,6
ATT003394,EMP0283,2025-10-01 00:00:00,22,19,1,2,0.3
ATT003395,EMP0283,2025-11-01 00:00:00,21,18,2,1,8.9
ATT003396,EMP0283,2025-12-01 00:00:00,20,18,0,2,1
ATT003397,EMP0284,2025-01-01 00:00:00,21,18,2,1,0
ATT003398,EMP0284,2025-02-01 00:00:00,21,19,1,1,3.5
ATT003399,EMP0284,2025-03-01 00:00:00,21,20,0,1,12.8
ATT003400,EMP0284,2025-04-01 00:00:00,23,21,1,1,6.1
ATT003401,EMP0284,2025-05-01 00:00:00,21,21,0,0,1.6
ATT003402,EMP0284,2025-06-01 00:00:00,21,19,0,2,12
ATT003403,EMP0284,2025-07-01 00:00:00,23,22,0,1,6.6
ATT003404,EMP0284,2025-08-01 00:00:00,20,17,2,1,0.9
ATT003405,EMP0284,2025-09-01 00:00:00,21,20,1,0,6.8
ATT003406,EMP0284,2025-10-01 00:00:00,22,22,0,0,3.8
ATT003407,EMP0284,2025-11-01 00:00:00,22,20,0,2,9.2
ATT003408,EMP0284,2025-12-01 00:00:00,21,20,1,0,2.9
ATT003409,EMP0285,2025-01-01 00:00:00,22,17,2,3,0
ATT003410,EMP0285,2025-02-01 00:00:00,21,16,1,4,5.4
ATT003411,EMP0285,2025-03-01 00:00:00,22,18,1,3,11.8
ATT003412,EMP0285,2025-04-01 00:00:00,21,17,1,3,7.5
ATT003413,EMP0285,2025-05-01 00:00:00,23,22,1,0,17.9
ATT003414,EMP0285,2025-06-01 00:00:00,21,18,0,3,9.9
ATT003415,EMP0285,2025-07-01 00:00:00,22,21,0,1,14.5
ATT003416,EMP0285,2025-08-01 00:00:00,21,18,3,0,0
ATT003417,EMP0285,2025-09-01 00:00:00,23,22,0,1,0.2
ATT003418,EMP0285,2025-10-01 00:00:00,22,18,2,2,3.9
ATT003419,EMP0285,2025-11-01 00:00:00,21,20,1,0,0
ATT003420,EMP0285,2025-12-01 00:00:00,22,21,1,0,0
ATT003421,EMP0286,2025-01-01 00:00:00,22,22,0,0,3.8
ATT003422,EMP0286,2025-02-01 00:00:00,22,17,1,4,0
ATT003423,EMP0286,2025-03-01 00:00:00,20,18,1,1,6.4
ATT003424,EMP0286,2025-04-01 00:00:00,21,17,0,4,6.3
ATT003425,EMP0286,2025-05-01 00:00:00,22,21,1,0,2.6
ATT003426,EMP0286,2025-06-01 00:00:00,23,21,1,1,10.6
ATT003427,EMP0286,2025-07-01 00:00:00,21,20,1,0,1
ATT003428,EMP0286,2025-08-01 00:00:00,22,21,0,1,5.5
ATT003429,EMP0286,2025-09-01 00:00:00,22,20,0,2,11.8
ATT003430,EMP0286,2025-10-01 00:00:00,21,19,2,0,14
ATT003431,EMP0286,2025-11-01 00:00:00,22,19,3,0,13.1
ATT003432,EMP0286,2025-12-01 00:00:00,23,22,0,1,9.4
ATT003433,EMP0287,2025-01-01 00:00:00,21,20,1,0,9
ATT003434,EMP0287,2025-02-01 00:00:00,22,21,1,0,6.5
ATT003435,EMP0287,2025-03-01 00:00:00,22,20,1,1,18.3
ATT003436,EMP0287,2025-04-01 00:00:00,21,18,1,2,1.7
ATT003437,EMP0287,2025-05-01 00:00:00,23,22,0,1,6.1
ATT003438,EMP0287,2025-06-01 00:00:00,22,18,2,2,6.3
ATT003439,EMP0287,2025-07-01 00:00:00,22,18,1,3,13.4
ATT003440,EMP0287,2025-08-01 00:00:00,22,22,0,0,0
ATT003441,EMP0287,2025-09-01 00:00:00,21,15,1,5,0
ATT003442,EMP0287,2025-10-01 00:00:00,21,19,0,2,10.1
ATT003443,EMP0287,2025-11-01 00:00:00,22,17,1,4,8.5
ATT003444,EMP0287,2025-12-01 00:00:00,22,18,1,3,2.9
ATT003445,EMP0288,2025-01-01 00:00:00,22,19,1,2,6.7
ATT003446,EMP0288,2025-02-01 00:00:00,21,20,1,0,12.1
ATT003447,EMP0288,2025-03-01 00:00:00,21,20,1,0,12.5
ATT003448,EMP0288,2025-04-01 00:00:00,21,18,1,2,6.7
ATT003449,EMP0288,2025-05-01 00:00:00,20,19,0,1,8.6
ATT003450,EMP0288,2025-06-01 00:00:00,21,19,1,1,9.7
ATT003451,EMP0288,2025-07-01 00:00:00,21,18,1,2,11.8
ATT003452,EMP0288,2025-08-01 00:00:00,23,23,0,0,3.1
ATT003453,EMP0288,2025-09-01 00:00:00,22,18,1,3,9.1
ATT003454,EMP0288,2025-10-01 00:00:00,21,16,3,2,9.8
ATT003455,EMP0288,2025-11-01 00:00:00,22,19,1,2,16.7
ATT003456,EMP0288,2025-12-01 00:00:00,23,21,1,1,2.6
ATT003457,EMP0289,2025-01-01 00:00:00,22,20,1,1,13.9
ATT003458,EMP0289,2025-02-01 00:00:00,21,20,0,1,5.2
ATT003459,EMP0289,2025-03-01 00:00:00,22,22,0,0,10.1
ATT003460,EMP0289,2025-04-01 00:00:00,22,19,1,2,8.1
ATT003461,EMP0289,2025-05-01 00:00:00,20,17,2,1,3.6
ATT003462,EMP0289,2025-06-01 00:00:00,22,19,2,1,7.9
ATT003463,EMP0289,2025-07-01 00:00:00,22,21,1,0,4.9
ATT003464,EMP0289,2025-08-01 00:00:00,22,20,0,2,9.2
ATT003465,EMP0289,2025-09-01 00:00:00,23,21,0,2,9.2
ATT003466,EMP0289,2025-10-01 00:00:00,22,17,0,5,5.7
ATT003467,EMP0289,2025-11-01 00:00:00,20,16,3,1,17.9
ATT003468,EMP0289,2025-12-01 00:00:00,21,20,0,1,2
ATT003469,EMP0290,2025-01-01 00:00:00,21,18,2,1,6.2
ATT003470,EMP0290,2025-02-01 00:00:00,22,21,0,1,11.2
ATT003471,EMP0290,2025-03-01 00:00:00,21,16,0,5,0.3
ATT003472,EMP0290,2025-04-01 00:00:00,21,17,1,3,14.2
ATT003473,EMP0290,2025-05-01 00:00:00,23,20,0,3,14.8
ATT003474,EMP0290,2025-06-01 00:00:00,23,22,0,1,13
ATT003475,EMP0290,2025-07-01 00:00:00,20,18,0,2,17.3
ATT003476,EMP0290,2025-08-01 00:00:00,21,20,0,1,14.1
ATT003477,EMP0290,2025-09-01 00:00:00,23,21,0,2,4.2
ATT003478,EMP0290,2025-10-01 00:00:00,21,21,0,0,21.3
ATT003479,EMP0290,2025-11-01 00:00:00,23,23,0,0,4.4
ATT003480,EMP0290,2025-12-01 00:00:00,22,22,0,0,11.3
ATT003481,EMP0291,2025-01-01 00:00:00,22,21,0,1,3.9
ATT003482,EMP0291,2025-02-01 00:00:00,22,21,1,0,5.6
ATT003483,EMP0291,2025-03-01 00:00:00,20,18,1,1,9.7
ATT003484,EMP0291,2025-04-01 00:00:00,22,20,2,0,18.8
ATT003485,EMP0291,2025-05-01 00:00:00,23,21,0,2,18.2
ATT003486,EMP0291,2025-06-01 00:00:00,22,20,1,1,2.6
ATT003487,EMP0291,2025-07-01 00:00:00,21,18,2,1,0
ATT003488,EMP0291,2025-08-01 00:00:00,21,19,1,1,5.4
ATT003489,EMP0291,2025-09-01 00:00:00,22,21,0,1,0
ATT003490,EMP0291,2025-10-01 00:00:00,23,19,2,2,8.1
ATT003491,EMP0291,2025-11-01 00:00:00,21,20,1,0,0.7
ATT003492,EMP0291,2025-12-01 00:00:00,23,17,2,4,12.2
ATT003493,EMP0292,2025-01-01 00:00:00,21,20,0,1,17.8
ATT003494,EMP0292,2025-02-01 00:00:00,21,16,1,4,10.5
ATT003495,EMP0292,2025-03-01 00:00:00,23,18,0,5,16.9
ATT003496,EMP0292,2025-04-01 00:00:00,20,19,0,1,5.6
ATT003497,EMP0292,2025-05-01 00:00:00,23,22,1,0,3.5
ATT003498,EMP0292,2025-06-01 00:00:00,22,21,0,1,20.1
ATT003499,EMP0292,2025-07-01 00:00:00,20,16,2,2,0.6
ATT003500,EMP0292,2025-08-01 00:00:00,22,19,0,3,4
ATT003501,EMP0292,2025-09-01 00:00:00,22,20,2,0,9.4
ATT003502,EMP0292,2025-10-01 00:00:00,22,19,1,2,5.6
ATT003503,EMP0292,2025-11-01 00:00:00,21,18,1,2,6.5
ATT003504,EMP0292,2025-12-01 00:00:00,22,21,0,1,6.4
ATT003505,EMP0293,2025-01-01 00:00:00,22,19,0,3,7.4
ATT003506,EMP0293,2025-02-01 00:00:00,20,19,0,1,1.9
ATT003507,EMP0293,2025-03-01 00:00:00,22,18,2,2,7.4
ATT003508,EMP0293,2025-04-01 00:00:00,23,22,0,1,7.2
ATT003509,EMP0293,2025-05-01 00:00:00,22,21,1,0,8
ATT003510,EMP0293,2025-06-01 00:00:00,21,16,2,3,4.9
ATT003511,EMP0293,2025-07-01 00:00:00,21,19,1,1,3.9
ATT003512,EMP0293,2025-08-01 00:00:00,22,19,1,2,12.2
ATT003513,EMP0293,2025-09-01 00:00:00,21,19,0,2,13.4
ATT003514,EMP0293,2025-10-01 00:00:00,22,20,1,1,9.1
ATT003515,EMP0293,2025-11-01 00:00:00,21,19,1,1,8.3
ATT003516,EMP0293,2025-12-01 00:00:00,23,22,0,1,11.3
ATT003517,EMP0294,2025-01-01 00:00:00,21,20,0,1,16.1
ATT003518,EMP0294,2025-02-01 00:00:00,21,20,1,0,0.9
ATT003519,EMP0294,2025-03-01 00:00:00,20,18,1,1,18.3
ATT003520,EMP0294,2025-04-01 00:00:00,20,18,1,1,10.6
ATT003521,EMP0294,2025-05-01 00:00:00,20,17,0,3,7.9
ATT003522,EMP0294,2025-06-01 00:00:00,22,20,1,1,1
ATT003523,EMP0294,2025-07-01 00:00:00,22,21,1,0,13.5
ATT003524,EMP0294,2025-08-01 00:00:00,22,18,1,3,0.3
ATT003525,EMP0294,2025-09-01 00:00:00,21,17,0,4,7
ATT003526,EMP0294,2025-10-01 00:00:00,22,21,1,0,1.7
ATT003527,EMP0294,2025-11-01 00:00:00,22,21,0,1,9
ATT003528,EMP0294,2025-12-01 00:00:00,22,19,0,3,2.8
ATT003529,EMP0295,2025-01-01 00:00:00,22,19,1,2,6.7
ATT003530,EMP0295,2025-02-01 00:00:00,21,20,0,1,8.1
ATT003531,EMP0295,2025-03-01 00:00:00,20,17,0,3,0
ATT003532,EMP0295,2025-04-01 00:00:00,21,20,1,0,11.5
ATT003533,EMP0295,2025-05-01 00:00:00,22,17,2,3,13
ATT003534,EMP0295,2025-06-01 00:00:00,21,20,0,1,9.8
ATT003535,EMP0295,2025-07-01 00:00:00,22,21,1,0,0
ATT003536,EMP0295,2025-08-01 00:00:00,23,21,1,1,2.2
ATT003537,EMP0295,2025-09-01 00:00:00,21,20,0,1,19.8
ATT003538,EMP0295,2025-10-01 00:00:00,20,17,3,0,11.3
ATT003539,EMP0295,2025-11-01 00:00:00,22,19,1,2,17.7
ATT003540,EMP0295,2025-12-01 00:00:00,22,18,3,1,2.2
ATT003541,EMP0296,2025-01-01 00:00:00,21,17,3,1,5.3
ATT003542,EMP0296,2025-02-01 00:00:00,21,18,0,3,5.5
ATT003543,EMP0296,2025-03-01 00:00:00,22,17,0,5,0.5
ATT003544,EMP0296,2025-04-01 00:00:00,21,18,2,1,7.2
ATT003545,EMP0296,2025-05-01 00:00:00,21,18,1,2,23
ATT003546,EMP0296,2025-06-01 00:00:00,21,16,1,4,5.3
ATT003547,EMP0296,2025-07-01 00:00:00,20,16,2,2,5.1
ATT003548,EMP0296,2025-08-01 00:00:00,22,22,0,0,8.7
ATT003549,EMP0296,2025-09-01 00:00:00,23,23,0,0,2.1
ATT003550,EMP0296,2025-10-01 00:00:00,22,19,2,1,9.4
ATT003551,EMP0296,2025-11-01 00:00:00,21,20,0,1,4
ATT003552,EMP0296,2025-12-01 00:00:00,23,23,0,0,10.8
ATT003553,EMP0297,2025-01-01 00:00:00,21,20,1,0,5
ATT003554,EMP0297,2025-02-01 00:00:00,21,15,1,5,7.2
ATT003555,EMP0297,2025-03-01 00:00:00,23,22,1,0,10.4
ATT003556,EMP0297,2025-04-01 00:00:00,22,21,1,0,5.1
ATT003557,EMP0297,2025-05-01 00:00:00,23,21,1,1,8
ATT003558,EMP0297,2025-06-01 00:00:00,21,20,0,1,12
ATT003559,EMP0297,2025-07-01 00:00:00,22,18,2,2,15
ATT003560,EMP0297,2025-08-01 00:00:00,22,21,1,0,0.8
ATT003561,EMP0297,2025-09-01 00:00:00,22,20,2,0,12.9
ATT003562,EMP0297,2025-10-01 00:00:00,22,21,0,1,8.2
ATT003563,EMP0297,2025-11-01 00:00:00,22,17,3,2,10.6
ATT003564,EMP0297,2025-12-01 00:00:00,22,16,1,5,2.9
ATT003565,EMP0298,2025-01-01 00:00:00,22,20,1,1,9
ATT003566,EMP0298,2025-02-01 00:00:00,20,19,1,0,9.6
ATT003567,EMP0298,2025-03-01 00:00:00,21,18,1,2,15.9
ATT003568,EMP0298,2025-04-01 00:00:00,22,20,1,1,5
ATT003569,EMP0298,2025-05-01 00:00:00,21,18,0,3,7.6
ATT003570,EMP0298,2025-06-01 00:00:00,21,19,0,2,8.2
ATT003571,EMP0298,2025-07-01 00:00:00,22,20,2,0,3.3
ATT003572,EMP0298,2025-08-01 00:00:00,21,17,1,3,14.5
ATT003573,EMP0298,2025-09-01 00:00:00,21,15,2,4,8
ATT003574,EMP0298,2025-10-01 00:00:00,21,17,3,1,19.7
ATT003575,EMP0298,2025-11-01 00:00:00,20,18,0,2,12.3
ATT003576,EMP0298,2025-12-01 00:00:00,22,19,0,3,4.2
ATT003577,EMP0299,2025-01-01 00:00:00,22,21,1,0,8.2
ATT003578,EMP0299,2025-02-01 00:00:00,23,22,1,0,4.7
ATT003579,EMP0299,2025-03-01 00:00:00,23,19,0,4,0
ATT003580,EMP0299,2025-04-01 00:00:00,21,16,0,5,7.6
ATT003581,EMP0299,2025-05-01 00:00:00,23,20,2,1,4.4
ATT003582,EMP0299,2025-06-01 00:00:00,21,19,1,1,5.5
ATT003583,EMP0299,2025-07-01 00:00:00,21,20,0,1,9
ATT003584,EMP0299,2025-08-01 00:00:00,23,21,0,2,10.8
ATT003585,EMP0299,2025-09-01 00:00:00,22,20,0,2,14.9
ATT003586,EMP0299,2025-10-01 00:00:00,21,17,2,2,9.7
ATT003587,EMP0299,2025-11-01 00:00:00,21,17,1,3,7.6
ATT003588,EMP0299,2025-12-01 00:00:00,23,20,0,3,21.2
ATT003589,EMP0300,2025-01-01 00:00:00,20,18,0,2,16.8
ATT003590,EMP0300,2025-02-01 00:00:00,21,19,0,2,14.6
ATT003591,EMP0300,2025-03-01 00:00:00,22,16,3,3,12.6
ATT003592,EMP0300,2025-04-01 00:00:00,22,20,2,0,6.6
ATT003593,EMP0300,2025-05-01 00:00:00,22,20,1,1,3
ATT003594,EMP0300,2025-06-01 00:00:00,21,19,1,1,12.5
ATT003595,EMP0300,2025-07-01 00:00:00,22,18,2,2,0
ATT003596,EMP0300,2025-08-01 00:00:00,22,19,0,3,3.6
ATT003597,EMP0300,2025-09-01 00:00:00,22,22,0,0,5.1
ATT003598,EMP0300,2025-10-01 00:00:00,20,20,0,0,0
ATT003599,EMP0300,2025-11-01 00:00:00,21,20,0,1,12.5
ATT003600,EMP0300,2025-12-01 00:00:00,22,21,1,0,5.4
ATT003601,EMP0301,2025-01-01 00:00:00,22,22,0,0,22.4
ATT003602,EMP0301,2025-02-01 00:00:00,23,20,1,2,2.7
ATT003603,EMP0301,2025-03-01 00:00:00,23,21,0,2,17.2
ATT003604,EMP0301,2025-04-01 00:00:00,22,21,1,0,7.4
ATT003605,EMP0301,2025-05-01 00:00:00,20,20,0,0,7.3
ATT003606,EMP0301,2025-06-01 00:00:00,21,19,0,2,8.7
ATT003607,EMP0301,2025-07-01 00:00:00,21,18,0,3,3.1
ATT003608,EMP0301,2025-08-01 00:00:00,22,21,1,0,4.6
ATT003609,EMP0301,2025-09-01 00:00:00,21,18,2,1,7.2
ATT003610,EMP0301,2025-10-01 00:00:00,22,18,2,2,22
ATT003611,EMP0301,2025-11-01 00:00:00,21,21,0,0,1.6
ATT003612,EMP0301,2025-12-01 00:00:00,22,18,0,4,3.1
ATT003613,EMP0302,2025-01-01 00:00:00,23,18,1,4,9
ATT003614,EMP0302,2025-02-01 00:00:00,21,19,0,2,4.4
ATT003615,EMP0302,2025-03-01 00:00:00,22,21,0,1,18.7
ATT003616,EMP0302,2025-04-01 00:00:00,22,19,2,1,12
ATT003617,EMP0302,2025-05-01 00:00:00,22,19,0,3,16.4
ATT003618,EMP0302,2025-06-01 00:00:00,21,20,1,0,16.3
ATT003619,EMP0302,2025-07-01 00:00:00,22,19,2,1,0
ATT003620,EMP0302,2025-08-01 00:00:00,23,20,1,2,16.4
ATT003621,EMP0302,2025-09-01 00:00:00,23,20,0,3,2.9
ATT003622,EMP0302,2025-10-01 00:00:00,22,22,0,0,4
ATT003623,EMP0302,2025-11-01 00:00:00,21,20,0,1,9.4
ATT003624,EMP0302,2025-12-01 00:00:00,21,18,1,2,7
ATT003625,EMP0303,2025-01-01 00:00:00,21,20,0,1,17.7
ATT003626,EMP0303,2025-02-01 00:00:00,22,19,1,2,18.2
ATT003627,EMP0303,2025-03-01 00:00:00,22,19,0,3,4.2
ATT003628,EMP0303,2025-04-01 00:00:00,21,17,0,4,17.3
ATT003629,EMP0303,2025-05-01 00:00:00,22,20,0,2,2.3
ATT003630,EMP0303,2025-06-01 00:00:00,22,20,1,1,0
ATT003631,EMP0303,2025-07-01 00:00:00,21,18,2,1,7.6
ATT003632,EMP0303,2025-08-01 00:00:00,23,17,2,4,6.6
ATT003633,EMP0303,2025-09-01 00:00:00,22,18,0,4,8.9
ATT003634,EMP0303,2025-10-01 00:00:00,21,19,1,1,18.4
ATT003635,EMP0303,2025-11-01 00:00:00,21,16,2,3,19.1
ATT003636,EMP0303,2025-12-01 00:00:00,21,20,0,1,14
ATT003637,EMP0304,2025-01-01 00:00:00,22,21,1,0,10.9
ATT003638,EMP0304,2025-02-01 00:00:00,21,17,2,2,5.6
ATT003639,EMP0304,2025-03-01 00:00:00,23,20,2,1,16
ATT003640,EMP0304,2025-04-01 00:00:00,22,18,1,3,11
ATT003641,EMP0304,2025-05-01 00:00:00,22,19,1,2,0.2
ATT003642,EMP0304,2025-06-01 00:00:00,22,19,0,3,6.7
ATT003643,EMP0304,2025-07-01 00:00:00,22,20,1,1,0.5
ATT003644,EMP0304,2025-08-01 00:00:00,22,21,1,0,8.5
ATT003645,EMP0304,2025-09-01 00:00:00,21,18,2,1,0
ATT003646,EMP0304,2025-10-01 00:00:00,23,21,1,1,18.3
ATT003647,EMP0304,2025-11-01 00:00:00,21,18,0,3,0
ATT003648,EMP0304,2025-12-01 00:00:00,22,22,0,0,12.8
ATT003649,EMP0305,2025-01-01 00:00:00,20,16,1,3,5.1
ATT003650,EMP0305,2025-02-01 00:00:00,22,20,0,2,11.3
ATT003651,EMP0305,2025-03-01 00:00:00,21,20,0,1,5.1
ATT003652,EMP0305,2025-04-01 00:00:00,21,20,1,0,0
ATT003653,EMP0305,2025-05-01 00:00:00,20,18,1,1,7.7
ATT003654,EMP0305,2025-06-01 00:00:00,22,18,0,4,8.1
ATT003655,EMP0305,2025-07-01 00:00:00,22,14,3,5,8.4
ATT003656,EMP0305,2025-08-01 00:00:00,22,18,1,3,0
ATT003657,EMP0305,2025-09-01 00:00:00,22,19,1,2,7.6
ATT003658,EMP0305,2025-10-01 00:00:00,22,17,2,3,29.3
ATT003659,EMP0305,2025-11-01 00:00:00,22,22,0,0,12.3
ATT003660,EMP0305,2025-12-01 00:00:00,21,19,0,2,7.5
ATT003661,EMP0306,2025-01-01 00:00:00,22,20,1,1,9.3
ATT003662,EMP0306,2025-02-01 00:00:00,21,18,1,2,0
ATT003663,EMP0306,2025-03-01 00:00:00,21,19,1,1,6.3
ATT003664,EMP0306,2025-04-01 00:00:00,21,19,2,0,4.5
ATT003665,EMP0306,2025-05-01 00:00:00,20,20,0,0,10.5
ATT003666,EMP0306,2025-06-01 00:00:00,22,19,1,2,6.1
ATT003667,EMP0306,2025-07-01 00:00:00,23,20,1,2,16.6
ATT003668,EMP0306,2025-08-01 00:00:00,23,21,0,2,0
ATT003669,EMP0306,2025-09-01 00:00:00,22,18,3,1,2.8
ATT003670,EMP0306,2025-10-01 00:00:00,21,17,1,3,0
ATT003671,EMP0306,2025-11-01 00:00:00,21,17,1,3,10.8
ATT003672,EMP0306,2025-12-01 00:00:00,21,15,2,4,5.1
ATT003673,EMP0307,2025-01-01 00:00:00,22,20,0,2,0
ATT003674,EMP0307,2025-02-01 00:00:00,21,19,1,1,0
ATT003675,EMP0307,2025-03-01 00:00:00,21,18,0,3,6.9
ATT003676,EMP0307,2025-04-01 00:00:00,22,19,1,2,6.8
ATT003677,EMP0307,2025-05-01 00:00:00,22,17,1,4,2.3
ATT003678,EMP0307,2025-06-01 00:00:00,22,20,0,2,2.4
ATT003679,EMP0307,2025-07-01 00:00:00,22,20,1,1,11.6
ATT003680,EMP0307,2025-08-01 00:00:00,22,20,0,2,3.9
ATT003681,EMP0307,2025-09-01 00:00:00,20,16,1,3,7
ATT003682,EMP0307,2025-10-01 00:00:00,21,20,0,1,16.7
ATT003683,EMP0307,2025-11-01 00:00:00,21,21,0,0,6.8
ATT003684,EMP0307,2025-12-01 00:00:00,21,20,1,0,8.1
ATT003685,EMP0308,2025-01-01 00:00:00,22,19,1,2,2.6
ATT003686,EMP0308,2025-02-01 00:00:00,22,18,1,3,5.5
ATT003687,EMP0308,2025-03-01 00:00:00,21,20,0,1,2
ATT003688,EMP0308,2025-04-01 00:00:00,20,19,1,0,11.1
ATT003689,EMP0308,2025-05-01 00:00:00,21,19,0,2,0
ATT003690,EMP0308,2025-06-01 00:00:00,21,19,0,2,6.1
ATT003691,EMP0308,2025-07-01 00:00:00,20,19,0,1,5.2
ATT003692,EMP0308,2025-08-01 00:00:00,21,20,0,1,9
ATT003693,EMP0308,2025-09-01 00:00:00,21,20,1,0,6.6
ATT003694,EMP0308,2025-10-01 00:00:00,21,17,3,1,0
ATT003695,EMP0308,2025-11-01 00:00:00,22,20,0,2,12.6
ATT003696,EMP0308,2025-12-01 00:00:00,22,20,0,2,5.7
ATT003697,EMP0309,2025-01-01 00:00:00,22,20,2,0,10.9
ATT003698,EMP0309,2025-02-01 00:00:00,23,22,0,1,16.5
ATT003699,EMP0309,2025-03-01 00:00:00,22,21,0,1,9.6
ATT003700,EMP0309,2025-04-01 00:00:00,22,19,1,2,10.6
ATT003701,EMP0309,2025-05-01 00:00:00,23,22,1,0,3.9
ATT003702,EMP0309,2025-06-01 00:00:00,21,19,1,1,12.3
ATT003703,EMP0309,2025-07-01 00:00:00,23,18,0,5,12.1
ATT003704,EMP0309,2025-08-01 00:00:00,23,18,1,4,16.6
ATT003705,EMP0309,2025-09-01 00:00:00,22,21,0,1,6.5
ATT003706,EMP0309,2025-10-01 00:00:00,22,20,2,0,0
ATT003707,EMP0309,2025-11-01 00:00:00,22,20,0,2,7.8
ATT003708,EMP0309,2025-12-01 00:00:00,21,17,3,1,12.8
ATT003709,EMP0310,2025-01-01 00:00:00,20,18,2,0,19.9
ATT003710,EMP0310,2025-02-01 00:00:00,22,16,1,5,13.7
ATT003711,EMP0310,2025-03-01 00:00:00,22,19,3,0,10.2
ATT003712,EMP0310,2025-04-01 00:00:00,22,21,1,0,8.7
ATT003713,EMP0310,2025-05-01 00:00:00,21,17,1,3,14
ATT003714,EMP0310,2025-06-01 00:00:00,20,20,0,0,8.9
ATT003715,EMP0310,2025-07-01 00:00:00,22,22,0,0,4.4
ATT003716,EMP0310,2025-08-01 00:00:00,22,21,0,1,5.3
ATT003717,EMP0310,2025-09-01 00:00:00,20,16,2,2,9.2
ATT003718,EMP0310,2025-10-01 00:00:00,22,22,0,0,2.5
ATT003719,EMP0310,2025-11-01 00:00:00,22,20,0,2,8.3
ATT003720,EMP0310,2025-12-01 00:00:00,21,20,1,0,13.4
ATT003721,EMP0311,2025-01-01 00:00:00,22,16,1,5,8.9
ATT003722,EMP0311,2025-02-01 00:00:00,22,18,0,4,3.8
ATT003723,EMP0311,2025-03-01 00:00:00,22,18,2,2,15
ATT003724,EMP0311,2025-04-01 00:00:00,22,19,0,3,12.5
ATT003725,EMP0311,2025-05-01 00:00:00,21,18,1,2,0
ATT003726,EMP0311,2025-06-01 00:00:00,20,20,0,0,9.2
ATT003727,EMP0311,2025-07-01 00:00:00,20,19,1,0,11.7
ATT003728,EMP0311,2025-08-01 00:00:00,22,17,1,4,2.2
ATT003729,EMP0311,2025-09-01 00:00:00,22,18,1,3,9.8
ATT003730,EMP0311,2025-10-01 00:00:00,23,21,1,1,12.6
ATT003731,EMP0311,2025-11-01 00:00:00,20,20,0,0,22.7
ATT003732,EMP0311,2025-12-01 00:00:00,22,20,1,1,1.5
ATT003733,EMP0312,2025-01-01 00:00:00,22,18,0,4,5.9
ATT003734,EMP0312,2025-02-01 00:00:00,22,22,0,0,20.7
ATT003735,EMP0312,2025-03-01 00:00:00,22,19,1,2,11.4
ATT003736,EMP0312,2025-04-01 00:00:00,22,18,1,3,25.4
ATT003737,EMP0312,2025-05-01 00:00:00,21,17,3,1,8.8
ATT003738,EMP0312,2025-06-01 00:00:00,22,20,0,2,1.1
ATT003739,EMP0312,2025-07-01 00:00:00,22,19,2,1,15.1
ATT003740,EMP0312,2025-08-01 00:00:00,22,21,1,0,3.8
ATT003741,EMP0312,2025-09-01 00:00:00,21,18,1,2,0.4
ATT003742,EMP0312,2025-10-01 00:00:00,22,20,0,2,2
ATT003743,EMP0312,2025-11-01 00:00:00,22,18,2,2,14.1
ATT003744,EMP0312,2025-12-01 00:00:00,21,20,1,0,4.2
ATT003745,EMP0313,2025-01-01 00:00:00,23,23,0,0,10
ATT003746,EMP0313,2025-02-01 00:00:00,22,21,0,1,11.9
ATT003747,EMP0313,2025-03-01 00:00:00,23,22,0,1,13.4
ATT003748,EMP0313,2025-04-01 00:00:00,20,17,1,2,11.3
ATT003749,EMP0313,2025-05-01 00:00:00,22,21,1,0,2.3
ATT003750,EMP0313,2025-06-01 00:00:00,20,19,0,1,0
ATT003751,EMP0313,2025-07-01 00:00:00,22,19,1,2,0
ATT003752,EMP0313,2025-08-01 00:00:00,22,18,3,1,1.2
ATT003753,EMP0313,2025-09-01 00:00:00,22,20,1,1,0
ATT003754,EMP0313,2025-10-01 00:00:00,22,19,0,3,11
ATT003755,EMP0313,2025-11-01 00:00:00,20,16,0,4,9
ATT003756,EMP0313,2025-12-01 00:00:00,23,22,0,1,11
ATT003757,EMP0314,2025-01-01 00:00:00,22,21,0,1,9.5
ATT003758,EMP0314,2025-02-01 00:00:00,22,18,0,4,13.3
ATT003759,EMP0314,2025-03-01 00:00:00,22,21,0,1,12.5
ATT003760,EMP0314,2025-04-01 00:00:00,21,20,0,1,8.2
ATT003761,EMP0314,2025-05-01 00:00:00,21,20,0,1,2
ATT003762,EMP0314,2025-06-01 00:00:00,21,17,0,4,8.1
ATT003763,EMP0314,2025-07-01 00:00:00,21,17,0,4,15.8
ATT003764,EMP0314,2025-08-01 00:00:00,21,18,2,1,5.2
ATT003765,EMP0314,2025-09-01 00:00:00,22,19,1,2,14.9
ATT003766,EMP0314,2025-10-01 00:00:00,22,22,0,0,16.9
ATT003767,EMP0314,2025-11-01 00:00:00,22,19,2,1,11
ATT003768,EMP0314,2025-12-01 00:00:00,21,19,1,1,0
ATT003769,EMP0315,2025-01-01 00:00:00,21,17,1,3,20.7
ATT003770,EMP0315,2025-02-01 00:00:00,21,19,0,2,0
ATT003771,EMP0315,2025-03-01 00:00:00,22,22,0,0,16.2
ATT003772,EMP0315,2025-04-01 00:00:00,22,21,1,0,5.1
ATT003773,EMP0315,2025-05-01 00:00:00,22,18,1,3,9.3
ATT003774,EMP0315,2025-06-01 00:00:00,21,17,3,1,0
ATT003775,EMP0315,2025-07-01 00:00:00,21,17,3,1,14.9
ATT003776,EMP0315,2025-08-01 00:00:00,22,18,2,2,0
ATT003777,EMP0315,2025-09-01 00:00:00,22,21,1,0,19.4
ATT003778,EMP0315,2025-10-01 00:00:00,21,20,1,0,7.1
ATT003779,EMP0315,2025-11-01 00:00:00,21,15,2,4,6.4
ATT003780,EMP0315,2025-12-01 00:00:00,21,20,1,0,4.8
ATT003781,EMP0316,2025-01-01 00:00:00,21,20,0,1,16
ATT003782,EMP0316,2025-02-01 00:00:00,21,20,1,0,2
ATT003783,EMP0316,2025-03-01 00:00:00,22,16,1,5,17.2
ATT003784,EMP0316,2025-04-01 00:00:00,21,21,0,0,9.4
ATT003785,EMP0316,2025-05-01 00:00:00,22,21,1,0,0
ATT003786,EMP0316,2025-06-01 00:00:00,22,17,1,4,2.6
ATT003787,EMP0316,2025-07-01 00:00:00,21,17,2,2,0
ATT003788,EMP0316,2025-08-01 00:00:00,23,19,2,2,10
ATT003789,EMP0316,2025-09-01 00:00:00,23,22,0,1,10.7
ATT003790,EMP0316,2025-10-01 00:00:00,21,21,0,0,0
ATT003791,EMP0316,2025-11-01 00:00:00,20,16,0,4,11
ATT003792,EMP0316,2025-12-01 00:00:00,22,19,1,2,17.3
ATT003793,EMP0317,2025-01-01 00:00:00,21,17,2,2,11.1
ATT003794,EMP0317,2025-02-01 00:00:00,21,17,1,3,7.1
ATT003795,EMP0317,2025-03-01 00:00:00,22,16,3,3,2.3
ATT003796,EMP0317,2025-04-01 00:00:00,22,18,0,4,0
ATT003797,EMP0317,2025-05-01 00:00:00,22,20,1,1,5.8
ATT003798,EMP0317,2025-06-01 00:00:00,20,19,0,1,7.9
ATT003799,EMP0317,2025-07-01 00:00:00,20,18,1,1,6.9
ATT003800,EMP0317,2025-08-01 00:00:00,23,20,0,3,4
ATT003801,EMP0317,2025-09-01 00:00:00,21,20,0,1,9.4
ATT003802,EMP0317,2025-10-01 00:00:00,21,21,0,0,1.1
ATT003803,EMP0317,2025-11-01 00:00:00,21,20,0,1,11.2
ATT003804,EMP0317,2025-12-01 00:00:00,22,21,0,1,13.5
ATT003805,EMP0318,2025-01-01 00:00:00,20,20,0,0,2.9
ATT003806,EMP0318,2025-02-01 00:00:00,21,19,1,1,5.1
ATT003807,EMP0318,2025-03-01 00:00:00,22,21,0,1,5.6
ATT003808,EMP0318,2025-04-01 00:00:00,23,18,2,3,2
ATT003809,EMP0318,2025-05-01 00:00:00,23,23,0,0,20.4
ATT003810,EMP0318,2025-06-01 00:00:00,22,17,3,2,22.6
ATT003811,EMP0318,2025-07-01 00:00:00,23,17,1,5,0.7
ATT003812,EMP0318,2025-08-01 00:00:00,21,17,1,3,3.6
ATT003813,EMP0318,2025-09-01 00:00:00,22,19,0,3,4
ATT003814,EMP0318,2025-10-01 00:00:00,23,19,3,1,0
ATT003815,EMP0318,2025-11-01 00:00:00,21,20,0,1,9
ATT003816,EMP0318,2025-12-01 00:00:00,21,17,3,1,7.1
ATT003817,EMP0319,2025-01-01 00:00:00,21,18,1,2,0.8
ATT003818,EMP0319,2025-02-01 00:00:00,21,21,0,0,2.3
ATT003819,EMP0319,2025-03-01 00:00:00,22,18,2,2,17.6
ATT003820,EMP0319,2025-04-01 00:00:00,22,20,1,1,11.7
ATT003821,EMP0319,2025-05-01 00:00:00,23,21,1,1,5.9
ATT003822,EMP0319,2025-06-01 00:00:00,22,21,0,1,9.9
ATT003823,EMP0319,2025-07-01 00:00:00,22,20,1,1,10.4
ATT003824,EMP0319,2025-08-01 00:00:00,22,21,0,1,1.5
ATT003825,EMP0319,2025-09-01 00:00:00,20,17,3,0,5.7
ATT003826,EMP0319,2025-10-01 00:00:00,22,17,0,5,0
ATT003827,EMP0319,2025-11-01 00:00:00,21,20,1,0,12.8
ATT003828,EMP0319,2025-12-01 00:00:00,21,19,1,1,7
ATT003829,EMP0320,2025-01-01 00:00:00,22,19,2,1,2.3
ATT003830,EMP0320,2025-02-01 00:00:00,21,17,0,4,11.2
ATT003831,EMP0320,2025-03-01 00:00:00,21,20,0,1,10.5
ATT003832,EMP0320,2025-04-01 00:00:00,22,20,1,1,0.7
ATT003833,EMP0320,2025-05-01 00:00:00,22,19,3,0,2.7
ATT003834,EMP0320,2025-06-01 00:00:00,22,21,0,1,10.9
ATT003835,EMP0320,2025-07-01 00:00:00,21,19,0,2,13.1
ATT003836,EMP0320,2025-08-01 00:00:00,22,16,3,3,9.4
ATT003837,EMP0320,2025-09-01 00:00:00,23,18,2,3,1.7
ATT003838,EMP0320,2025-10-01 00:00:00,23,23,0,0,0
ATT003839,EMP0320,2025-11-01 00:00:00,21,18,0,3,9.7
ATT003840,EMP0320,2025-12-01 00:00:00,21,21,0,0,15.8
ATT003841,EMP0321,2025-01-01 00:00:00,22,21,0,1,0
ATT003842,EMP0321,2025-02-01 00:00:00,23,22,1,0,14.7
ATT003843,EMP0321,2025-03-01 00:00:00,23,23,0,0,14.5
ATT003844,EMP0321,2025-04-01 00:00:00,22,18,1,3,9.7
ATT003845,EMP0321,2025-05-01 00:00:00,23,20,0,3,0
ATT003846,EMP0321,2025-06-01 00:00:00,22,19,2,1,13.3
ATT003847,EMP0321,2025-07-01 00:00:00,22,19,1,2,11.6
ATT003848,EMP0321,2025-08-01 00:00:00,21,21,0,0,10.6
ATT003849,EMP0321,2025-09-01 00:00:00,20,19,1,0,17.3
ATT003850,EMP0321,2025-10-01 00:00:00,21,18,0,3,19.1
ATT003851,EMP0321,2025-11-01 00:00:00,21,18,1,2,5.3
ATT003852,EMP0321,2025-12-01 00:00:00,23,23,0,0,4.3
ATT003853,EMP0322,2025-01-01 00:00:00,22,19,1,2,1.2
ATT003854,EMP0322,2025-02-01 00:00:00,22,18,0,4,0.2
ATT003855,EMP0322,2025-03-01 00:00:00,21,15,1,5,7.9
ATT003856,EMP0322,2025-04-01 00:00:00,21,20,1,0,10.3
ATT003857,EMP0322,2025-05-01 00:00:00,22,21,1,0,6.3
ATT003858,EMP0322,2025-06-01 00:00:00,21,21,0,0,5.8
ATT003859,EMP0322,2025-07-01 00:00:00,20,20,0,0,12.5
ATT003860,EMP0322,2025-08-01 00:00:00,21,18,0,3,2
ATT003861,EMP0322,2025-09-01 00:00:00,20,16,3,1,9.9
ATT003862,EMP0322,2025-10-01 00:00:00,21,19,0,2,13.4
ATT003863,EMP0322,2025-11-01 00:00:00,21,20,1,0,8.1
ATT003864,EMP0322,2025-12-01 00:00:00,22,22,0,0,0
ATT003865,EMP0323,2025-01-01 00:00:00,22,21,0,1,5.7
ATT003866,EMP0323,2025-02-01 00:00:00,21,20,0,1,0.9
ATT003867,EMP0323,2025-03-01 00:00:00,23,23,0,0,2.2
ATT003868,EMP0323,2025-04-01 00:00:00,22,18,1,3,5.6
ATT003869,EMP0323,2025-05-01 00:00:00,23,21,1,1,6.7
ATT003870,EMP0323,2025-06-01 00:00:00,23,20,1,2,14.9
ATT003871,EMP0323,2025-07-01 00:00:00,22,21,0,1,9.1
ATT003872,EMP0323,2025-08-01 00:00:00,21,17,1,3,13.6
ATT003873,EMP0323,2025-09-01 00:00:00,21,20,0,1,8.7
ATT003874,EMP0323,2025-10-01 00:00:00,21,19,0,2,7.3
ATT003875,EMP0323,2025-11-01 00:00:00,22,19,2,1,13.7
ATT003876,EMP0323,2025-12-01 00:00:00,22,19,0,3,4.9
ATT003877,EMP0324,2025-01-01 00:00:00,21,16,3,2,5
ATT003878,EMP0324,2025-02-01 00:00:00,21,19,1,1,11.1
ATT003879,EMP0324,2025-03-01 00:00:00,21,19,1,1,11.7
ATT003880,EMP0324,2025-04-01 00:00:00,22,21,0,1,28.2
ATT003881,EMP0324,2025-05-01 00:00:00,22,19,2,1,8.8
ATT003882,EMP0324,2025-06-01 00:00:00,20,20,0,0,14.8
ATT003883,EMP0324,2025-07-01 00:00:00,22,18,1,3,10.3
ATT003884,EMP0324,2025-08-01 00:00:00,23,22,1,0,0
ATT003885,EMP0324,2025-09-01 00:00:00,22,20,2,0,18.9
ATT003886,EMP0324,2025-10-01 00:00:00,22,21,0,1,12
ATT003887,EMP0324,2025-11-01 00:00:00,22,21,0,1,11.3
ATT003888,EMP0324,2025-12-01 00:00:00,21,18,1,2,7.3
ATT003889,EMP0325,2025-01-01 00:00:00,23,17,2,4,7.4
ATT003890,EMP0325,2025-02-01 00:00:00,22,18,3,1,5.2
ATT003891,EMP0325,2025-03-01 00:00:00,21,18,1,2,4.2
ATT003892,EMP0325,2025-04-01 00:00:00,22,22,0,0,18.6
ATT003893,EMP0325,2025-05-01 00:00:00,21,17,1,3,14
ATT003894,EMP0325,2025-06-01 00:00:00,22,20,0,2,7.3
ATT003895,EMP0325,2025-07-01 00:00:00,22,20,0,2,12.6
ATT003896,EMP0325,2025-08-01 00:00:00,22,22,0,0,10
ATT003897,EMP0325,2025-09-01 00:00:00,22,19,0,3,17.5
ATT003898,EMP0325,2025-10-01 00:00:00,21,21,0,0,0.5
ATT003899,EMP0325,2025-11-01 00:00:00,22,21,0,1,9.7
ATT003900,EMP0325,2025-12-01 00:00:00,21,20,1,0,0.8
ATT003901,EMP0326,2025-01-01 00:00:00,21,18,1,2,4.8
ATT003902,EMP0326,2025-02-01 00:00:00,22,22,0,0,5.7
ATT003903,EMP0326,2025-03-01 00:00:00,22,19,1,2,4.5
ATT003904,EMP0326,2025-04-01 00:00:00,21,18,1,2,16.8
ATT003905,EMP0326,2025-05-01 00:00:00,21,20,0,1,8.5
ATT003906,EMP0326,2025-06-01 00:00:00,21,19,0,2,19.6
ATT003907,EMP0326,2025-07-01 00:00:00,20,18,1,1,11.6
ATT003908,EMP0326,2025-08-01 00:00:00,23,20,1,2,11.3
ATT003909,EMP0326,2025-09-01 00:00:00,23,23,0,0,2.6
ATT003910,EMP0326,2025-10-01 00:00:00,23,23,0,0,12.4
ATT003911,EMP0326,2025-11-01 00:00:00,21,20,1,0,0
ATT003912,EMP0326,2025-12-01 00:00:00,22,17,0,5,0.8
ATT003913,EMP0327,2025-01-01 00:00:00,21,18,1,2,14.9
ATT003914,EMP0327,2025-02-01 00:00:00,22,17,2,3,14.1
ATT003915,EMP0327,2025-03-01 00:00:00,20,18,2,0,0
ATT003916,EMP0327,2025-04-01 00:00:00,22,19,0,3,12.3
ATT003917,EMP0327,2025-05-01 00:00:00,22,21,0,1,14.6
ATT003918,EMP0327,2025-06-01 00:00:00,21,19,0,2,21.6
ATT003919,EMP0327,2025-07-01 00:00:00,20,20,0,0,0
ATT003920,EMP0327,2025-08-01 00:00:00,23,21,0,2,11.8
ATT003921,EMP0327,2025-09-01 00:00:00,22,20,1,1,3.2
ATT003922,EMP0327,2025-10-01 00:00:00,21,19,1,1,4.8
ATT003923,EMP0327,2025-11-01 00:00:00,22,22,0,0,12.3
ATT003924,EMP0327,2025-12-01 00:00:00,20,19,0,1,0
ATT003925,EMP0328,2025-01-01 00:00:00,22,22,0,0,21
ATT003926,EMP0328,2025-02-01 00:00:00,21,18,2,1,11.1
ATT003927,EMP0328,2025-03-01 00:00:00,23,21,0,2,4.1
ATT003928,EMP0328,2025-04-01 00:00:00,20,18,1,1,11.7
ATT003929,EMP0328,2025-05-01 00:00:00,23,20,0,3,0
ATT003930,EMP0328,2025-06-01 00:00:00,22,17,1,4,13.2
ATT003931,EMP0328,2025-07-01 00:00:00,21,20,0,1,8.2
ATT003932,EMP0328,2025-08-01 00:00:00,22,18,3,1,11
ATT003933,EMP0328,2025-09-01 00:00:00,21,17,1,3,13.6
ATT003934,EMP0328,2025-10-01 00:00:00,23,21,0,2,8.5
ATT003935,EMP0328,2025-11-01 00:00:00,21,21,0,0,10.7
ATT003936,EMP0328,2025-12-01 00:00:00,22,20,0,2,8.4
ATT003937,EMP0329,2025-01-01 00:00:00,21,19,0,2,5.5
ATT003938,EMP0329,2025-02-01 00:00:00,21,18,1,2,0
ATT003939,EMP0329,2025-03-01 00:00:00,21,19,1,1,27.2
ATT003940,EMP0329,2025-04-01 00:00:00,22,20,2,0,17.7
ATT003941,EMP0329,2025-05-01 00:00:00,20,16,3,1,5.1
ATT003942,EMP0329,2025-06-01 00:00:00,22,21,1,0,4.8
ATT003943,EMP0329,2025-07-01 00:00:00,22,19,1,2,15.4
ATT003944,EMP0329,2025-08-01 00:00:00,22,21,0,1,5
ATT003945,EMP0329,2025-09-01 00:00:00,22,20,1,1,2.5
ATT003946,EMP0329,2025-10-01 00:00:00,20,19,1,0,12.9
ATT003947,EMP0329,2025-11-01 00:00:00,22,19,0,3,6.5
ATT003948,EMP0329,2025-12-01 00:00:00,22,22,0,0,9.9
ATT003949,EMP0330,2025-01-01 00:00:00,22,18,1,3,11.1
ATT003950,EMP0330,2025-02-01 00:00:00,23,20,2,1,14.8
ATT003951,EMP0330,2025-03-01 00:00:00,21,19,0,2,16.8
ATT003952,EMP0330,2025-04-01 00:00:00,21,19,0,2,14
ATT003953,EMP0330,2025-05-01 00:00:00,21,20,1,0,3.3
ATT003954,EMP0330,2025-06-01 00:00:00,21,16,2,3,0
ATT003955,EMP0330,2025-07-01 00:00:00,22,20,1,1,8.2
ATT003956,EMP0330,2025-08-01 00:00:00,21,16,0,5,2.3
ATT003957,EMP0330,2025-09-01 00:00:00,22,19,1,2,0
ATT003958,EMP0330,2025-10-01 00:00:00,21,20,1,0,4.5
ATT003959,EMP0330,2025-11-01 00:00:00,20,16,1,3,17.6
ATT003960,EMP0330,2025-12-01 00:00:00,21,19,1,1,20.4
ATT003961,EMP0331,2025-01-01 00:00:00,22,20,1,1,6.9
ATT003962,EMP0331,2025-02-01 00:00:00,20,20,0,0,11.1
ATT003963,EMP0331,2025-03-01 00:00:00,22,21,1,0,7.6
ATT003964,EMP0331,2025-04-01 00:00:00,22,18,2,2,8.2
ATT003965,EMP0331,2025-05-01 00:00:00,23,22,0,1,11.2
ATT003966,EMP0331,2025-06-01 00:00:00,22,20,2,0,8.5
ATT003967,EMP0331,2025-07-01 00:00:00,21,20,1,0,10.5
ATT003968,EMP0331,2025-08-01 00:00:00,20,17,0,3,0
ATT003969,EMP0331,2025-09-01 00:00:00,22,20,0,2,12.2
ATT003970,EMP0331,2025-10-01 00:00:00,22,21,1,0,4.3
ATT003971,EMP0331,2025-11-01 00:00:00,23,21,2,0,14.5
ATT003972,EMP0331,2025-12-01 00:00:00,22,18,3,1,5.9
ATT003973,EMP0332,2025-01-01 00:00:00,22,17,0,5,0.1
ATT003974,EMP0332,2025-02-01 00:00:00,22,19,2,1,1.8
ATT003975,EMP0332,2025-03-01 00:00:00,20,17,1,2,0
ATT003976,EMP0332,2025-04-01 00:00:00,21,18,3,0,3.6
ATT003977,EMP0332,2025-05-01 00:00:00,22,17,1,4,15.3
ATT003978,EMP0332,2025-06-01 00:00:00,20,17,0,3,14.1
ATT003979,EMP0332,2025-07-01 00:00:00,22,20,0,2,6.9
ATT003980,EMP0332,2025-08-01 00:00:00,21,18,2,1,1.7
ATT003981,EMP0332,2025-09-01 00:00:00,22,17,3,2,0
ATT003982,EMP0332,2025-10-01 00:00:00,22,21,1,0,11.2
ATT003983,EMP0332,2025-11-01 00:00:00,22,22,0,0,5.1
ATT003984,EMP0332,2025-12-01 00:00:00,22,20,0,2,14.5
ATT003985,EMP0333,2025-01-01 00:00:00,22,21,1,0,9.1
ATT003986,EMP0333,2025-02-01 00:00:00,21,19,0,2,11.9
ATT003987,EMP0333,2025-03-01 00:00:00,22,17,1,4,9.1
ATT003988,EMP0333,2025-04-01 00:00:00,23,19,1,3,14.6
ATT003989,EMP0333,2025-05-01 00:00:00,22,21,0,1,7.6
ATT003990,EMP0333,2025-06-01 00:00:00,21,21,0,0,12.2
ATT003991,EMP0333,2025-07-01 00:00:00,21,20,0,1,5
ATT003992,EMP0333,2025-08-01 00:00:00,21,17,0,4,0
ATT003993,EMP0333,2025-09-01 00:00:00,22,22,0,0,10.9
ATT003994,EMP0333,2025-10-01 00:00:00,22,21,1,0,3.8
ATT003995,EMP0333,2025-11-01 00:00:00,21,20,0,1,1.4
ATT003996,EMP0333,2025-12-01 00:00:00,21,18,2,1,6.3
ATT003997,EMP0334,2025-01-01 00:00:00,23,22,0,1,12.1
ATT003998,EMP0334,2025-02-01 00:00:00,20,16,0,4,0.1
ATT003999,EMP0334,2025-03-01 00:00:00,22,19,2,1,0
ATT004000,EMP0334,2025-04-01 00:00:00,22,19,0,3,10.4
ATT004001,EMP0334,2025-05-01 00:00:00,21,17,0,4,6
ATT004002,EMP0334,2025-06-01 00:00:00,22,19,2,1,14.9
ATT004003,EMP0334,2025-07-01 00:00:00,22,18,2,2,0
ATT004004,EMP0334,2025-08-01 00:00:00,22,19,1,2,6.8
ATT004005,EMP0334,2025-09-01 00:00:00,20,13,2,5,8.9
ATT004006,EMP0334,2025-10-01 00:00:00,21,19,1,1,8.3
ATT004007,EMP0334,2025-11-01 00:00:00,21,20,0,1,13.2
ATT004008,EMP0334,2025-12-01 00:00:00,22,16,3,3,3.1
ATT004009,EMP0335,2025-01-01 00:00:00,22,20,1,1,3.5
ATT004010,EMP0335,2025-02-01 00:00:00,22,21,1,0,1.3
ATT004011,EMP0335,2025-03-01 00:00:00,21,18,2,1,7.1
ATT004012,EMP0335,2025-04-01 00:00:00,22,19,0,3,7.4
ATT004013,EMP0335,2025-05-01 00:00:00,23,22,0,1,18.1
ATT004014,EMP0335,2025-06-01 00:00:00,22,21,0,1,12.3
ATT004015,EMP0335,2025-07-01 00:00:00,21,18,1,2,9.9
ATT004016,EMP0335,2025-08-01 00:00:00,23,20,2,1,10.3
ATT004017,EMP0335,2025-09-01 00:00:00,23,22,0,1,5.9
ATT004018,EMP0335,2025-10-01 00:00:00,21,17,0,4,0
ATT004019,EMP0335,2025-11-01 00:00:00,22,20,0,2,8.4
ATT004020,EMP0335,2025-12-01 00:00:00,22,20,1,1,0
ATT004021,EMP0336,2025-01-01 00:00:00,23,21,1,1,8.9
ATT004022,EMP0336,2025-02-01 00:00:00,22,20,0,2,2
ATT004023,EMP0336,2025-03-01 00:00:00,23,19,2,2,7.3
ATT004024,EMP0336,2025-04-01 00:00:00,21,21,0,0,10.7
ATT004025,EMP0336,2025-05-01 00:00:00,21,20,0,1,0
ATT004026,EMP0336,2025-06-01 00:00:00,21,20,0,1,5.5
ATT004027,EMP0336,2025-07-01 00:00:00,20,18,1,1,17.3
ATT004028,EMP0336,2025-08-01 00:00:00,20,18,2,0,12.3
ATT004029,EMP0336,2025-09-01 00:00:00,22,22,0,0,15.3
ATT004030,EMP0336,2025-10-01 00:00:00,20,19,1,0,15.7
ATT004031,EMP0336,2025-11-01 00:00:00,22,20,1,1,14.5
ATT004032,EMP0336,2025-12-01 00:00:00,22,21,1,0,6.5
ATT004033,EMP0337,2025-01-01 00:00:00,22,21,1,0,17.3
ATT004034,EMP0337,2025-02-01 00:00:00,21,19,0,2,8.7
ATT004035,EMP0337,2025-03-01 00:00:00,23,21,0,2,17.5
ATT004036,EMP0337,2025-04-01 00:00:00,22,18,3,1,0
ATT004037,EMP0337,2025-05-01 00:00:00,21,19,0,2,7.5
ATT004038,EMP0337,2025-06-01 00:00:00,21,21,0,0,14.1
ATT004039,EMP0337,2025-07-01 00:00:00,22,20,0,2,7.4
ATT004040,EMP0337,2025-08-01 00:00:00,22,22,0,0,13.2
ATT004041,EMP0337,2025-09-01 00:00:00,22,20,1,1,0
ATT004042,EMP0337,2025-10-01 00:00:00,22,18,0,4,8.6
ATT004043,EMP0337,2025-11-01 00:00:00,21,20,0,1,12.1
ATT004044,EMP0337,2025-12-01 00:00:00,22,21,1,0,6.6
ATT004045,EMP0338,2025-01-01 00:00:00,21,21,0,0,10.5
ATT004046,EMP0338,2025-02-01 00:00:00,20,19,0,1,11.5
ATT004047,EMP0338,2025-03-01 00:00:00,23,19,1,3,9
ATT004048,EMP0338,2025-04-01 00:00:00,23,22,0,1,7.3
ATT004049,EMP0338,2025-05-01 00:00:00,22,22,0,0,6.7
ATT004050,EMP0338,2025-06-01 00:00:00,21,20,1,0,7.8
ATT004051,EMP0338,2025-07-01 00:00:00,22,22,0,0,11.6
ATT004052,EMP0338,2025-08-01 00:00:00,21,20,0,1,6.5
ATT004053,EMP0338,2025-09-01 00:00:00,20,19,1,0,13
ATT004054,EMP0338,2025-10-01 00:00:00,22,18,1,3,0
ATT004055,EMP0338,2025-11-01 00:00:00,23,19,3,1,6.2
ATT004056,EMP0338,2025-12-01 00:00:00,23,22,0,1,14.6
ATT004057,EMP0339,2025-01-01 00:00:00,21,17,0,4,3.2
ATT004058,EMP0339,2025-02-01 00:00:00,21,21,0,0,8.9
ATT004059,EMP0339,2025-03-01 00:00:00,21,19,2,0,4.5
ATT004060,EMP0339,2025-04-01 00:00:00,21,16,1,4,9
ATT004061,EMP0339,2025-05-01 00:00:00,20,15,0,5,4.8
ATT004062,EMP0339,2025-06-01 00:00:00,21,18,1,2,7.4
ATT004063,EMP0339,2025-07-01 00:00:00,22,18,2,2,0
ATT004064,EMP0339,2025-08-01 00:00:00,22,19,0,3,11.5
ATT004065,EMP0339,2025-09-01 00:00:00,22,21,1,0,5.9
ATT004066,EMP0339,2025-10-01 00:00:00,22,22,0,0,10.8
ATT004067,EMP0339,2025-11-01 00:00:00,22,20,0,2,7.8
ATT004068,EMP0339,2025-12-01 00:00:00,22,22,0,0,2.7
ATT004069,EMP0340,2025-01-01 00:00:00,21,17,1,3,12
ATT004070,EMP0340,2025-02-01 00:00:00,22,18,1,3,10.6
ATT004071,EMP0340,2025-03-01 00:00:00,21,17,0,4,0.3
ATT004072,EMP0340,2025-04-01 00:00:00,22,17,1,4,9
ATT004073,EMP0340,2025-05-01 00:00:00,22,21,0,1,16.7
ATT004074,EMP0340,2025-06-01 00:00:00,23,22,0,1,5
ATT004075,EMP0340,2025-07-01 00:00:00,22,21,0,1,8.5
ATT004076,EMP0340,2025-08-01 00:00:00,21,19,1,1,6.4
ATT004077,EMP0340,2025-09-01 00:00:00,22,19,1,2,13
ATT004078,EMP0340,2025-10-01 00:00:00,20,18,0,2,7
ATT004079,EMP0340,2025-11-01 00:00:00,22,20,2,0,8.1
ATT004080,EMP0340,2025-12-01 00:00:00,22,19,0,3,11.1
ATT004081,EMP0341,2025-01-01 00:00:00,20,19,0,1,13.8
ATT004082,EMP0341,2025-02-01 00:00:00,21,16,0,5,11.7
ATT004083,EMP0341,2025-03-01 00:00:00,22,20,0,2,2.5
ATT004084,EMP0341,2025-04-01 00:00:00,23,20,1,2,4.3
ATT004085,EMP0341,2025-05-01 00:00:00,22,20,0,2,9
ATT004086,EMP0341,2025-06-01 00:00:00,23,21,0,2,1.2
ATT004087,EMP0341,2025-07-01 00:00:00,21,16,3,2,6.7
ATT004088,EMP0341,2025-08-01 00:00:00,22,20,1,1,0
ATT004089,EMP0341,2025-09-01 00:00:00,20,20,0,0,2.5
ATT004090,EMP0341,2025-10-01 00:00:00,21,20,1,0,18.2
ATT004091,EMP0341,2025-11-01 00:00:00,21,20,1,0,15.9
ATT004092,EMP0341,2025-12-01 00:00:00,21,21,0,0,9.8
ATT004093,EMP0342,2025-01-01 00:00:00,21,18,2,1,23.2
ATT004094,EMP0342,2025-02-01 00:00:00,23,22,1,0,8.1
ATT004095,EMP0342,2025-03-01 00:00:00,22,20,2,0,8.9
ATT004096,EMP0342,2025-04-01 00:00:00,22,19,1,2,13.9
ATT004097,EMP0342,2025-05-01 00:00:00,23,20,1,2,15.1
ATT004098,EMP0342,2025-06-01 00:00:00,21,17,2,2,16.4
ATT004099,EMP0342,2025-07-01 00:00:00,21,16,3,2,6.7
ATT004100,EMP0342,2025-08-01 00:00:00,23,22,1,0,1.2
ATT004101,EMP0342,2025-09-01 00:00:00,22,20,0,2,14.5
ATT004102,EMP0342,2025-10-01 00:00:00,22,18,1,3,9.9
ATT004103,EMP0342,2025-11-01 00:00:00,20,19,0,1,16.4
ATT004104,EMP0342,2025-12-01 00:00:00,21,21,0,0,2
ATT004105,EMP0343,2025-01-01 00:00:00,21,19,2,0,15.7
ATT004106,EMP0343,2025-02-01 00:00:00,21,18,3,0,13.2
ATT004107,EMP0343,2025-03-01 00:00:00,21,19,1,1,12.2
ATT004108,EMP0343,2025-04-01 00:00:00,21,17,3,1,7.2
ATT004109,EMP0343,2025-05-01 00:00:00,22,19,1,2,8.2
ATT004110,EMP0343,2025-06-01 00:00:00,21,20,0,1,3.4
ATT004111,EMP0343,2025-07-01 00:00:00,22,21,0,1,14.9
ATT004112,EMP0343,2025-08-01 00:00:00,23,22,1,0,6.9
ATT004113,EMP0343,2025-09-01 00:00:00,22,18,1,3,5.6
ATT004114,EMP0343,2025-10-01 00:00:00,22,18,1,3,14.1
ATT004115,EMP0343,2025-11-01 00:00:00,22,18,0,4,9
ATT004116,EMP0343,2025-12-01 00:00:00,22,18,1,3,9.5
ATT004117,EMP0344,2025-01-01 00:00:00,22,19,1,2,7
ATT004118,EMP0344,2025-02-01 00:00:00,23,20,1,2,3.1
ATT004119,EMP0344,2025-03-01 00:00:00,22,21,1,0,11.3
ATT004120,EMP0344,2025-04-01 00:00:00,22,19,1,2,0
ATT004121,EMP0344,2025-05-01 00:00:00,21,20,0,1,12.9
ATT004122,EMP0344,2025-06-01 00:00:00,22,18,0,4,6.1
ATT004123,EMP0344,2025-07-01 00:00:00,21,21,0,0,11.2
ATT004124,EMP0344,2025-08-01 00:00:00,20,17,2,1,5.1
ATT004125,EMP0344,2025-09-01 00:00:00,23,22,0,1,11.9
ATT004126,EMP0344,2025-10-01 00:00:00,22,20,2,0,9.6
ATT004127,EMP0344,2025-11-01 00:00:00,22,20,1,1,7.3
ATT004128,EMP0344,2025-12-01 00:00:00,22,17,2,3,7.9
ATT004129,EMP0345,2025-01-01 00:00:00,23,23,0,0,0
ATT004130,EMP0345,2025-02-01 00:00:00,20,18,2,0,18.8
ATT004131,EMP0345,2025-03-01 00:00:00,20,18,0,2,5.3
ATT004132,EMP0345,2025-04-01 00:00:00,23,23,0,0,6.5
ATT004133,EMP0345,2025-05-01 00:00:00,22,21,0,1,7
ATT004134,EMP0345,2025-06-01 00:00:00,22,17,1,4,13.7
ATT004135,EMP0345,2025-07-01 00:00:00,21,19,1,1,7.4
ATT004136,EMP0345,2025-08-01 00:00:00,21,19,1,1,13.4
ATT004137,EMP0345,2025-09-01 00:00:00,22,22,0,0,2.2
ATT004138,EMP0345,2025-10-01 00:00:00,21,21,0,0,6.7
ATT004139,EMP0345,2025-11-01 00:00:00,22,18,1,3,6.1
ATT004140,EMP0345,2025-12-01 00:00:00,22,17,3,2,8.7
ATT004141,EMP0346,2025-01-01 00:00:00,21,18,2,1,2.6
ATT004142,EMP0346,2025-02-01 00:00:00,23,18,3,2,9.1
ATT004143,EMP0346,2025-03-01 00:00:00,21,18,1,2,3.1
ATT004144,EMP0346,2025-04-01 00:00:00,21,19,2,0,14
ATT004145,EMP0346,2025-05-01 00:00:00,22,21,0,1,19.9
ATT004146,EMP0346,2025-06-01 00:00:00,21,21,0,0,3.6
ATT004147,EMP0346,2025-07-01 00:00:00,22,22,0,0,1.1
ATT004148,EMP0346,2025-08-01 00:00:00,22,19,1,2,16.1
ATT004149,EMP0346,2025-09-01 00:00:00,20,19,0,1,10.1
ATT004150,EMP0346,2025-10-01 00:00:00,22,18,3,1,2
ATT004151,EMP0346,2025-11-01 00:00:00,22,18,3,1,5.4
ATT004152,EMP0346,2025-12-01 00:00:00,22,18,3,1,7.9
ATT004153,EMP0347,2025-01-01 00:00:00,23,22,1,0,2.9
ATT004154,EMP0347,2025-02-01 00:00:00,22,18,2,2,14.4
ATT004155,EMP0347,2025-03-01 00:00:00,23,21,1,1,7.9
ATT004156,EMP0347,2025-04-01 00:00:00,22,19,2,1,5.9
ATT004157,EMP0347,2025-05-01 00:00:00,21,16,2,3,7.4
ATT004158,EMP0347,2025-06-01 00:00:00,21,20,1,0,0.5
ATT004159,EMP0347,2025-07-01 00:00:00,22,19,0,3,0
ATT004160,EMP0347,2025-08-01 00:00:00,22,19,1,2,13.8
ATT004161,EMP0347,2025-09-01 00:00:00,20,16,1,3,1.9
ATT004162,EMP0347,2025-10-01 00:00:00,21,21,0,0,7.3
ATT004163,EMP0347,2025-11-01 00:00:00,21,19,0,2,8.9
ATT004164,EMP0347,2025-12-01 00:00:00,22,21,0,1,17.1
ATT004165,EMP0348,2025-01-01 00:00:00,21,19,1,1,9.1
ATT004166,EMP0348,2025-02-01 00:00:00,21,18,2,1,7.3
ATT004167,EMP0348,2025-03-01 00:00:00,22,20,0,2,0
ATT004168,EMP0348,2025-04-01 00:00:00,23,22,1,0,7.1
ATT004169,EMP0348,2025-05-01 00:00:00,22,20,1,1,11.9
ATT004170,EMP0348,2025-06-01 00:00:00,21,21,0,0,7.3
ATT004171,EMP0348,2025-07-01 00:00:00,21,17,3,1,0.9
ATT004172,EMP0348,2025-08-01 00:00:00,22,19,1,2,0
ATT004173,EMP0348,2025-09-01 00:00:00,22,20,2,0,10.9
ATT004174,EMP0348,2025-10-01 00:00:00,23,20,1,2,13.2
ATT004175,EMP0348,2025-11-01 00:00:00,22,20,2,0,8.5
ATT004176,EMP0348,2025-12-01 00:00:00,22,20,1,1,18.8
ATT004177,EMP0349,2025-01-01 00:00:00,21,20,0,1,5.5
ATT004178,EMP0349,2025-02-01 00:00:00,21,20,0,1,9.2
ATT004179,EMP0349,2025-03-01 00:00:00,22,20,1,1,9.9
ATT004180,EMP0349,2025-04-01 00:00:00,21,18,3,0,14.6
ATT004181,EMP0349,2025-05-01 00:00:00,22,20,1,1,8.2
ATT004182,EMP0349,2025-06-01 00:00:00,22,22,0,0,11.7
ATT004183,EMP0349,2025-07-01 00:00:00,20,20,0,0,7.5
ATT004184,EMP0349,2025-08-01 00:00:00,21,19,1,1,4
ATT004185,EMP0349,2025-09-01 00:00:00,22,20,0,2,16.8
ATT004186,EMP0349,2025-10-01 00:00:00,21,20,1,0,0
ATT004187,EMP0349,2025-11-01 00:00:00,22,18,1,3,19.9
ATT004188,EMP0349,2025-12-01 00:00:00,20,18,1,1,11
ATT004189,EMP0350,2025-01-01 00:00:00,23,21,2,0,16.8
ATT004190,EMP0350,2025-02-01 00:00:00,23,23,0,0,8.9
ATT004191,EMP0350,2025-03-01 00:00:00,22,22,0,0,8.7
ATT004192,EMP0350,2025-04-01 00:00:00,21,19,0,2,8
ATT004193,EMP0350,2025-05-01 00:00:00,20,16,1,3,20.3
ATT004194,EMP0350,2025-06-01 00:00:00,22,19,1,2,7.2
ATT004195,EMP0350,2025-07-01 00:00:00,22,21,0,1,7.3
ATT004196,EMP0350,2025-08-01 00:00:00,21,20,0,1,20.1
ATT004197,EMP0350,2025-09-01 00:00:00,22,22,0,0,11.1
ATT004198,EMP0350,2025-10-01 00:00:00,21,18,1,2,8.5
ATT004199,EMP0350,2025-11-01 00:00:00,22,22,0,0,0
ATT004200,EMP0350,2025-12-01 00:00:00,22,20,2,0,9.8
ATT004201,EMP0351,2025-01-01 00:00:00,22,18,1,3,0
ATT004202,EMP0351,2025-02-01 00:00:00,21,19,1,1,8
ATT004203,EMP0351,2025-03-01 00:00:00,21,19,1,1,15.9
ATT004204,EMP0351,2025-04-01 00:00:00,20,17,2,1,8.3
ATT004205,EMP0351,2025-05-01 00:00:00,22,19,2,1,3.9
ATT004206,EMP0351,2025-06-01 00:00:00,23,23,0,0,15.9
ATT004207,EMP0351,2025-07-01 00:00:00,23,22,0,1,0
ATT004208,EMP0351,2025-08-01 00:00:00,22,21,1,0,9.3
ATT004209,EMP0351,2025-09-01 00:00:00,21,21,0,0,1
ATT004210,EMP0351,2025-10-01 00:00:00,22,19,2,1,2.2
ATT004211,EMP0351,2025-11-01 00:00:00,20,17,1,2,11.6
ATT004212,EMP0351,2025-12-01 00:00:00,20,16,2,2,7.8
ATT004213,EMP0352,2025-01-01 00:00:00,22,20,1,1,9.5
ATT004214,EMP0352,2025-02-01 00:00:00,22,19,1,2,11.4
ATT004215,EMP0352,2025-03-01 00:00:00,20,20,0,0,4.6
ATT004216,EMP0352,2025-04-01 00:00:00,22,21,0,1,10.2
ATT004217,EMP0352,2025-05-01 00:00:00,22,21,0,1,5.1
ATT004218,EMP0352,2025-06-01 00:00:00,23,17,3,3,13.4
ATT004219,EMP0352,2025-07-01 00:00:00,22,17,1,4,10.1
ATT004220,EMP0352,2025-08-01 00:00:00,23,19,1,3,9.2
ATT004221,EMP0352,2025-09-01 00:00:00,22,21,1,0,2.1
ATT004222,EMP0352,2025-10-01 00:00:00,22,19,3,0,6
ATT004223,EMP0352,2025-11-01 00:00:00,23,17,3,3,7.2
ATT004224,EMP0352,2025-12-01 00:00:00,22,21,0,1,12.3
ATT004225,EMP0353,2025-01-01 00:00:00,22,19,2,1,21.7
ATT004226,EMP0353,2025-02-01 00:00:00,22,20,1,1,12
ATT004227,EMP0353,2025-03-01 00:00:00,21,17,2,2,0
ATT004228,EMP0353,2025-04-01 00:00:00,22,21,1,0,0.4
ATT004229,EMP0353,2025-05-01 00:00:00,22,19,1,2,1.5
ATT004230,EMP0353,2025-06-01 00:00:00,22,20,0,2,3.7
ATT004231,EMP0353,2025-07-01 00:00:00,23,20,2,1,19.8
ATT004232,EMP0353,2025-08-01 00:00:00,20,20,0,0,3.5
ATT004233,EMP0353,2025-09-01 00:00:00,21,20,0,1,5.1
ATT004234,EMP0353,2025-10-01 00:00:00,22,20,1,1,7.3
ATT004235,EMP0353,2025-11-01 00:00:00,21,17,1,3,14.8
ATT004236,EMP0353,2025-12-01 00:00:00,21,20,1,0,18.8
ATT004237,EMP0354,2025-01-01 00:00:00,22,20,0,2,17.6
ATT004238,EMP0354,2025-02-01 00:00:00,23,19,1,3,12.5
ATT004239,EMP0354,2025-03-01 00:00:00,22,21,0,1,10.5
ATT004240,EMP0354,2025-04-01 00:00:00,22,22,0,0,17.5
ATT004241,EMP0354,2025-05-01 00:00:00,23,18,2,3,16.4
ATT004242,EMP0354,2025-06-01 00:00:00,21,20,1,0,8
ATT004243,EMP0354,2025-07-01 00:00:00,22,22,0,0,14.5
ATT004244,EMP0354,2025-08-01 00:00:00,22,20,1,1,9.9
ATT004245,EMP0354,2025-09-01 00:00:00,21,18,0,3,17
ATT004246,EMP0354,2025-10-01 00:00:00,21,20,1,0,6.4
ATT004247,EMP0354,2025-11-01 00:00:00,22,20,1,1,16
ATT004248,EMP0354,2025-12-01 00:00:00,21,18,1,2,4.8
ATT004249,EMP0355,2025-01-01 00:00:00,23,20,1,2,7.3
ATT004250,EMP0355,2025-02-01 00:00:00,22,19,1,2,0
ATT004251,EMP0355,2025-03-01 00:00:00,23,21,1,1,0.6
ATT004252,EMP0355,2025-04-01 00:00:00,23,20,3,0,0.7
ATT004253,EMP0355,2025-05-01 00:00:00,23,22,0,1,7.6
ATT004254,EMP0355,2025-06-01 00:00:00,23,22,0,1,3.3
ATT004255,EMP0355,2025-07-01 00:00:00,22,17,2,3,7.5
ATT004256,EMP0355,2025-08-01 00:00:00,22,20,0,2,8.8
ATT004257,EMP0355,2025-09-01 00:00:00,22,15,2,5,0
ATT004258,EMP0355,2025-10-01 00:00:00,21,15,1,5,7.5
ATT004259,EMP0355,2025-11-01 00:00:00,22,17,3,2,13.1
ATT004260,EMP0355,2025-12-01 00:00:00,22,18,1,3,7.1
ATT004261,EMP0356,2025-01-01 00:00:00,21,20,0,1,17.4
ATT004262,EMP0356,2025-02-01 00:00:00,21,20,1,0,1
ATT004263,EMP0356,2025-03-01 00:00:00,22,20,0,2,6.2
ATT004264,EMP0356,2025-04-01 00:00:00,21,18,3,0,5.6
ATT004265,EMP0356,2025-05-01 00:00:00,22,21,0,1,14
ATT004266,EMP0356,2025-06-01 00:00:00,21,17,1,3,11.5
ATT004267,EMP0356,2025-07-01 00:00:00,21,19,1,1,10.6
ATT004268,EMP0356,2025-08-01 00:00:00,22,22,0,0,4
ATT004269,EMP0356,2025-09-01 00:00:00,20,17,0,3,2.8
ATT004270,EMP0356,2025-10-01 00:00:00,22,19,2,1,0
ATT004271,EMP0356,2025-11-01 00:00:00,22,19,1,2,8.5
ATT004272,EMP0356,2025-12-01 00:00:00,22,19,0,3,0
ATT004273,EMP0357,2025-01-01 00:00:00,22,19,1,2,10.5
ATT004274,EMP0357,2025-02-01 00:00:00,20,19,1,0,13.5
ATT004275,EMP0357,2025-03-01 00:00:00,23,17,2,4,11.4
ATT004276,EMP0357,2025-04-01 00:00:00,23,21,0,2,9.5
ATT004277,EMP0357,2025-05-01 00:00:00,23,23,0,0,9.2
ATT004278,EMP0357,2025-06-01 00:00:00,20,18,2,0,0
ATT004279,EMP0357,2025-07-01 00:00:00,22,21,0,1,0
ATT004280,EMP0357,2025-08-01 00:00:00,21,18,2,1,18.8
ATT004281,EMP0357,2025-09-01 00:00:00,22,18,0,4,7.3
ATT004282,EMP0357,2025-10-01 00:00:00,23,19,1,3,1.8
ATT004283,EMP0357,2025-11-01 00:00:00,21,19,0,2,5.1
ATT004284,EMP0357,2025-12-01 00:00:00,21,17,0,4,10.2
ATT004285,EMP0358,2025-01-01 00:00:00,21,20,0,1,17.2
ATT004286,EMP0358,2025-02-01 00:00:00,22,20,0,2,3.4
ATT004287,EMP0358,2025-03-01 00:00:00,23,18,1,4,18.5
ATT004288,EMP0358,2025-04-01 00:00:00,22,20,2,0,9.8
ATT004289,EMP0358,2025-05-01 00:00:00,21,18,2,1,7.3
ATT004290,EMP0358,2025-06-01 00:00:00,20,20,0,0,9.2
ATT004291,EMP0358,2025-07-01 00:00:00,22,20,1,1,0
ATT004292,EMP0358,2025-08-01 00:00:00,21,19,1,1,6.2
ATT004293,EMP0358,2025-09-01 00:00:00,21,19,1,1,9.5
ATT004294,EMP0358,2025-10-01 00:00:00,22,19,2,1,9
ATT004295,EMP0358,2025-11-01 00:00:00,21,20,0,1,9.2
ATT004296,EMP0358,2025-12-01 00:00:00,22,21,0,1,13.5
ATT004297,EMP0359,2025-01-01 00:00:00,23,19,1,3,0
ATT004298,EMP0359,2025-02-01 00:00:00,22,20,1,1,15.5
ATT004299,EMP0359,2025-03-01 00:00:00,22,20,0,2,5.9
ATT004300,EMP0359,2025-04-01 00:00:00,21,18,3,0,13.3
ATT004301,EMP0359,2025-05-01 00:00:00,22,19,2,1,4.2
ATT004302,EMP0359,2025-06-01 00:00:00,20,19,1,0,12.8
ATT004303,EMP0359,2025-07-01 00:00:00,23,20,1,2,13.7
ATT004304,EMP0359,2025-08-01 00:00:00,22,17,1,4,21.9
ATT004305,EMP0359,2025-09-01 00:00:00,21,20,0,1,11.6
ATT004306,EMP0359,2025-10-01 00:00:00,21,20,1,0,14.8
ATT004307,EMP0359,2025-11-01 00:00:00,22,21,1,0,9.9
ATT004308,EMP0359,2025-12-01 00:00:00,22,19,1,2,2.7
ATT004309,EMP0360,2025-01-01 00:00:00,22,20,1,1,10.6
ATT004310,EMP0360,2025-02-01 00:00:00,21,18,1,2,5
ATT004311,EMP0360,2025-03-01 00:00:00,22,20,2,0,12.8
ATT004312,EMP0360,2025-04-01 00:00:00,22,20,1,1,3.5
ATT004313,EMP0360,2025-05-01 00:00:00,22,20,1,1,6.9
ATT004314,EMP0360,2025-06-01 00:00:00,22,20,1,1,19.5
ATT004315,EMP0360,2025-07-01 00:00:00,22,18,3,1,11.1
ATT004316,EMP0360,2025-08-01 00:00:00,21,17,0,4,5.8
ATT004317,EMP0360,2025-09-01 00:00:00,22,20,1,1,17.6
ATT004318,EMP0360,2025-10-01 00:00:00,21,19,2,0,14.7
ATT004319,EMP0360,2025-11-01 00:00:00,22,21,0,1,4
ATT004320,EMP0360,2025-12-01 00:00:00,21,20,0,1,11.3
ATT004321,EMP0361,2025-01-01 00:00:00,22,19,0,3,20
ATT004322,EMP0361,2025-02-01 00:00:00,21,19,0,2,15.2
ATT004323,EMP0361,2025-03-01 00:00:00,21,18,0,3,14.3
ATT004324,EMP0361,2025-04-01 00:00:00,22,19,2,1,12.5
ATT004325,EMP0361,2025-05-01 00:00:00,22,19,1,2,20.1
ATT004326,EMP0361,2025-06-01 00:00:00,22,22,0,0,9
ATT004327,EMP0361,2025-07-01 00:00:00,21,17,1,3,6.5
ATT004328,EMP0361,2025-08-01 00:00:00,22,18,1,3,22.2
ATT004329,EMP0361,2025-09-01 00:00:00,22,17,0,5,20.1
ATT004330,EMP0361,2025-10-01 00:00:00,22,22,0,0,8
ATT004331,EMP0361,2025-11-01 00:00:00,22,19,1,2,0.5
ATT004332,EMP0361,2025-12-01 00:00:00,21,19,1,1,4.7
ATT004333,EMP0362,2025-01-01 00:00:00,22,20,2,0,17
ATT004334,EMP0362,2025-02-01 00:00:00,20,18,0,2,9.7
ATT004335,EMP0362,2025-03-01 00:00:00,20,16,3,1,19.1
ATT004336,EMP0362,2025-04-01 00:00:00,22,21,0,1,19.5
ATT004337,EMP0362,2025-05-01 00:00:00,20,17,2,1,17.4
ATT004338,EMP0362,2025-06-01 00:00:00,21,17,0,4,13.8
ATT004339,EMP0362,2025-07-01 00:00:00,21,19,2,0,10.5
ATT004340,EMP0362,2025-08-01 00:00:00,21,18,0,3,16.6
ATT004341,EMP0362,2025-09-01 00:00:00,22,20,0,2,0
ATT004342,EMP0362,2025-10-01 00:00:00,22,20,1,1,0
ATT004343,EMP0362,2025-11-01 00:00:00,20,19,1,0,0
ATT004344,EMP0362,2025-12-01 00:00:00,21,19,1,1,9.1
ATT004345,EMP0363,2025-01-01 00:00:00,23,21,0,2,10.7
ATT004346,EMP0363,2025-02-01 00:00:00,22,17,1,4,7.6
ATT004347,EMP0363,2025-03-01 00:00:00,22,21,1,0,7.1
ATT004348,EMP0363,2025-04-01 00:00:00,21,18,1,2,0
ATT004349,EMP0363,2025-05-01 00:00:00,22,21,0,1,12.5
ATT004350,EMP0363,2025-06-01 00:00:00,21,20,1,0,7.2
ATT004351,EMP0363,2025-07-01 00:00:00,23,20,3,0,13.3
ATT004352,EMP0363,2025-08-01 00:00:00,23,19,0,4,6.4
ATT004353,EMP0363,2025-09-01 00:00:00,22,17,3,2,11
ATT004354,EMP0363,2025-10-01 00:00:00,23,18,3,2,7.8
ATT004355,EMP0363,2025-11-01 00:00:00,20,16,1,3,14.3
ATT004356,EMP0363,2025-12-01 00:00:00,22,22,0,0,7.7
ATT004357,EMP0364,2025-01-01 00:00:00,21,19,1,1,13
ATT004358,EMP0364,2025-02-01 00:00:00,21,19,2,0,7.3
ATT004359,EMP0364,2025-03-01 00:00:00,21,18,2,1,11.4
ATT004360,EMP0364,2025-04-01 00:00:00,20,19,0,1,13.9
ATT004361,EMP0364,2025-05-01 00:00:00,22,18,1,3,10.8
ATT004362,EMP0364,2025-06-01 00:00:00,23,21,1,1,0
ATT004363,EMP0364,2025-07-01 00:00:00,21,17,3,1,15.1
ATT004364,EMP0364,2025-08-01 00:00:00,22,17,1,4,0
ATT004365,EMP0364,2025-09-01 00:00:00,22,19,2,1,8.4
ATT004366,EMP0364,2025-10-01 00:00:00,20,19,0,1,8.4
ATT004367,EMP0364,2025-11-01 00:00:00,20,18,1,1,0
ATT004368,EMP0364,2025-12-01 00:00:00,21,17,2,2,9.3
ATT004369,EMP0365,2025-01-01 00:00:00,21,17,2,2,7.2
ATT004370,EMP0365,2025-02-01 00:00:00,22,17,2,3,7.1
ATT004371,EMP0365,2025-03-01 00:00:00,22,19,0,3,2.9
ATT004372,EMP0365,2025-04-01 00:00:00,23,20,2,1,8.9
ATT004373,EMP0365,2025-05-01 00:00:00,22,20,1,1,11.1
ATT004374,EMP0365,2025-06-01 00:00:00,20,20,0,0,8.9
ATT004375,EMP0365,2025-07-01 00:00:00,20,17,1,2,9.4
ATT004376,EMP0365,2025-08-01 00:00:00,22,18,2,2,16.8
ATT004377,EMP0365,2025-09-01 00:00:00,22,22,0,0,4.4
ATT004378,EMP0365,2025-10-01 00:00:00,22,21,0,1,12.2
ATT004379,EMP0365,2025-11-01 00:00:00,21,19,1,1,1.2
ATT004380,EMP0365,2025-12-01 00:00:00,23,21,0,2,1.4
ATT004381,EMP0366,2025-01-01 00:00:00,23,20,2,1,2.3
ATT004382,EMP0366,2025-02-01 00:00:00,21,20,1,0,14.1
ATT004383,EMP0366,2025-03-01 00:00:00,22,19,2,1,12.2
ATT004384,EMP0366,2025-04-01 00:00:00,21,13,3,5,9.9
ATT004385,EMP0366,2025-05-01 00:00:00,22,21,1,0,0
ATT004386,EMP0366,2025-06-01 00:00:00,21,19,0,2,11.8
ATT004387,EMP0366,2025-07-01 00:00:00,22,20,0,2,14.8
ATT004388,EMP0366,2025-08-01 00:00:00,20,19,1,0,3.7
ATT004389,EMP0366,2025-09-01 00:00:00,22,21,1,0,12.7
ATT004390,EMP0366,2025-10-01 00:00:00,21,19,0,2,14.4
ATT004391,EMP0366,2025-11-01 00:00:00,22,18,0,4,4.4
ATT004392,EMP0366,2025-12-01 00:00:00,21,21,0,0,23.7
ATT004393,EMP0367,2025-01-01 00:00:00,21,18,1,2,6.2
ATT004394,EMP0367,2025-02-01 00:00:00,23,21,1,1,1.5
ATT004395,EMP0367,2025-03-01 00:00:00,23,22,0,1,12.2
ATT004396,EMP0367,2025-04-01 00:00:00,21,20,1,0,13.4
ATT004397,EMP0367,2025-05-01 00:00:00,21,19,0,2,15.9
ATT004398,EMP0367,2025-06-01 00:00:00,22,18,2,2,7
ATT004399,EMP0367,2025-07-01 00:00:00,21,17,2,2,21
ATT004400,EMP0367,2025-08-01 00:00:00,23,18,1,4,8.8
ATT004401,EMP0367,2025-09-01 00:00:00,20,18,2,0,11.7
ATT004402,EMP0367,2025-10-01 00:00:00,22,18,0,4,8.7
ATT004403,EMP0367,2025-11-01 00:00:00,21,18,2,1,0
ATT004404,EMP0367,2025-12-01 00:00:00,21,19,1,1,3.2
ATT004405,EMP0368,2025-01-01 00:00:00,20,16,3,1,0
ATT004406,EMP0368,2025-02-01 00:00:00,21,21,0,0,15
ATT004407,EMP0368,2025-03-01 00:00:00,20,19,0,1,0
ATT004408,EMP0368,2025-04-01 00:00:00,20,16,3,1,19.6
ATT004409,EMP0368,2025-05-01 00:00:00,22,21,0,1,0
ATT004410,EMP0368,2025-06-01 00:00:00,23,18,1,4,9
ATT004411,EMP0368,2025-07-01 00:00:00,22,21,1,0,3.1
ATT004412,EMP0368,2025-08-01 00:00:00,20,16,2,2,7
ATT004413,EMP0368,2025-09-01 00:00:00,22,20,0,2,2.9
ATT004414,EMP0368,2025-10-01 00:00:00,23,18,1,4,12.7
ATT004415,EMP0368,2025-11-01 00:00:00,22,22,0,0,11.8
ATT004416,EMP0368,2025-12-01 00:00:00,21,21,0,0,8.8
ATT004417,EMP0369,2025-01-01 00:00:00,22,21,0,1,4
ATT004418,EMP0369,2025-02-01 00:00:00,21,18,0,3,15.2
ATT004419,EMP0369,2025-03-01 00:00:00,23,23,0,0,13.8
ATT004420,EMP0369,2025-04-01 00:00:00,20,19,0,1,5
ATT004421,EMP0369,2025-05-01 00:00:00,22,20,1,1,0
ATT004422,EMP0369,2025-06-01 00:00:00,22,20,1,1,11.2
ATT004423,EMP0369,2025-07-01 00:00:00,21,19,0,2,15.7
ATT004424,EMP0369,2025-08-01 00:00:00,23,19,1,3,5.9
ATT004425,EMP0369,2025-09-01 00:00:00,22,19,3,0,4.9
ATT004426,EMP0369,2025-10-01 00:00:00,22,17,0,5,3.9
ATT004427,EMP0369,2025-11-01 00:00:00,23,20,0,3,8.6
ATT004428,EMP0369,2025-12-01 00:00:00,22,20,0,2,7.8
ATT004429,EMP0370,2025-01-01 00:00:00,22,21,0,1,1.8
ATT004430,EMP0370,2025-02-01 00:00:00,21,21,0,0,10.6
ATT004431,EMP0370,2025-03-01 00:00:00,22,17,3,2,12
ATT004432,EMP0370,2025-04-01 00:00:00,21,21,0,0,1.2
ATT004433,EMP0370,2025-05-01 00:00:00,22,21,0,1,0
ATT004434,EMP0370,2025-06-01 00:00:00,22,21,1,0,9.3
ATT004435,EMP0370,2025-07-01 00:00:00,22,17,0,5,8.6
ATT004436,EMP0370,2025-08-01 00:00:00,22,20,1,1,13.9
ATT004437,EMP0370,2025-09-01 00:00:00,22,19,1,2,13.9
ATT004438,EMP0370,2025-10-01 00:00:00,20,16,0,4,3.3
ATT004439,EMP0370,2025-11-01 00:00:00,22,21,0,1,12
ATT004440,EMP0370,2025-12-01 00:00:00,22,18,2,2,7.7
ATT004441,EMP0371,2025-01-01 00:00:00,23,22,0,1,6
ATT004442,EMP0371,2025-02-01 00:00:00,22,20,1,1,9.2
ATT004443,EMP0371,2025-03-01 00:00:00,21,21,0,0,5.1
ATT004444,EMP0371,2025-04-01 00:00:00,22,22,0,0,17.6
ATT004445,EMP0371,2025-05-01 00:00:00,22,21,0,1,1.6
ATT004446,EMP0371,2025-06-01 00:00:00,22,21,0,1,1.6
ATT004447,EMP0371,2025-07-01 00:00:00,23,21,0,2,6.4
ATT004448,EMP0371,2025-08-01 00:00:00,21,17,0,4,6.2
ATT004449,EMP0371,2025-09-01 00:00:00,23,23,0,0,16
ATT004450,EMP0371,2025-10-01 00:00:00,23,18,3,2,19.9
ATT004451,EMP0371,2025-11-01 00:00:00,22,19,0,3,7
ATT004452,EMP0371,2025-12-01 00:00:00,20,14,1,5,12.7
ATT004453,EMP0372,2025-01-01 00:00:00,21,19,1,1,3.4
ATT004454,EMP0372,2025-02-01 00:00:00,22,16,3,3,19.5
ATT004455,EMP0372,2025-03-01 00:00:00,20,12,3,5,11.7
ATT004456,EMP0372,2025-04-01 00:00:00,23,22,0,1,6
ATT004457,EMP0372,2025-05-01 00:00:00,23,22,1,0,6.6
ATT004458,EMP0372,2025-06-01 00:00:00,21,20,1,0,13.7
ATT004459,EMP0372,2025-07-01 00:00:00,21,21,0,0,5.1
ATT004460,EMP0372,2025-08-01 00:00:00,22,20,2,0,2.5
ATT004461,EMP0372,2025-09-01 00:00:00,20,18,1,1,14
ATT004462,EMP0372,2025-10-01 00:00:00,22,19,1,2,17.1
ATT004463,EMP0372,2025-11-01 00:00:00,21,18,1,2,0
ATT004464,EMP0372,2025-12-01 00:00:00,21,18,0,3,7.2
ATT004465,EMP0373,2025-01-01 00:00:00,20,19,0,1,6.4
ATT004466,EMP0373,2025-02-01 00:00:00,23,18,0,5,0
ATT004467,EMP0373,2025-03-01 00:00:00,22,22,0,0,9.2
ATT004468,EMP0373,2025-04-01 00:00:00,22,19,1,2,6.2
ATT004469,EMP0373,2025-05-01 00:00:00,23,22,0,1,3.6
ATT004470,EMP0373,2025-06-01 00:00:00,23,21,0,2,12.1
ATT004471,EMP0373,2025-07-01 00:00:00,22,19,0,3,13
ATT004472,EMP0373,2025-08-01 00:00:00,23,23,0,0,11.2
ATT004473,EMP0373,2025-09-01 00:00:00,22,19,1,2,4.9
ATT004474,EMP0373,2025-10-01 00:00:00,22,21,0,1,7.4
ATT004475,EMP0373,2025-11-01 00:00:00,22,19,2,1,11.8
ATT004476,EMP0373,2025-12-01 00:00:00,21,17,2,2,7.5
ATT004477,EMP0374,2025-01-01 00:00:00,22,21,0,1,9.1
ATT004478,EMP0374,2025-02-01 00:00:00,23,22,0,1,6.4
ATT004479,EMP0374,2025-03-01 00:00:00,20,17,1,2,7.7
ATT004480,EMP0374,2025-04-01 00:00:00,21,19,1,1,4.6
ATT004481,EMP0374,2025-05-01 00:00:00,22,19,2,1,5.1
ATT004482,EMP0374,2025-06-01 00:00:00,22,21,0,1,13.3
ATT004483,EMP0374,2025-07-01 00:00:00,22,21,1,0,3.2
ATT004484,EMP0374,2025-08-01 00:00:00,22,21,1,0,9.5
ATT004485,EMP0374,2025-09-01 00:00:00,21,20,1,0,16.8
ATT004486,EMP0374,2025-10-01 00:00:00,20,16,0,4,8.4
ATT004487,EMP0374,2025-11-01 00:00:00,22,19,2,1,17.1
ATT004488,EMP0374,2025-12-01 00:00:00,22,21,1,0,11.3
ATT004489,EMP0375,2025-01-01 00:00:00,22,20,2,0,1.5
ATT004490,EMP0375,2025-02-01 00:00:00,22,20,1,1,7.2
ATT004491,EMP0375,2025-03-01 00:00:00,22,20,1,1,0
ATT004492,EMP0375,2025-04-01 00:00:00,22,21,0,1,4.9
ATT004493,EMP0375,2025-05-01 00:00:00,20,18,2,0,5.5
ATT004494,EMP0375,2025-06-01 00:00:00,22,19,1,2,13.6
ATT004495,EMP0375,2025-07-01 00:00:00,21,18,1,2,0
ATT004496,EMP0375,2025-08-01 00:00:00,21,21,0,0,11
ATT004497,EMP0375,2025-09-01 00:00:00,23,21,1,1,10
ATT004498,EMP0375,2025-10-01 00:00:00,21,20,0,1,13.7
ATT004499,EMP0375,2025-11-01 00:00:00,22,19,0,3,0.1
ATT004500,EMP0375,2025-12-01 00:00:00,21,21,0,0,14.2
ATT004501,EMP0376,2025-01-01 00:00:00,22,20,2,0,8.4
ATT004502,EMP0376,2025-02-01 00:00:00,22,21,0,1,2.2
ATT004503,EMP0376,2025-03-01 00:00:00,23,20,1,2,17.3
ATT004504,EMP0376,2025-04-01 00:00:00,23,18,2,3,3.1
ATT004505,EMP0376,2025-05-01 00:00:00,23,23,0,0,0
ATT004506,EMP0376,2025-06-01 00:00:00,22,20,0,2,19.4
ATT004507,EMP0376,2025-07-01 00:00:00,20,20,0,0,0
ATT004508,EMP0376,2025-08-01 00:00:00,21,17,1,3,6.4
ATT004509,EMP0376,2025-09-01 00:00:00,20,19,0,1,14.6
ATT004510,EMP0376,2025-10-01 00:00:00,22,20,0,2,16.7
ATT004511,EMP0376,2025-11-01 00:00:00,22,21,1,0,11.9
ATT004512,EMP0376,2025-12-01 00:00:00,21,18,0,3,15.5
ATT004513,EMP0377,2025-01-01 00:00:00,22,19,3,0,0
ATT004514,EMP0377,2025-02-01 00:00:00,23,22,1,0,5.7
ATT004515,EMP0377,2025-03-01 00:00:00,21,20,0,1,3.4
ATT004516,EMP0377,2025-04-01 00:00:00,20,20,0,0,9.9
ATT004517,EMP0377,2025-05-01 00:00:00,20,19,1,0,17.8
ATT004518,EMP0377,2025-06-01 00:00:00,22,17,3,2,8.5
ATT004519,EMP0377,2025-07-01 00:00:00,21,19,1,1,0
ATT004520,EMP0377,2025-08-01 00:00:00,22,19,1,2,14.8
ATT004521,EMP0377,2025-09-01 00:00:00,22,22,0,0,6.6
ATT004522,EMP0377,2025-10-01 00:00:00,20,14,1,5,3.7
ATT004523,EMP0377,2025-11-01 00:00:00,20,18,0,2,4.6
ATT004524,EMP0377,2025-12-01 00:00:00,21,17,0,4,4.9
ATT004525,EMP0378,2025-01-01 00:00:00,21,18,1,2,24.4
ATT004526,EMP0378,2025-02-01 00:00:00,21,20,0,1,14.3
ATT004527,EMP0378,2025-03-01 00:00:00,22,15,3,4,3.6
ATT004528,EMP0378,2025-04-01 00:00:00,22,18,3,1,4.5
ATT004529,EMP0378,2025-05-01 00:00:00,21,17,1,3,1.7
ATT004530,EMP0378,2025-06-01 00:00:00,21,17,1,3,13.8
ATT004531,EMP0378,2025-07-01 00:00:00,22,19,2,1,12.2
ATT004532,EMP0378,2025-08-01 00:00:00,21,19,0,2,5.9
ATT004533,EMP0378,2025-09-01 00:00:00,22,22,0,0,16.3
ATT004534,EMP0378,2025-10-01 00:00:00,21,18,1,2,0
ATT004535,EMP0378,2025-11-01 00:00:00,22,20,2,0,0.2
ATT004536,EMP0378,2025-12-01 00:00:00,22,20,0,2,11.2
ATT004537,EMP0379,2025-01-01 00:00:00,22,18,2,2,2.8
ATT004538,EMP0379,2025-02-01 00:00:00,21,20,1,0,14.4
ATT004539,EMP0379,2025-03-01 00:00:00,21,20,0,1,16.4
ATT004540,EMP0379,2025-04-01 00:00:00,20,16,1,3,8.6
ATT004541,EMP0379,2025-05-01 00:00:00,22,20,2,0,0.1
ATT004542,EMP0379,2025-06-01 00:00:00,22,18,2,2,0.5
ATT004543,EMP0379,2025-07-01 00:00:00,23,21,1,1,16.4
ATT004544,EMP0379,2025-08-01 00:00:00,22,21,1,0,13.7
ATT004545,EMP0379,2025-09-01 00:00:00,21,21,0,0,3.2
ATT004546,EMP0379,2025-10-01 00:00:00,21,18,1,2,0
ATT004547,EMP0379,2025-11-01 00:00:00,21,19,1,1,6.4
ATT004548,EMP0379,2025-12-01 00:00:00,22,18,0,4,14.6
ATT004549,EMP0380,2025-01-01 00:00:00,22,21,0,1,0
ATT004550,EMP0380,2025-02-01 00:00:00,21,14,2,5,9.8
ATT004551,EMP0380,2025-03-01 00:00:00,23,17,2,4,18.2
ATT004552,EMP0380,2025-04-01 00:00:00,22,17,2,3,0.7
ATT004553,EMP0380,2025-05-01 00:00:00,21,20,0,1,7.3
ATT004554,EMP0380,2025-06-01 00:00:00,20,19,1,0,15.9
ATT004555,EMP0380,2025-07-01 00:00:00,21,18,1,2,13.5
ATT004556,EMP0380,2025-08-01 00:00:00,22,18,1,3,7.1
ATT004557,EMP0380,2025-09-01 00:00:00,22,19,2,1,11.7
ATT004558,EMP0380,2025-10-01 00:00:00,20,15,2,3,4.2
ATT004559,EMP0380,2025-11-01 00:00:00,23,23,0,0,11.5
ATT004560,EMP0380,2025-12-01 00:00:00,21,19,2,0,3.2
ATT004561,EMP0381,2025-01-01 00:00:00,21,19,0,2,3.1
ATT004562,EMP0381,2025-02-01 00:00:00,20,15,2,3,2.9
ATT004563,EMP0381,2025-03-01 00:00:00,22,18,0,4,0.6
ATT004564,EMP0381,2025-04-01 00:00:00,21,20,0,1,8.3
ATT004565,EMP0381,2025-05-01 00:00:00,22,21,0,1,5.8
ATT004566,EMP0381,2025-06-01 00:00:00,20,17,0,3,9.8
ATT004567,EMP0381,2025-07-01 00:00:00,21,21,0,0,13.8
ATT004568,EMP0381,2025-08-01 00:00:00,23,23,0,0,20.4
ATT004569,EMP0381,2025-09-01 00:00:00,21,19,0,2,14
ATT004570,EMP0381,2025-10-01 00:00:00,22,19,2,1,10.3
ATT004571,EMP0381,2025-11-01 00:00:00,20,16,2,2,2
ATT004572,EMP0381,2025-12-01 00:00:00,23,21,2,0,2.4
ATT004573,EMP0382,2025-01-01 00:00:00,22,21,1,0,1.4
ATT004574,EMP0382,2025-02-01 00:00:00,20,18,2,0,15.2
ATT004575,EMP0382,2025-03-01 00:00:00,22,21,1,0,8.3
ATT004576,EMP0382,2025-04-01 00:00:00,22,20,1,1,9.2
ATT004577,EMP0382,2025-05-01 00:00:00,22,19,2,1,0
ATT004578,EMP0382,2025-06-01 00:00:00,21,18,1,2,8.5
ATT004579,EMP0382,2025-07-01 00:00:00,22,15,2,5,12.4
ATT004580,EMP0382,2025-08-01 00:00:00,21,17,2,2,12.9
ATT004581,EMP0382,2025-09-01 00:00:00,23,20,1,2,11.7
ATT004582,EMP0382,2025-10-01 00:00:00,23,21,1,1,11.3
ATT004583,EMP0382,2025-11-01 00:00:00,22,21,1,0,12.2
ATT004584,EMP0382,2025-12-01 00:00:00,23,22,0,1,0
ATT004585,EMP0383,2025-01-01 00:00:00,20,16,0,4,3.3
ATT004586,EMP0383,2025-02-01 00:00:00,20,15,2,3,7.9
ATT004587,EMP0383,2025-03-01 00:00:00,21,17,0,4,14.7
ATT004588,EMP0383,2025-04-01 00:00:00,22,20,0,2,17.8
ATT004589,EMP0383,2025-05-01 00:00:00,22,20,1,1,0
ATT004590,EMP0383,2025-06-01 00:00:00,21,19,0,2,9
ATT004591,EMP0383,2025-07-01 00:00:00,21,21,0,0,11.8
ATT004592,EMP0383,2025-08-01 00:00:00,22,21,0,1,5.6
ATT004593,EMP0383,2025-09-01 00:00:00,22,18,1,3,10.2
ATT004594,EMP0383,2025-10-01 00:00:00,22,17,3,2,13.4
ATT004595,EMP0383,2025-11-01 00:00:00,22,20,1,1,14.1
ATT004596,EMP0383,2025-12-01 00:00:00,23,20,1,2,18.8
ATT004597,EMP0384,2025-01-01 00:00:00,22,20,1,1,10.4
ATT004598,EMP0384,2025-02-01 00:00:00,21,17,0,4,17.3
ATT004599,EMP0384,2025-03-01 00:00:00,21,20,0,1,4.8
ATT004600,EMP0384,2025-04-01 00:00:00,20,17,0,3,11.6
ATT004601,EMP0384,2025-05-01 00:00:00,22,19,2,1,8.4
ATT004602,EMP0384,2025-06-01 00:00:00,23,23,0,0,17.4
ATT004603,EMP0384,2025-07-01 00:00:00,22,22,0,0,15.6
ATT004604,EMP0384,2025-08-01 00:00:00,20,17,1,2,7.5
ATT004605,EMP0384,2025-09-01 00:00:00,22,19,0,3,15.1
ATT004606,EMP0384,2025-10-01 00:00:00,21,18,1,2,12.9
ATT004607,EMP0384,2025-11-01 00:00:00,20,19,0,1,13.6
ATT004608,EMP0384,2025-12-01 00:00:00,23,20,2,1,8.7
ATT004609,EMP0385,2025-01-01 00:00:00,21,17,3,1,7.2
ATT004610,EMP0385,2025-02-01 00:00:00,21,19,0,2,21.5
ATT004611,EMP0385,2025-03-01 00:00:00,22,20,0,2,6.9
ATT004612,EMP0385,2025-04-01 00:00:00,21,19,1,1,6.5
ATT004613,EMP0385,2025-05-01 00:00:00,20,19,0,1,3.4
ATT004614,EMP0385,2025-06-01 00:00:00,23,16,2,5,16.1
ATT004615,EMP0385,2025-07-01 00:00:00,22,21,1,0,12.2
ATT004616,EMP0385,2025-08-01 00:00:00,20,19,1,0,13.5
ATT004617,EMP0385,2025-09-01 00:00:00,21,18,1,2,13.1
ATT004618,EMP0385,2025-10-01 00:00:00,22,21,0,1,0.9
ATT004619,EMP0385,2025-11-01 00:00:00,20,17,1,2,6.1
ATT004620,EMP0385,2025-12-01 00:00:00,23,23,0,0,6.9
ATT004621,EMP0386,2025-01-01 00:00:00,22,19,1,2,7.2
ATT004622,EMP0386,2025-02-01 00:00:00,22,16,2,4,5.7
ATT004623,EMP0386,2025-03-01 00:00:00,21,20,0,1,2.1
ATT004624,EMP0386,2025-04-01 00:00:00,23,23,0,0,5.8
ATT004625,EMP0386,2025-05-01 00:00:00,23,21,2,0,14.6
ATT004626,EMP0386,2025-06-01 00:00:00,21,17,2,2,2.6
ATT004627,EMP0386,2025-07-01 00:00:00,23,23,0,0,2.1
ATT004628,EMP0386,2025-08-01 00:00:00,22,18,1,3,10.4
ATT004629,EMP0386,2025-09-01 00:00:00,22,21,0,1,6.1
ATT004630,EMP0386,2025-10-01 00:00:00,21,20,0,1,6.3
ATT004631,EMP0386,2025-11-01 00:00:00,23,19,2,2,5.2
ATT004632,EMP0386,2025-12-01 00:00:00,21,19,1,1,7.5
ATT004633,EMP0387,2025-01-01 00:00:00,21,18,1,2,11.3
ATT004634,EMP0387,2025-02-01 00:00:00,21,19,2,0,9.5
ATT004635,EMP0387,2025-03-01 00:00:00,22,21,1,0,12.1
ATT004636,EMP0387,2025-04-01 00:00:00,21,17,1,3,10
ATT004637,EMP0387,2025-05-01 00:00:00,23,21,1,1,8.6
ATT004638,EMP0387,2025-06-01 00:00:00,22,21,0,1,3.4
ATT004639,EMP0387,2025-07-01 00:00:00,22,19,0,3,11.6
ATT004640,EMP0387,2025-08-01 00:00:00,22,18,2,2,11.5
ATT004641,EMP0387,2025-09-01 00:00:00,22,22,0,0,13.9
ATT004642,EMP0387,2025-10-01 00:00:00,21,14,2,5,0
ATT004643,EMP0387,2025-11-01 00:00:00,22,20,1,1,8.2
ATT004644,EMP0387,2025-12-01 00:00:00,20,14,1,5,16.1
ATT004645,EMP0388,2025-01-01 00:00:00,22,21,0,1,5.4
ATT004646,EMP0388,2025-02-01 00:00:00,22,20,0,2,4.3
ATT004647,EMP0388,2025-03-01 00:00:00,23,22,1,0,15.5
ATT004648,EMP0388,2025-04-01 00:00:00,22,21,1,0,8.3
ATT004649,EMP0388,2025-05-01 00:00:00,21,20,0,1,0
ATT004650,EMP0388,2025-06-01 00:00:00,22,21,1,0,11
ATT004651,EMP0388,2025-07-01 00:00:00,22,21,1,0,8.4
ATT004652,EMP0388,2025-08-01 00:00:00,22,19,2,1,0
ATT004653,EMP0388,2025-09-01 00:00:00,22,22,0,0,7.9
ATT004654,EMP0388,2025-10-01 00:00:00,20,17,2,1,0
ATT004655,EMP0388,2025-11-01 00:00:00,22,21,0,1,1.9
ATT004656,EMP0388,2025-12-01 00:00:00,21,18,0,3,3.6
ATT004657,EMP0389,2025-01-01 00:00:00,21,17,2,2,10.3
ATT004658,EMP0389,2025-02-01 00:00:00,22,22,0,0,4.4
ATT004659,EMP0389,2025-03-01 00:00:00,21,18,1,2,15.2
ATT004660,EMP0389,2025-04-01 00:00:00,20,19,0,1,12.4
ATT004661,EMP0389,2025-05-01 00:00:00,20,20,0,0,7.8
ATT004662,EMP0389,2025-06-01 00:00:00,22,22,0,0,4.3
ATT004663,EMP0389,2025-07-01 00:00:00,20,19,1,0,17.1
ATT004664,EMP0389,2025-08-01 00:00:00,22,19,2,1,5.4
ATT004665,EMP0389,2025-09-01 00:00:00,22,19,0,3,11.9
ATT004666,EMP0389,2025-10-01 00:00:00,22,21,0,1,15.7
ATT004667,EMP0389,2025-11-01 00:00:00,23,23,0,0,3.5
ATT004668,EMP0389,2025-12-01 00:00:00,21,18,1,2,4.7
ATT004669,EMP0390,2025-01-01 00:00:00,20,18,1,1,9.4
ATT004670,EMP0390,2025-02-01 00:00:00,20,19,0,1,1.7
ATT004671,EMP0390,2025-03-01 00:00:00,23,18,0,5,2.4
ATT004672,EMP0390,2025-04-01 00:00:00,22,20,1,1,13.6
ATT004673,EMP0390,2025-05-01 00:00:00,21,17,1,3,7.6
ATT004674,EMP0390,2025-06-01 00:00:00,21,20,0,1,11.4
ATT004675,EMP0390,2025-07-01 00:00:00,21,21,0,0,12.9
ATT004676,EMP0390,2025-08-01 00:00:00,20,20,0,0,8.4
ATT004677,EMP0390,2025-09-01 00:00:00,22,22,0,0,5.8
ATT004678,EMP0390,2025-10-01 00:00:00,21,16,1,4,3.9
ATT004679,EMP0390,2025-11-01 00:00:00,21,18,1,2,14.9
ATT004680,EMP0390,2025-12-01 00:00:00,21,18,0,3,14
ATT004681,EMP0391,2025-01-01 00:00:00,22,21,0,1,0
ATT004682,EMP0391,2025-02-01 00:00:00,22,18,0,4,13
ATT004683,EMP0391,2025-03-01 00:00:00,22,22,0,0,0.5
ATT004684,EMP0391,2025-04-01 00:00:00,21,18,2,1,7.5
ATT004685,EMP0391,2025-05-01 00:00:00,21,20,0,1,23.5
ATT004686,EMP0391,2025-06-01 00:00:00,23,19,1,3,15.4
ATT004687,EMP0391,2025-07-01 00:00:00,22,22,0,0,9.6
ATT004688,EMP0391,2025-08-01 00:00:00,21,21,0,0,6.8
ATT004689,EMP0391,2025-09-01 00:00:00,23,22,1,0,0.4
ATT004690,EMP0391,2025-10-01 00:00:00,23,20,0,3,11
ATT004691,EMP0391,2025-11-01 00:00:00,23,21,1,1,1.7
ATT004692,EMP0391,2025-12-01 00:00:00,21,17,2,2,6.6
ATT004693,EMP0392,2025-01-01 00:00:00,22,17,1,4,3
ATT004694,EMP0392,2025-02-01 00:00:00,22,20,1,1,11
ATT004695,EMP0392,2025-03-01 00:00:00,21,14,2,5,10.2
ATT004696,EMP0392,2025-04-01 00:00:00,22,19,2,1,9.3
ATT004697,EMP0392,2025-05-01 00:00:00,21,19,2,0,16.3
ATT004698,EMP0392,2025-06-01 00:00:00,21,20,1,0,7.7
ATT004699,EMP0392,2025-07-01 00:00:00,22,22,0,0,0.1
ATT004700,EMP0392,2025-08-01 00:00:00,22,20,0,2,0
ATT004701,EMP0392,2025-09-01 00:00:00,23,21,0,2,4.7
ATT004702,EMP0392,2025-10-01 00:00:00,23,21,0,2,4.1
ATT004703,EMP0392,2025-11-01 00:00:00,23,21,0,2,8.6
ATT004704,EMP0392,2025-12-01 00:00:00,22,18,2,2,14.8
ATT004705,EMP0393,2025-01-01 00:00:00,22,20,2,0,9
ATT004706,EMP0393,2025-02-01 00:00:00,22,20,0,2,3.9
ATT004707,EMP0393,2025-03-01 00:00:00,23,23,0,0,7.5
ATT004708,EMP0393,2025-04-01 00:00:00,22,21,0,1,17.3
ATT004709,EMP0393,2025-05-01 00:00:00,21,19,1,1,5.3
ATT004710,EMP0393,2025-06-01 00:00:00,22,21,1,0,0.3
ATT004711,EMP0393,2025-07-01 00:00:00,22,22,0,0,0.6
ATT004712,EMP0393,2025-08-01 00:00:00,22,21,1,0,12.2
ATT004713,EMP0393,2025-09-01 00:00:00,22,21,0,1,8.5
ATT004714,EMP0393,2025-10-01 00:00:00,22,20,1,1,8.8
ATT004715,EMP0393,2025-11-01 00:00:00,21,19,0,2,8.8
ATT004716,EMP0393,2025-12-01 00:00:00,21,19,1,1,17.1
ATT004717,EMP0394,2025-01-01 00:00:00,22,19,3,0,18.8
ATT004718,EMP0394,2025-02-01 00:00:00,21,20,0,1,6.8
ATT004719,EMP0394,2025-03-01 00:00:00,23,21,0,2,3.1
ATT004720,EMP0394,2025-04-01 00:00:00,20,19,0,1,5.8
ATT004721,EMP0394,2025-05-01 00:00:00,21,20,0,1,0.7
ATT004722,EMP0394,2025-06-01 00:00:00,21,21,0,0,15.3
ATT004723,EMP0394,2025-07-01 00:00:00,21,18,0,3,2
ATT004724,EMP0394,2025-08-01 00:00:00,20,18,1,1,3.7
ATT004725,EMP0394,2025-09-01 00:00:00,22,16,3,3,14
ATT004726,EMP0394,2025-10-01 00:00:00,22,20,0,2,16.6
ATT004727,EMP0394,2025-11-01 00:00:00,22,20,1,1,9.5
ATT004728,EMP0394,2025-12-01 00:00:00,21,19,0,2,7.7
ATT004729,EMP0395,2025-01-01 00:00:00,21,21,0,0,9.2
ATT004730,EMP0395,2025-02-01 00:00:00,21,16,1,4,13.6
ATT004731,EMP0395,2025-03-01 00:00:00,22,20,2,0,0.1
ATT004732,EMP0395,2025-04-01 00:00:00,22,19,2,1,13.4
ATT004733,EMP0395,2025-05-01 00:00:00,22,22,0,0,5.8
ATT004734,EMP0395,2025-06-01 00:00:00,21,17,1,3,8.4
ATT004735,EMP0395,2025-07-01 00:00:00,22,19,2,1,1.1
ATT004736,EMP0395,2025-08-01 00:00:00,22,19,1,2,10.2
ATT004737,EMP0395,2025-09-01 00:00:00,22,16,2,4,5.1
ATT004738,EMP0395,2025-10-01 00:00:00,20,18,0,2,7.5
ATT004739,EMP0395,2025-11-01 00:00:00,21,17,0,4,9.2
ATT004740,EMP0395,2025-12-01 00:00:00,22,22,0,0,16
ATT004741,EMP0396,2025-01-01 00:00:00,23,19,0,4,3.2
ATT004742,EMP0396,2025-02-01 00:00:00,22,18,2,2,25.2
ATT004743,EMP0396,2025-03-01 00:00:00,21,14,3,4,5.8
ATT004744,EMP0396,2025-04-01 00:00:00,20,13,2,5,13.1
ATT004745,EMP0396,2025-05-01 00:00:00,23,23,0,0,13.2
ATT004746,EMP0396,2025-06-01 00:00:00,22,17,0,5,0
ATT004747,EMP0396,2025-07-01 00:00:00,22,18,2,2,11.4
ATT004748,EMP0396,2025-08-01 00:00:00,22,22,0,0,5.4
ATT004749,EMP0396,2025-09-01 00:00:00,21,20,0,1,3.8
ATT004750,EMP0396,2025-10-01 00:00:00,22,16,2,4,11
ATT004751,EMP0396,2025-11-01 00:00:00,21,19,1,1,6.4
ATT004752,EMP0396,2025-12-01 00:00:00,20,15,0,5,14.7
ATT004753,EMP0397,2025-01-01 00:00:00,22,19,0,3,4.4
ATT004754,EMP0397,2025-02-01 00:00:00,23,23,0,0,20.7
ATT004755,EMP0397,2025-03-01 00:00:00,21,20,0,1,8.3
ATT004756,EMP0397,2025-04-01 00:00:00,23,19,3,1,15.5
ATT004757,EMP0397,2025-05-01 00:00:00,21,19,1,1,3
ATT004758,EMP0397,2025-06-01 00:00:00,21,20,0,1,7.5
ATT004759,EMP0397,2025-07-01 00:00:00,22,21,1,0,12.1
ATT004760,EMP0397,2025-08-01 00:00:00,21,18,0,3,10.9
ATT004761,EMP0397,2025-09-01 00:00:00,22,19,3,0,17.2
ATT004762,EMP0397,2025-10-01 00:00:00,21,19,1,1,7.4
ATT004763,EMP0397,2025-11-01 00:00:00,20,19,1,0,9.8
ATT004764,EMP0397,2025-12-01 00:00:00,21,20,0,1,13.3
ATT004765,EMP0398,2025-01-01 00:00:00,22,20,0,2,10.2
ATT004766,EMP0398,2025-02-01 00:00:00,22,16,2,4,12.1
ATT004767,EMP0398,2025-03-01 00:00:00,20,18,2,0,0
ATT004768,EMP0398,2025-04-01 00:00:00,23,19,3,1,3.5
ATT004769,EMP0398,2025-05-01 00:00:00,22,21,0,1,0
ATT004770,EMP0398,2025-06-01 00:00:00,22,17,3,2,18.7
ATT004771,EMP0398,2025-07-01 00:00:00,22,21,0,1,8.7
ATT004772,EMP0398,2025-08-01 00:00:00,22,18,1,3,8.7
ATT004773,EMP0398,2025-09-01 00:00:00,20,19,1,0,15.7
ATT004774,EMP0398,2025-10-01 00:00:00,22,18,1,3,9.4
ATT004775,EMP0398,2025-11-01 00:00:00,21,19,0,2,7.4
ATT004776,EMP0398,2025-12-01 00:00:00,22,19,1,2,2.3
ATT004777,EMP0399,2025-01-01 00:00:00,21,20,1,0,12.8
ATT004778,EMP0399,2025-02-01 00:00:00,22,19,3,0,9.8
ATT004779,EMP0399,2025-03-01 00:00:00,21,19,0,2,0
ATT004780,EMP0399,2025-04-01 00:00:00,23,21,0,2,19.2
ATT004781,EMP0399,2025-05-01 00:00:00,21,19,1,1,14.2
ATT004782,EMP0399,2025-06-01 00:00:00,22,19,0,3,20.3
ATT004783,EMP0399,2025-07-01 00:00:00,22,21,0,1,9.9
ATT004784,EMP0399,2025-08-01 00:00:00,20,18,0,2,5
ATT004785,EMP0399,2025-09-01 00:00:00,22,20,1,1,15.5
ATT004786,EMP0399,2025-10-01 00:00:00,22,21,0,1,6.3
ATT004787,EMP0399,2025-11-01 00:00:00,22,20,2,0,6.1
ATT004788,EMP0399,2025-12-01 00:00:00,22,19,3,0,14.6
ATT004789,EMP0400,2025-01-01 00:00:00,21,17,2,2,7.3
ATT004790,EMP0400,2025-02-01 00:00:00,22,21,1,0,9.3
ATT004791,EMP0400,2025-03-01 00:00:00,20,18,1,1,13.8
ATT004792,EMP0400,2025-04-01 00:00:00,20,18,0,2,0
ATT004793,EMP0400,2025-05-01 00:00:00,23,23,0,0,17.5
ATT004794,EMP0400,2025-06-01 00:00:00,21,20,1,0,4.6
ATT004795,EMP0400,2025-07-01 00:00:00,22,17,1,4,6
ATT004796,EMP0400,2025-08-01 00:00:00,20,19,0,1,7.4
ATT004797,EMP0400,2025-09-01 00:00:00,23,23,0,0,10
ATT004798,EMP0400,2025-10-01 00:00:00,23,20,0,3,0
ATT004799,EMP0400,2025-11-01 00:00:00,21,19,2,0,11.8
ATT004800,EMP0400,2025-12-01 00:00:00,22,21,1,0,2.2
ATT004801,EMP0401,2025-01-01 00:00:00,22,22,0,0,6.8
ATT004802,EMP0401,2025-02-01 00:00:00,23,22,1,0,13.5
ATT004803,EMP0401,2025-03-01 00:00:00,21,20,1,0,18.5
ATT004804,EMP0401,2025-04-01 00:00:00,22,18,0,4,0
ATT004805,EMP0401,2025-05-01 00:00:00,21,17,1,3,3.8
ATT004806,EMP0401,2025-06-01 00:00:00,22,21,1,0,9.5
ATT004807,EMP0401,2025-07-01 00:00:00,22,19,1,2,0.5
ATT004808,EMP0401,2025-08-01 00:00:00,21,20,0,1,11.1
ATT004809,EMP0401,2025-09-01 00:00:00,20,19,1,0,11.8
ATT004810,EMP0401,2025-10-01 00:00:00,21,19,2,0,9.7
ATT004811,EMP0401,2025-11-01 00:00:00,21,17,0,4,13.9
ATT004812,EMP0401,2025-12-01 00:00:00,23,21,1,1,4
ATT004813,EMP0402,2025-01-01 00:00:00,20,18,2,0,4.6
ATT004814,EMP0402,2025-02-01 00:00:00,21,21,0,0,14.2
ATT004815,EMP0402,2025-03-01 00:00:00,20,18,0,2,4.3
ATT004816,EMP0402,2025-04-01 00:00:00,22,17,1,4,5.1
ATT004817,EMP0402,2025-05-01 00:00:00,22,20,0,2,17.3
ATT004818,EMP0402,2025-06-01 00:00:00,22,17,0,5,16.5
ATT004819,EMP0402,2025-07-01 00:00:00,23,21,1,1,0.1
ATT004820,EMP0402,2025-08-01 00:00:00,21,19,1,1,2
ATT004821,EMP0402,2025-09-01 00:00:00,21,18,0,3,7.9
ATT004822,EMP0402,2025-10-01 00:00:00,21,19,1,1,10.2
ATT004823,EMP0402,2025-11-01 00:00:00,21,19,0,2,7.6
ATT004824,EMP0402,2025-12-01 00:00:00,22,19,2,1,14.9
ATT004825,EMP0403,2025-01-01 00:00:00,22,22,0,0,5.3
ATT004826,EMP0403,2025-02-01 00:00:00,21,20,1,0,6.8
ATT004827,EMP0403,2025-03-01 00:00:00,21,18,1,2,6.2
ATT004828,EMP0403,2025-04-01 00:00:00,22,21,1,0,2.7
ATT004829,EMP0403,2025-05-01 00:00:00,21,15,3,3,15.1
ATT004830,EMP0403,2025-06-01 00:00:00,22,19,1,2,12.9
ATT004831,EMP0403,2025-07-01 00:00:00,22,20,0,2,9.8
ATT004832,EMP0403,2025-08-01 00:00:00,21,17,2,2,5.2
ATT004833,EMP0403,2025-09-01 00:00:00,23,22,1,0,13.3
ATT004834,EMP0403,2025-10-01 00:00:00,23,19,1,3,2.7
ATT004835,EMP0403,2025-11-01 00:00:00,22,20,1,1,7.2
ATT004836,EMP0403,2025-12-01 00:00:00,23,21,1,1,8
ATT004837,EMP0404,2025-01-01 00:00:00,22,21,1,0,0
ATT004838,EMP0404,2025-02-01 00:00:00,22,20,1,1,4.5
ATT004839,EMP0404,2025-03-01 00:00:00,22,22,0,0,7.9
ATT004840,EMP0404,2025-04-01 00:00:00,22,20,2,0,12.8
ATT004841,EMP0404,2025-05-01 00:00:00,21,17,1,3,9.9
ATT004842,EMP0404,2025-06-01 00:00:00,22,21,1,0,6.1
ATT004843,EMP0404,2025-07-01 00:00:00,23,20,0,3,2.3
ATT004844,EMP0404,2025-08-01 00:00:00,22,17,1,4,6.9
ATT004845,EMP0404,2025-09-01 00:00:00,22,22,0,0,6.9
ATT004846,EMP0404,2025-10-01 00:00:00,22,17,1,4,8.5
ATT004847,EMP0404,2025-11-01 00:00:00,22,19,1,2,16.9
ATT004848,EMP0404,2025-12-01 00:00:00,21,20,0,1,0
ATT004849,EMP0405,2025-01-01 00:00:00,23,22,0,1,1.9
ATT004850,EMP0405,2025-02-01 00:00:00,22,19,1,2,7.4
ATT004851,EMP0405,2025-03-01 00:00:00,23,20,2,1,7.6
ATT004852,EMP0405,2025-04-01 00:00:00,22,19,1,2,7.9
ATT004853,EMP0405,2025-05-01 00:00:00,22,18,0,4,17.4
ATT004854,EMP0405,2025-06-01 00:00:00,23,22,1,0,11.5
ATT004855,EMP0405,2025-07-01 00:00:00,21,21,0,0,16
ATT004856,EMP0405,2025-08-01 00:00:00,21,17,2,2,12.4
ATT004857,EMP0405,2025-09-01 00:00:00,21,18,2,1,4.9
ATT004858,EMP0405,2025-10-01 00:00:00,22,20,1,1,3.6
ATT004859,EMP0405,2025-11-01 00:00:00,22,22,0,0,4.7
ATT004860,EMP0405,2025-12-01 00:00:00,22,20,2,0,9
ATT004861,EMP0406,2025-01-01 00:00:00,22,17,1,4,17.7
ATT004862,EMP0406,2025-02-01 00:00:00,22,15,3,4,0
ATT004863,EMP0406,2025-03-01 00:00:00,21,19,1,1,10.8
ATT004864,EMP0406,2025-04-01 00:00:00,23,22,1,0,12.4
ATT004865,EMP0406,2025-05-01 00:00:00,21,20,1,0,17.4
ATT004866,EMP0406,2025-06-01 00:00:00,23,21,1,1,17
ATT004867,EMP0406,2025-07-01 00:00:00,22,19,2,1,4.6
ATT004868,EMP0406,2025-08-01 00:00:00,22,20,1,1,3.1
ATT004869,EMP0406,2025-09-01 00:00:00,22,21,0,1,0
ATT004870,EMP0406,2025-10-01 00:00:00,22,21,1,0,10.8
ATT004871,EMP0406,2025-11-01 00:00:00,22,22,0,0,4.9
ATT004872,EMP0406,2025-12-01 00:00:00,22,22,0,0,2.1
ATT004873,EMP0407,2025-01-01 00:00:00,21,19,0,2,5
ATT004874,EMP0407,2025-02-01 00:00:00,22,21,1,0,12.5
ATT004875,EMP0407,2025-03-01 00:00:00,21,18,1,2,17.6
ATT004876,EMP0407,2025-04-01 00:00:00,22,21,1,0,2.6
ATT004877,EMP0407,2025-05-01 00:00:00,20,18,2,0,11.7
ATT004878,EMP0407,2025-06-01 00:00:00,22,21,0,1,10.9
ATT004879,EMP0407,2025-07-01 00:00:00,20,16,3,1,6.5
ATT004880,EMP0407,2025-08-01 00:00:00,22,20,2,0,9.6
ATT004881,EMP0407,2025-09-01 00:00:00,22,19,3,0,19.6
ATT004882,EMP0407,2025-10-01 00:00:00,22,19,1,2,2.8
ATT004883,EMP0407,2025-11-01 00:00:00,22,19,2,1,0.1
ATT004884,EMP0407,2025-12-01 00:00:00,22,17,0,5,14.9
ATT004885,EMP0408,2025-01-01 00:00:00,22,19,0,3,4.6
ATT004886,EMP0408,2025-02-01 00:00:00,21,21,0,0,9.4
ATT004887,EMP0408,2025-03-01 00:00:00,21,18,2,1,11.2
ATT004888,EMP0408,2025-04-01 00:00:00,22,20,0,2,10
ATT004889,EMP0408,2025-05-01 00:00:00,22,20,1,1,11
ATT004890,EMP0408,2025-06-01 00:00:00,21,19,2,0,0
ATT004891,EMP0408,2025-07-01 00:00:00,20,18,1,1,8.8
ATT004892,EMP0408,2025-08-01 00:00:00,21,16,1,4,13.7
ATT004893,EMP0408,2025-09-01 00:00:00,21,19,1,1,0.2
ATT004894,EMP0408,2025-10-01 00:00:00,20,20,0,0,10.9
ATT004895,EMP0408,2025-11-01 00:00:00,20,18,0,2,1.6
ATT004896,EMP0408,2025-12-01 00:00:00,23,23,0,0,11.5
ATT004897,EMP0409,2025-01-01 00:00:00,22,20,1,1,10.2
ATT004898,EMP0409,2025-02-01 00:00:00,21,16,1,4,3.3
ATT004899,EMP0409,2025-03-01 00:00:00,21,19,2,0,10.8
ATT004900,EMP0409,2025-04-01 00:00:00,22,22,0,0,15.3
ATT004901,EMP0409,2025-05-01 00:00:00,22,20,0,2,15.1
ATT004902,EMP0409,2025-06-01 00:00:00,22,21,1,0,19.8
ATT004903,EMP0409,2025-07-01 00:00:00,22,18,1,3,13.9
ATT004904,EMP0409,2025-08-01 00:00:00,23,23,0,0,5
ATT004905,EMP0409,2025-09-01 00:00:00,20,17,0,3,0.5
ATT004906,EMP0409,2025-10-01 00:00:00,22,19,1,2,2.6
ATT004907,EMP0409,2025-11-01 00:00:00,22,17,2,3,7.8
ATT004908,EMP0409,2025-12-01 00:00:00,21,19,0,2,0
ATT004909,EMP0410,2025-01-01 00:00:00,21,18,1,2,8
ATT004910,EMP0410,2025-02-01 00:00:00,22,21,0,1,4.5
ATT004911,EMP0410,2025-03-01 00:00:00,21,15,2,4,14.8
ATT004912,EMP0410,2025-04-01 00:00:00,20,19,0,1,13.7
ATT004913,EMP0410,2025-05-01 00:00:00,22,21,1,0,13.3
ATT004914,EMP0410,2025-06-01 00:00:00,22,20,0,2,4.1
ATT004915,EMP0410,2025-07-01 00:00:00,22,17,0,5,2.7
ATT004916,EMP0410,2025-08-01 00:00:00,21,19,1,1,16.8
ATT004917,EMP0410,2025-09-01 00:00:00,21,19,1,1,15.2
ATT004918,EMP0410,2025-10-01 00:00:00,22,21,0,1,15.2
ATT004919,EMP0410,2025-11-01 00:00:00,22,16,1,5,5.2
ATT004920,EMP0410,2025-12-01 00:00:00,22,21,1,0,6.5
ATT004921,EMP0411,2025-01-01 00:00:00,23,15,3,5,0.5
ATT004922,EMP0411,2025-02-01 00:00:00,23,21,0,2,9.4
ATT004923,EMP0411,2025-03-01 00:00:00,21,20,0,1,12.7
ATT004924,EMP0411,2025-04-01 00:00:00,22,20,0,2,0
ATT004925,EMP0411,2025-05-01 00:00:00,23,21,1,1,14
ATT004926,EMP0411,2025-06-01 00:00:00,23,22,0,1,20.2
ATT004927,EMP0411,2025-07-01 00:00:00,22,20,1,1,6.9
ATT004928,EMP0411,2025-08-01 00:00:00,22,17,2,3,11.2
ATT004929,EMP0411,2025-09-01 00:00:00,22,20,1,1,0
ATT004930,EMP0411,2025-10-01 00:00:00,22,21,0,1,6.4
ATT004931,EMP0411,2025-11-01 00:00:00,21,19,0,2,13.5
ATT004932,EMP0411,2025-12-01 00:00:00,22,19,0,3,12.3
ATT004933,EMP0412,2025-01-01 00:00:00,22,22,0,0,16.4
ATT004934,EMP0412,2025-02-01 00:00:00,21,18,1,2,16.7
ATT004935,EMP0412,2025-03-01 00:00:00,21,21,0,0,7.4
ATT004936,EMP0412,2025-04-01 00:00:00,22,22,0,0,8.1
ATT004937,EMP0412,2025-05-01 00:00:00,22,21,0,1,8.5
ATT004938,EMP0412,2025-06-01 00:00:00,22,20,1,1,6.9
ATT004939,EMP0412,2025-07-01 00:00:00,21,18,1,2,0
ATT004940,EMP0412,2025-08-01 00:00:00,21,20,1,0,5.5
ATT004941,EMP0412,2025-09-01 00:00:00,23,22,0,1,12.6
ATT004942,EMP0412,2025-10-01 00:00:00,22,16,3,3,2
ATT004943,EMP0412,2025-11-01 00:00:00,22,19,1,2,14
ATT004944,EMP0412,2025-12-01 00:00:00,21,19,0,2,4.9
ATT004945,EMP0413,2025-01-01 00:00:00,22,20,2,0,14
ATT004946,EMP0413,2025-02-01 00:00:00,21,19,1,1,0
ATT004947,EMP0413,2025-03-01 00:00:00,22,22,0,0,20.5
ATT004948,EMP0413,2025-04-01 00:00:00,22,19,1,2,9.6
ATT004949,EMP0413,2025-05-01 00:00:00,21,17,0,4,15.6
ATT004950,EMP0413,2025-06-01 00:00:00,22,18,0,4,14.4
ATT004951,EMP0413,2025-07-01 00:00:00,22,22,0,0,16.7
ATT004952,EMP0413,2025-08-01 00:00:00,23,18,1,4,0
ATT004953,EMP0413,2025-09-01 00:00:00,22,21,1,0,7.4
ATT004954,EMP0413,2025-10-01 00:00:00,22,21,0,1,18.5
ATT004955,EMP0413,2025-11-01 00:00:00,22,21,1,0,9.6
ATT004956,EMP0413,2025-12-01 00:00:00,21,16,2,3,18.5
ATT004957,EMP0414,2025-01-01 00:00:00,23,19,2,2,7.6
ATT004958,EMP0414,2025-02-01 00:00:00,21,17,0,4,1.8
ATT004959,EMP0414,2025-03-01 00:00:00,21,19,0,2,14.2
ATT004960,EMP0414,2025-04-01 00:00:00,20,18,0,2,3.8
ATT004961,EMP0414,2025-05-01 00:00:00,22,20,2,0,0.7
ATT004962,EMP0414,2025-06-01 00:00:00,21,21,0,0,6.9
ATT004963,EMP0414,2025-07-01 00:00:00,22,20,1,1,15.8
ATT004964,EMP0414,2025-08-01 00:00:00,22,20,1,1,0
ATT004965,EMP0414,2025-09-01 00:00:00,21,18,0,3,7.5
ATT004966,EMP0414,2025-10-01 00:00:00,22,21,1,0,17.3
ATT004967,EMP0414,2025-11-01 00:00:00,20,18,1,1,0
ATT004968,EMP0414,2025-12-01 00:00:00,22,20,2,0,2
ATT004969,EMP0415,2025-01-01 00:00:00,22,19,0,3,2
ATT004970,EMP0415,2025-02-01 00:00:00,21,20,1,0,11.5
ATT004971,EMP0415,2025-03-01 00:00:00,22,20,1,1,0
ATT004972,EMP0415,2025-04-01 00:00:00,23,19,2,2,13.1
ATT004973,EMP0415,2025-05-01 00:00:00,20,17,1,2,8.8
ATT004974,EMP0415,2025-06-01 00:00:00,22,20,0,2,10.5
ATT004975,EMP0415,2025-07-01 00:00:00,23,19,1,3,10.7
ATT004976,EMP0415,2025-08-01 00:00:00,21,18,1,2,11.1
ATT004977,EMP0415,2025-09-01 00:00:00,22,16,2,4,0
ATT004978,EMP0415,2025-10-01 00:00:00,22,20,0,2,0.7
ATT004979,EMP0415,2025-11-01 00:00:00,21,19,0,2,11.1
ATT004980,EMP0415,2025-12-01 00:00:00,23,21,2,0,13.6
ATT004981,EMP0416,2025-01-01 00:00:00,21,16,0,5,2.7
ATT004982,EMP0416,2025-02-01 00:00:00,22,21,1,0,18.4
ATT004983,EMP0416,2025-03-01 00:00:00,23,23,0,0,3.6
ATT004984,EMP0416,2025-04-01 00:00:00,22,21,0,1,0
ATT004985,EMP0416,2025-05-01 00:00:00,21,15,1,5,11.7
ATT004986,EMP0416,2025-06-01 00:00:00,20,18,0,2,9.6
ATT004987,EMP0416,2025-07-01 00:00:00,21,20,0,1,6.1
ATT004988,EMP0416,2025-08-01 00:00:00,21,20,1,0,7.5
ATT004989,EMP0416,2025-09-01 00:00:00,22,22,0,0,11.5
ATT004990,EMP0416,2025-10-01 00:00:00,22,22,0,0,9.5
ATT004991,EMP0416,2025-11-01 00:00:00,20,17,1,2,8.4
ATT004992,EMP0416,2025-12-01 00:00:00,21,18,1,2,8.1
ATT004993,EMP0417,2025-01-01 00:00:00,21,16,2,3,5.4
ATT004994,EMP0417,2025-02-01 00:00:00,21,19,2,0,7.7
ATT004995,EMP0417,2025-03-01 00:00:00,21,17,1,3,0
ATT004996,EMP0417,2025-04-01 00:00:00,21,19,0,2,1.5
ATT004997,EMP0417,2025-05-01 00:00:00,21,21,0,0,14.1
ATT004998,EMP0417,2025-06-01 00:00:00,22,20,1,1,11.4
ATT004999,EMP0417,2025-07-01 00:00:00,21,20,0,1,4.4
ATT005000,EMP0417,2025-08-01 00:00:00,21,15,3,3,2
ATT005001,EMP0417,2025-09-01 00:00:00,22,19,0,3,15.5
ATT005002,EMP0417,2025-10-01 00:00:00,21,20,0,1,11.8
ATT005003,EMP0417,2025-11-01 00:00:00,20,20,0,0,16.8
ATT005004,EMP0417,2025-12-01 00:00:00,23,18,2,3,8.3
ATT005005,EMP0418,2025-01-01 00:00:00,20,15,1,4,10.5
ATT005006,EMP0418,2025-02-01 00:00:00,23,18,1,4,0
ATT005007,EMP0418,2025-03-01 00:00:00,21,20,0,1,3.9
ATT005008,EMP0418,2025-04-01 00:00:00,21,20,0,1,4.1
ATT005009,EMP0418,2025-05-01 00:00:00,22,21,0,1,9.4
ATT005010,EMP0418,2025-06-01 00:00:00,22,19,1,2,2.7
ATT005011,EMP0418,2025-07-01 00:00:00,21,19,0,2,8.7
ATT005012,EMP0418,2025-08-01 00:00:00,23,22,0,1,15.9
ATT005013,EMP0418,2025-09-01 00:00:00,21,20,1,0,8.4
ATT005014,EMP0418,2025-10-01 00:00:00,23,21,1,1,8.5
ATT005015,EMP0418,2025-11-01 00:00:00,21,20,0,1,14.5
ATT005016,EMP0418,2025-12-01 00:00:00,21,19,2,0,12.4
ATT005017,EMP0419,2025-01-01 00:00:00,21,18,1,2,0
ATT005018,EMP0419,2025-02-01 00:00:00,22,20,1,1,4.2
ATT005019,EMP0419,2025-03-01 00:00:00,22,17,0,5,11.5
ATT005020,EMP0419,2025-04-01 00:00:00,22,19,2,1,2.2
ATT005021,EMP0419,2025-05-01 00:00:00,22,21,0,1,3.9
ATT005022,EMP0419,2025-06-01 00:00:00,22,22,0,0,7
ATT005023,EMP0419,2025-07-01 00:00:00,22,19,1,2,4.8
ATT005024,EMP0419,2025-08-01 00:00:00,21,18,1,2,0
ATT005025,EMP0419,2025-09-01 00:00:00,21,19,1,1,12.1
ATT005026,EMP0419,2025-10-01 00:00:00,21,18,1,2,0
ATT005027,EMP0419,2025-11-01 00:00:00,22,21,0,1,9.7
ATT005028,EMP0419,2025-12-01 00:00:00,21,19,2,0,0
ATT005029,EMP0420,2025-01-01 00:00:00,23,20,1,2,3.1
ATT005030,EMP0420,2025-02-01 00:00:00,21,17,1,3,11.1
ATT005031,EMP0420,2025-03-01 00:00:00,21,15,1,5,10.6
ATT005032,EMP0420,2025-04-01 00:00:00,20,19,1,0,2.6
ATT005033,EMP0420,2025-05-01 00:00:00,22,19,1,2,7.1
ATT005034,EMP0420,2025-06-01 00:00:00,21,15,2,4,8.1
ATT005035,EMP0420,2025-07-01 00:00:00,22,17,1,4,6.2
ATT005036,EMP0420,2025-08-01 00:00:00,21,19,1,1,9.5
ATT005037,EMP0420,2025-09-01 00:00:00,22,17,0,5,6.1
ATT005038,EMP0420,2025-10-01 00:00:00,20,18,2,0,0
ATT005039,EMP0420,2025-11-01 00:00:00,21,18,0,3,18.5
ATT005040,EMP0420,2025-12-01 00:00:00,22,18,1,3,8.5
ATT005041,EMP0421,2025-01-01 00:00:00,22,16,2,4,12.5
ATT005042,EMP0421,2025-02-01 00:00:00,22,20,0,2,13.4
ATT005043,EMP0421,2025-03-01 00:00:00,22,21,0,1,4.5
ATT005044,EMP0421,2025-04-01 00:00:00,22,20,0,2,4
ATT005045,EMP0421,2025-05-01 00:00:00,21,21,0,0,1.8
ATT005046,EMP0421,2025-06-01 00:00:00,21,19,0,2,20
ATT005047,EMP0421,2025-07-01 00:00:00,22,18,1,3,3.8
ATT005048,EMP0421,2025-08-01 00:00:00,21,20,0,1,14.4
ATT005049,EMP0421,2025-09-01 00:00:00,22,19,1,2,15.4
ATT005050,EMP0421,2025-10-01 00:00:00,21,20,1,0,17.6
ATT005051,EMP0421,2025-11-01 00:00:00,22,20,1,1,16.6
ATT005052,EMP0421,2025-12-01 00:00:00,23,21,1,1,9.4
ATT005053,EMP0422,2025-01-01 00:00:00,21,19,1,1,4.9
ATT005054,EMP0422,2025-02-01 00:00:00,23,18,2,3,2.5
ATT005055,EMP0422,2025-03-01 00:00:00,22,19,3,0,2.6
ATT005056,EMP0422,2025-04-01 00:00:00,21,19,1,1,10.8
ATT005057,EMP0422,2025-05-01 00:00:00,21,19,2,0,4.7
ATT005058,EMP0422,2025-06-01 00:00:00,23,19,3,1,9
ATT005059,EMP0422,2025-07-01 00:00:00,20,19,1,0,14.1
ATT005060,EMP0422,2025-08-01 00:00:00,22,21,0,1,6.8
ATT005061,EMP0422,2025-09-01 00:00:00,22,22,0,0,9.5
ATT005062,EMP0422,2025-10-01 00:00:00,22,21,0,1,12.5
ATT005063,EMP0422,2025-11-01 00:00:00,21,17,2,2,11.2
ATT005064,EMP0422,2025-12-01 00:00:00,22,17,2,3,7.3
ATT005065,EMP0423,2025-01-01 00:00:00,23,21,0,2,17.3
ATT005066,EMP0423,2025-02-01 00:00:00,22,19,1,2,10.8
ATT005067,EMP0423,2025-03-01 00:00:00,21,20,0,1,3.8
ATT005068,EMP0423,2025-04-01 00:00:00,22,21,1,0,4.3
ATT005069,EMP0423,2025-05-01 00:00:00,20,19,0,1,4.8
ATT005070,EMP0423,2025-06-01 00:00:00,21,19,0,2,0
ATT005071,EMP0423,2025-07-01 00:00:00,22,19,0,3,11.4
ATT005072,EMP0423,2025-08-01 00:00:00,20,18,1,1,8.9
ATT005073,EMP0423,2025-09-01 00:00:00,21,20,1,0,13
ATT005074,EMP0423,2025-10-01 00:00:00,22,19,0,3,1.8
ATT005075,EMP0423,2025-11-01 00:00:00,23,21,2,0,10.4
ATT005076,EMP0423,2025-12-01 00:00:00,22,21,1,0,11.5
ATT005077,EMP0424,2025-01-01 00:00:00,22,19,1,2,0
ATT005078,EMP0424,2025-02-01 00:00:00,23,22,0,1,11.5
ATT005079,EMP0424,2025-03-01 00:00:00,22,21,1,0,4.3
ATT005080,EMP0424,2025-04-01 00:00:00,22,21,0,1,1.5
ATT005081,EMP0424,2025-05-01 00:00:00,22,19,0,3,0
ATT005082,EMP0424,2025-06-01 00:00:00,22,19,0,3,12.4
ATT005083,EMP0424,2025-07-01 00:00:00,21,19,1,1,18.7
ATT005084,EMP0424,2025-08-01 00:00:00,23,20,0,3,5.1
ATT005085,EMP0424,2025-09-01 00:00:00,23,22,1,0,15.8
ATT005086,EMP0424,2025-10-01 00:00:00,23,21,0,2,10.3
ATT005087,EMP0424,2025-11-01 00:00:00,23,20,1,2,7.8
ATT005088,EMP0424,2025-12-01 00:00:00,22,19,2,1,16
ATT005089,EMP0425,2025-01-01 00:00:00,22,20,0,2,1.2
ATT005090,EMP0425,2025-02-01 00:00:00,22,20,0,2,9.8
ATT005091,EMP0425,2025-03-01 00:00:00,22,20,0,2,7
ATT005092,EMP0425,2025-04-01 00:00:00,21,17,0,4,12.3
ATT005093,EMP0425,2025-05-01 00:00:00,22,20,1,1,11.1
ATT005094,EMP0425,2025-06-01 00:00:00,22,22,0,0,6.4
ATT005095,EMP0425,2025-07-01 00:00:00,22,21,0,1,7.9
ATT005096,EMP0425,2025-08-01 00:00:00,21,19,0,2,12.7
ATT005097,EMP0425,2025-09-01 00:00:00,21,18,3,0,1.5
ATT005098,EMP0425,2025-10-01 00:00:00,22,18,0,4,3.8
ATT005099,EMP0425,2025-11-01 00:00:00,22,21,0,1,11.8
ATT005100,EMP0425,2025-12-01 00:00:00,22,22,0,0,2.3
ATT005101,EMP0426,2025-01-01 00:00:00,23,22,1,0,0
ATT005102,EMP0426,2025-02-01 00:00:00,22,22,0,0,12.5
ATT005103,EMP0426,2025-03-01 00:00:00,22,22,0,0,0.3
ATT005104,EMP0426,2025-04-01 00:00:00,22,19,1,2,0
ATT005105,EMP0426,2025-05-01 00:00:00,22,20,0,2,7.7
ATT005106,EMP0426,2025-06-01 00:00:00,21,20,0,1,2.7
ATT005107,EMP0426,2025-07-01 00:00:00,23,18,2,3,11.4
ATT005108,EMP0426,2025-08-01 00:00:00,23,23,0,0,7
ATT005109,EMP0426,2025-09-01 00:00:00,20,14,1,5,14.7
ATT005110,EMP0426,2025-10-01 00:00:00,23,21,1,1,0
ATT005111,EMP0426,2025-11-01 00:00:00,23,23,0,0,3.1
ATT005112,EMP0426,2025-12-01 00:00:00,20,17,0,3,14.4
ATT005113,EMP0427,2025-01-01 00:00:00,20,17,3,0,0.9
ATT005114,EMP0427,2025-02-01 00:00:00,22,19,0,3,0.6
ATT005115,EMP0427,2025-03-01 00:00:00,21,21,0,0,3.2
ATT005116,EMP0427,2025-04-01 00:00:00,22,21,1,0,15.5
ATT005117,EMP0427,2025-05-01 00:00:00,21,18,1,2,6.7
ATT005118,EMP0427,2025-06-01 00:00:00,21,19,2,0,3.6
ATT005119,EMP0427,2025-07-01 00:00:00,23,22,0,1,5.7
ATT005120,EMP0427,2025-08-01 00:00:00,20,16,1,3,3.6
ATT005121,EMP0427,2025-09-01 00:00:00,22,21,1,0,4.5
ATT005122,EMP0427,2025-10-01 00:00:00,22,20,2,0,0
ATT005123,EMP0427,2025-11-01 00:00:00,23,22,0,1,0
ATT005124,EMP0427,2025-12-01 00:00:00,22,21,1,0,11.9
ATT005125,EMP0428,2025-01-01 00:00:00,22,20,1,1,0
ATT005126,EMP0428,2025-02-01 00:00:00,21,20,1,0,7.5
ATT005127,EMP0428,2025-03-01 00:00:00,22,21,0,1,20.1
ATT005128,EMP0428,2025-04-01 00:00:00,21,19,1,1,9.7
ATT005129,EMP0428,2025-05-01 00:00:00,20,17,1,2,11.5
ATT005130,EMP0428,2025-06-01 00:00:00,22,20,1,1,7.5
ATT005131,EMP0428,2025-07-01 00:00:00,22,17,2,3,13.8
ATT005132,EMP0428,2025-08-01 00:00:00,21,17,1,3,5.6
ATT005133,EMP0428,2025-09-01 00:00:00,21,17,3,1,7.3
ATT005134,EMP0428,2025-10-01 00:00:00,21,16,2,3,6.1
ATT005135,EMP0428,2025-11-01 00:00:00,22,19,2,1,5.2
ATT005136,EMP0428,2025-12-01 00:00:00,21,21,0,0,5.2
ATT005137,EMP0429,2025-01-01 00:00:00,23,21,2,0,13.1
ATT005138,EMP0429,2025-02-01 00:00:00,20,16,2,2,5.7
ATT005139,EMP0429,2025-03-01 00:00:00,21,21,0,0,10.6
ATT005140,EMP0429,2025-04-01 00:00:00,23,20,1,2,4
ATT005141,EMP0429,2025-05-01 00:00:00,20,20,0,0,16.3
ATT005142,EMP0429,2025-06-01 00:00:00,22,20,0,2,2.4
ATT005143,EMP0429,2025-07-01 00:00:00,22,18,2,2,7.1
ATT005144,EMP0429,2025-08-01 00:00:00,21,17,1,3,4.3
ATT005145,EMP0429,2025-09-01 00:00:00,23,22,1,0,20.3
ATT005146,EMP0429,2025-10-01 00:00:00,21,20,1,0,12.9
ATT005147,EMP0429,2025-11-01 00:00:00,22,20,0,2,8.2
ATT005148,EMP0429,2025-12-01 00:00:00,22,21,1,0,12.7
ATT005149,EMP0430,2025-01-01 00:00:00,22,20,1,1,5.5
ATT005150,EMP0430,2025-02-01 00:00:00,22,20,0,2,3.4
ATT005151,EMP0430,2025-03-01 00:00:00,21,18,0,3,14.8
ATT005152,EMP0430,2025-04-01 00:00:00,22,17,2,3,13.8
ATT005153,EMP0430,2025-05-01 00:00:00,22,19,0,3,5
ATT005154,EMP0430,2025-06-01 00:00:00,22,20,0,2,17.5
ATT005155,EMP0430,2025-07-01 00:00:00,22,15,2,5,4.7
ATT005156,EMP0430,2025-08-01 00:00:00,23,20,1,2,0
ATT005157,EMP0430,2025-09-01 00:00:00,22,22,0,0,10.1
ATT005158,EMP0430,2025-10-01 00:00:00,20,17,2,1,9
ATT005159,EMP0430,2025-11-01 00:00:00,22,19,1,2,0
ATT005160,EMP0430,2025-12-01 00:00:00,23,23,0,0,10.7
ATT005161,EMP0431,2025-01-01 00:00:00,21,20,0,1,6.9
ATT005162,EMP0431,2025-02-01 00:00:00,22,21,0,1,0
ATT005163,EMP0431,2025-03-01 00:00:00,23,21,1,1,2.7
ATT005164,EMP0431,2025-04-01 00:00:00,22,21,1,0,6.2
ATT005165,EMP0431,2025-05-01 00:00:00,21,17,0,4,8.2
ATT005166,EMP0431,2025-06-01 00:00:00,23,21,0,2,13.8
ATT005167,EMP0431,2025-07-01 00:00:00,22,19,1,2,4.2
ATT005168,EMP0431,2025-08-01 00:00:00,22,22,0,0,1.3
ATT005169,EMP0431,2025-09-01 00:00:00,22,20,0,2,0.6
ATT005170,EMP0431,2025-10-01 00:00:00,21,20,0,1,7.4
ATT005171,EMP0431,2025-11-01 00:00:00,22,20,0,2,0
ATT005172,EMP0431,2025-12-01 00:00:00,21,18,1,2,10.4
ATT005173,EMP0432,2025-01-01 00:00:00,23,15,3,5,0.5
ATT005174,EMP0432,2025-02-01 00:00:00,20,19,0,1,3.7
ATT005175,EMP0432,2025-03-01 00:00:00,22,20,0,2,10.2
ATT005176,EMP0432,2025-04-01 00:00:00,21,16,2,3,2
ATT005177,EMP0432,2025-05-01 00:00:00,21,20,1,0,0
ATT005178,EMP0432,2025-06-01 00:00:00,22,21,1,0,10.1
ATT005179,EMP0432,2025-07-01 00:00:00,21,19,1,1,16.7
ATT005180,EMP0432,2025-08-01 00:00:00,21,18,0,3,7.9
ATT005181,EMP0432,2025-09-01 00:00:00,22,19,0,3,0
ATT005182,EMP0432,2025-10-01 00:00:00,22,21,0,1,21.1
ATT005183,EMP0432,2025-11-01 00:00:00,20,18,2,0,8.5
ATT005184,EMP0432,2025-12-01 00:00:00,21,19,1,1,13.8
ATT005185,EMP0433,2025-01-01 00:00:00,22,21,1,0,3.9
ATT005186,EMP0433,2025-02-01 00:00:00,22,22,0,0,10.6
ATT005187,EMP0433,2025-03-01 00:00:00,23,23,0,0,15.9
ATT005188,EMP0433,2025-04-01 00:00:00,22,20,1,1,1.4
ATT005189,EMP0433,2025-05-01 00:00:00,20,20,0,0,0
ATT005190,EMP0433,2025-06-01 00:00:00,21,17,0,4,5.2
ATT005191,EMP0433,2025-07-01 00:00:00,22,18,1,3,9.2
ATT005192,EMP0433,2025-08-01 00:00:00,21,19,1,1,14.2
ATT005193,EMP0433,2025-09-01 00:00:00,21,16,1,4,14.5
ATT005194,EMP0433,2025-10-01 00:00:00,22,20,0,2,12.7
ATT005195,EMP0433,2025-11-01 00:00:00,20,18,1,1,5
ATT005196,EMP0433,2025-12-01 00:00:00,22,20,1,1,0.2
ATT005197,EMP0434,2025-01-01 00:00:00,22,20,0,2,4
ATT005198,EMP0434,2025-02-01 00:00:00,21,20,0,1,16.9
ATT005199,EMP0434,2025-03-01 00:00:00,20,18,1,1,21.4
ATT005200,EMP0434,2025-04-01 00:00:00,22,17,0,5,0.1
ATT005201,EMP0434,2025-05-01 00:00:00,22,19,0,3,14.2
ATT005202,EMP0434,2025-06-01 00:00:00,22,21,0,1,15.7
ATT005203,EMP0434,2025-07-01 00:00:00,22,21,0,1,11.3
ATT005204,EMP0434,2025-08-01 00:00:00,20,19,1,0,0
ATT005205,EMP0434,2025-09-01 00:00:00,22,16,2,4,7.4
ATT005206,EMP0434,2025-10-01 00:00:00,23,22,1,0,7.9
ATT005207,EMP0434,2025-11-01 00:00:00,22,18,1,3,11.5
ATT005208,EMP0434,2025-12-01 00:00:00,22,18,1,3,7.3
ATT005209,EMP0435,2025-01-01 00:00:00,21,17,0,4,3.9
ATT005210,EMP0435,2025-02-01 00:00:00,21,20,1,0,23.7
ATT005211,EMP0435,2025-03-01 00:00:00,21,18,0,3,14.1
ATT005212,EMP0435,2025-04-01 00:00:00,22,19,1,2,10.2
ATT005213,EMP0435,2025-05-01 00:00:00,21,20,0,1,10
ATT005214,EMP0435,2025-06-01 00:00:00,22,21,1,0,10.2
ATT005215,EMP0435,2025-07-01 00:00:00,23,21,0,2,16.1
ATT005216,EMP0435,2025-08-01 00:00:00,22,20,2,0,7.8
ATT005217,EMP0435,2025-09-01 00:00:00,22,19,0,3,3.2
ATT005218,EMP0435,2025-10-01 00:00:00,22,19,1,2,13.6
ATT005219,EMP0435,2025-11-01 00:00:00,21,19,1,1,6.7
ATT005220,EMP0435,2025-12-01 00:00:00,22,20,0,2,4.7
ATT005221,EMP0436,2025-01-01 00:00:00,22,21,1,0,1.4
ATT005222,EMP0436,2025-02-01 00:00:00,21,16,1,4,8.4
ATT005223,EMP0436,2025-03-01 00:00:00,22,18,1,3,4.3
ATT005224,EMP0436,2025-04-01 00:00:00,20,18,1,1,3.7
ATT005225,EMP0436,2025-05-01 00:00:00,22,18,2,2,0
ATT005226,EMP0436,2025-06-01 00:00:00,21,19,0,2,8.6
ATT005227,EMP0436,2025-07-01 00:00:00,22,19,1,2,0.5
ATT005228,EMP0436,2025-08-01 00:00:00,22,19,0,3,7.7
ATT005229,EMP0436,2025-09-01 00:00:00,22,17,1,4,19
ATT005230,EMP0436,2025-10-01 00:00:00,22,21,0,1,0
ATT005231,EMP0436,2025-11-01 00:00:00,21,19,1,1,11.8
ATT005232,EMP0436,2025-12-01 00:00:00,22,20,0,2,16.3
ATT005233,EMP0437,2025-01-01 00:00:00,21,20,0,1,9.3
ATT005234,EMP0437,2025-02-01 00:00:00,22,21,0,1,10.1
ATT005235,EMP0437,2025-03-01 00:00:00,20,18,1,1,9.8
ATT005236,EMP0437,2025-04-01 00:00:00,22,21,1,0,3.9
ATT005237,EMP0437,2025-05-01 00:00:00,21,19,1,1,12.9
ATT005238,EMP0437,2025-06-01 00:00:00,22,21,0,1,3.7
ATT005239,EMP0437,2025-07-01 00:00:00,22,17,1,4,3.9
ATT005240,EMP0437,2025-08-01 00:00:00,20,18,0,2,12.7
ATT005241,EMP0437,2025-09-01 00:00:00,20,19,0,1,0
ATT005242,EMP0437,2025-10-01 00:00:00,20,17,1,2,20.5
ATT005243,EMP0437,2025-11-01 00:00:00,22,20,1,1,0
ATT005244,EMP0437,2025-12-01 00:00:00,22,18,0,4,13.2
ATT005245,EMP0438,2025-01-01 00:00:00,23,21,2,0,5.7
ATT005246,EMP0438,2025-02-01 00:00:00,23,21,1,1,10
ATT005247,EMP0438,2025-03-01 00:00:00,21,17,3,1,5.7
ATT005248,EMP0438,2025-04-01 00:00:00,23,22,1,0,1.2
ATT005249,EMP0438,2025-05-01 00:00:00,21,21,0,0,11.9
ATT005250,EMP0438,2025-06-01 00:00:00,21,14,2,5,9.4
ATT005251,EMP0438,2025-07-01 00:00:00,22,18,1,3,3.4
ATT005252,EMP0438,2025-08-01 00:00:00,23,20,0,3,1.4
ATT005253,EMP0438,2025-09-01 00:00:00,21,15,1,5,6.9
ATT005254,EMP0438,2025-10-01 00:00:00,20,18,1,1,18.8
ATT005255,EMP0438,2025-11-01 00:00:00,22,21,0,1,4.6
ATT005256,EMP0438,2025-12-01 00:00:00,22,21,1,0,3.6
ATT005257,EMP0439,2025-01-01 00:00:00,21,20,0,1,6.6
ATT005258,EMP0439,2025-02-01 00:00:00,23,19,1,3,17.5
ATT005259,EMP0439,2025-03-01 00:00:00,20,18,0,2,18.2
ATT005260,EMP0439,2025-04-01 00:00:00,20,18,1,1,8.4
ATT005261,EMP0439,2025-05-01 00:00:00,23,21,0,2,10.4
ATT005262,EMP0439,2025-06-01 00:00:00,23,19,2,2,2.5
ATT005263,EMP0439,2025-07-01 00:00:00,21,19,0,2,0
ATT005264,EMP0439,2025-08-01 00:00:00,22,20,0,2,14.1
ATT005265,EMP0439,2025-09-01 00:00:00,23,20,0,3,10.8
ATT005266,EMP0439,2025-10-01 00:00:00,22,22,0,0,9.7
ATT005267,EMP0439,2025-11-01 00:00:00,22,19,2,1,8.7
ATT005268,EMP0439,2025-12-01 00:00:00,21,19,2,0,11.2
ATT005269,EMP0440,2025-01-01 00:00:00,22,19,1,2,5.4
ATT005270,EMP0440,2025-02-01 00:00:00,21,18,0,3,6.5
ATT005271,EMP0440,2025-03-01 00:00:00,21,17,0,4,4.8
ATT005272,EMP0440,2025-04-01 00:00:00,21,17,0,4,1.5
ATT005273,EMP0440,2025-05-01 00:00:00,22,18,2,2,14.6
ATT005274,EMP0440,2025-06-01 00:00:00,22,22,0,0,5.5
ATT005275,EMP0440,2025-07-01 00:00:00,22,20,0,2,6.3
ATT005276,EMP0440,2025-08-01 00:00:00,21,17,3,1,6.6
ATT005277,EMP0440,2025-09-01 00:00:00,22,21,1,0,9.8
ATT005278,EMP0440,2025-10-01 00:00:00,21,19,0,2,10.5
ATT005279,EMP0440,2025-11-01 00:00:00,22,21,0,1,5.4
ATT005280,EMP0440,2025-12-01 00:00:00,20,16,1,3,2.3
ATT005281,EMP0441,2025-01-01 00:00:00,23,20,0,3,9.1
ATT005282,EMP0441,2025-02-01 00:00:00,22,20,0,2,3.5
ATT005283,EMP0441,2025-03-01 00:00:00,23,21,0,2,5.3
ATT005284,EMP0441,2025-04-01 00:00:00,21,16,1,4,9.2
ATT005285,EMP0441,2025-05-01 00:00:00,22,17,3,2,5.2
ATT005286,EMP0441,2025-06-01 00:00:00,22,19,0,3,7.1
ATT005287,EMP0441,2025-07-01 00:00:00,22,20,1,1,3.1
ATT005288,EMP0441,2025-08-01 00:00:00,20,16,1,3,4.5
ATT005289,EMP0441,2025-09-01 00:00:00,21,21,0,0,0.8
ATT005290,EMP0441,2025-10-01 00:00:00,22,20,0,2,4.7
ATT005291,EMP0441,2025-11-01 00:00:00,20,17,0,3,10.6
ATT005292,EMP0441,2025-12-01 00:00:00,22,20,0,2,17.2
ATT005293,EMP0442,2025-01-01 00:00:00,22,20,1,1,14.2
ATT005294,EMP0442,2025-02-01 00:00:00,21,19,1,1,6.4
ATT005295,EMP0442,2025-03-01 00:00:00,22,18,3,1,3.2
ATT005296,EMP0442,2025-04-01 00:00:00,22,21,1,0,15.9
ATT005297,EMP0442,2025-05-01 00:00:00,22,21,1,0,4.4
ATT005298,EMP0442,2025-06-01 00:00:00,21,18,2,1,15.3
ATT005299,EMP0442,2025-07-01 00:00:00,23,22,0,1,0.2
ATT005300,EMP0442,2025-08-01 00:00:00,21,18,2,1,4.8
ATT005301,EMP0442,2025-09-01 00:00:00,22,20,2,0,8.6
ATT005302,EMP0442,2025-10-01 00:00:00,22,20,1,1,1.1
ATT005303,EMP0442,2025-11-01 00:00:00,22,22,0,0,10.5
ATT005304,EMP0442,2025-12-01 00:00:00,21,18,1,2,2
ATT005305,EMP0443,2025-01-01 00:00:00,23,20,0,3,13.6
ATT005306,EMP0443,2025-02-01 00:00:00,22,20,2,0,8.1
ATT005307,EMP0443,2025-03-01 00:00:00,22,19,1,2,0
ATT005308,EMP0443,2025-04-01 00:00:00,22,20,1,1,9.2
ATT005309,EMP0443,2025-05-01 00:00:00,22,19,1,2,6.7
ATT005310,EMP0443,2025-06-01 00:00:00,22,22,0,0,11.6
ATT005311,EMP0443,2025-07-01 00:00:00,22,22,0,0,14.9
ATT005312,EMP0443,2025-08-01 00:00:00,22,19,0,3,18.7
ATT005313,EMP0443,2025-09-01 00:00:00,21,17,1,3,12
ATT005314,EMP0443,2025-10-01 00:00:00,22,17,2,3,3.3
ATT005315,EMP0443,2025-11-01 00:00:00,22,21,1,0,15.8
ATT005316,EMP0443,2025-12-01 00:00:00,22,20,0,2,14.2
ATT005317,EMP0444,2025-01-01 00:00:00,21,18,0,3,0
ATT005318,EMP0444,2025-02-01 00:00:00,21,19,0,2,7.5
ATT005319,EMP0444,2025-03-01 00:00:00,22,19,0,3,6.1
ATT005320,EMP0444,2025-04-01 00:00:00,22,21,1,0,6.9
ATT005321,EMP0444,2025-05-01 00:00:00,22,20,1,1,10.8
ATT005322,EMP0444,2025-06-01 00:00:00,20,18,2,0,20
ATT005323,EMP0444,2025-07-01 00:00:00,22,21,1,0,9.3
ATT005324,EMP0444,2025-08-01 00:00:00,22,21,0,1,0
ATT005325,EMP0444,2025-09-01 00:00:00,20,18,0,2,12
ATT005326,EMP0444,2025-10-01 00:00:00,21,19,0,2,0.7
ATT005327,EMP0444,2025-11-01 00:00:00,22,22,0,0,3.9
ATT005328,EMP0444,2025-12-01 00:00:00,22,20,2,0,2.3
ATT005329,EMP0445,2025-01-01 00:00:00,21,18,1,2,6.3
ATT005330,EMP0445,2025-02-01 00:00:00,22,20,1,1,9.5
ATT005331,EMP0445,2025-03-01 00:00:00,22,20,1,1,3.4
ATT005332,EMP0445,2025-04-01 00:00:00,21,19,0,2,11.3
ATT005333,EMP0445,2025-05-01 00:00:00,21,19,1,1,6.2
ATT005334,EMP0445,2025-06-01 00:00:00,20,19,0,1,5.1
ATT005335,EMP0445,2025-07-01 00:00:00,21,15,2,4,4.2
ATT005336,EMP0445,2025-08-01 00:00:00,21,16,1,4,14.5
ATT005337,EMP0445,2025-09-01 00:00:00,21,17,0,4,3.6
ATT005338,EMP0445,2025-10-01 00:00:00,22,19,1,2,15.2
ATT005339,EMP0445,2025-11-01 00:00:00,22,22,0,0,10.7
ATT005340,EMP0445,2025-12-01 00:00:00,22,19,1,2,17.3
ATT005341,EMP0446,2025-01-01 00:00:00,22,22,0,0,14.3
ATT005342,EMP0446,2025-02-01 00:00:00,21,18,1,2,5.3
ATT005343,EMP0446,2025-03-01 00:00:00,22,22,0,0,20.4
ATT005344,EMP0446,2025-04-01 00:00:00,21,21,0,0,16.4
ATT005345,EMP0446,2025-05-01 00:00:00,22,19,0,3,2.4
ATT005346,EMP0446,2025-06-01 00:00:00,22,22,0,0,0
ATT005347,EMP0446,2025-07-01 00:00:00,20,19,1,0,1
ATT005348,EMP0446,2025-08-01 00:00:00,21,18,1,2,11
ATT005349,EMP0446,2025-09-01 00:00:00,21,17,3,1,12.8
ATT005350,EMP0446,2025-10-01 00:00:00,22,21,0,1,12.3
ATT005351,EMP0446,2025-11-01 00:00:00,21,18,1,2,2.7
ATT005352,EMP0446,2025-12-01 00:00:00,21,19,1,1,4.4
ATT005353,EMP0447,2025-01-01 00:00:00,22,19,2,1,10.7
ATT005354,EMP0447,2025-02-01 00:00:00,22,19,0,3,13.4
ATT005355,EMP0447,2025-03-01 00:00:00,22,21,1,0,10.2
ATT005356,EMP0447,2025-04-01 00:00:00,22,22,0,0,7
ATT005357,EMP0447,2025-05-01 00:00:00,22,21,1,0,0
ATT005358,EMP0447,2025-06-01 00:00:00,22,19,0,3,8.1
ATT005359,EMP0447,2025-07-01 00:00:00,20,17,0,3,9.5
ATT005360,EMP0447,2025-08-01 00:00:00,21,20,1,0,13.7
ATT005361,EMP0447,2025-09-01 00:00:00,22,18,2,2,14
ATT005362,EMP0447,2025-10-01 00:00:00,22,19,1,2,8.3
ATT005363,EMP0447,2025-11-01 00:00:00,22,19,3,0,15
ATT005364,EMP0447,2025-12-01 00:00:00,23,18,2,3,6.4
ATT005365,EMP0448,2025-01-01 00:00:00,23,21,2,0,10.5
ATT005366,EMP0448,2025-02-01 00:00:00,22,22,0,0,8.1
ATT005367,EMP0448,2025-03-01 00:00:00,21,19,0,2,1.6
ATT005368,EMP0448,2025-04-01 00:00:00,23,20,1,2,5
ATT005369,EMP0448,2025-05-01 00:00:00,22,21,0,1,1.7
ATT005370,EMP0448,2025-06-01 00:00:00,23,19,1,3,0
ATT005371,EMP0448,2025-07-01 00:00:00,22,18,3,1,4.6
ATT005372,EMP0448,2025-08-01 00:00:00,22,22,0,0,8.1
ATT005373,EMP0448,2025-09-01 00:00:00,23,23,0,0,0
ATT005374,EMP0448,2025-10-01 00:00:00,22,22,0,0,3.6
ATT005375,EMP0448,2025-11-01 00:00:00,22,20,1,1,7.8
ATT005376,EMP0448,2025-12-01 00:00:00,22,19,1,2,6.8
ATT005377,EMP0449,2025-01-01 00:00:00,21,21,0,0,5.3
ATT005378,EMP0449,2025-02-01 00:00:00,21,18,2,1,16.1
ATT005379,EMP0449,2025-03-01 00:00:00,22,20,1,1,6.7
ATT005380,EMP0449,2025-04-01 00:00:00,22,20,0,2,9
ATT005381,EMP0449,2025-05-01 00:00:00,22,18,1,3,3.6
ATT005382,EMP0449,2025-06-01 00:00:00,21,16,2,3,11.2
ATT005383,EMP0449,2025-07-01 00:00:00,23,21,1,1,4.8
ATT005384,EMP0449,2025-08-01 00:00:00,22,19,0,3,8.9
ATT005385,EMP0449,2025-09-01 00:00:00,22,19,1,2,7
ATT005386,EMP0449,2025-10-01 00:00:00,22,21,0,1,14.3
ATT005387,EMP0449,2025-11-01 00:00:00,22,18,0,4,4.6
ATT005388,EMP0449,2025-12-01 00:00:00,22,19,1,2,8.6
ATT005389,EMP0450,2025-01-01 00:00:00,20,20,0,0,1.2
ATT005390,EMP0450,2025-02-01 00:00:00,23,19,1,3,5
ATT005391,EMP0450,2025-03-01 00:00:00,22,19,0,3,9.7
ATT005392,EMP0450,2025-04-01 00:00:00,21,20,0,1,8.3
ATT005393,EMP0450,2025-05-01 00:00:00,20,18,1,1,0
ATT005394,EMP0450,2025-06-01 00:00:00,21,16,3,2,4.2
ATT005395,EMP0450,2025-07-01 00:00:00,22,20,1,1,7.5
ATT005396,EMP0450,2025-08-01 00:00:00,21,20,1,0,6.3
ATT005397,EMP0450,2025-09-01 00:00:00,23,23,0,0,7.3
ATT005398,EMP0450,2025-10-01 00:00:00,21,19,0,2,0
ATT005399,EMP0450,2025-11-01 00:00:00,21,19,0,2,0
ATT005400,EMP0450,2025-12-01 00:00:00,20,16,2,2,14
ATT005401,EMP0451,2025-01-01 00:00:00,20,16,1,3,6
ATT005402,EMP0451,2025-02-01 00:00:00,21,18,0,3,2.2
ATT005403,EMP0451,2025-03-01 00:00:00,21,18,1,2,5.8
ATT005404,EMP0451,2025-04-01 00:00:00,22,21,1,0,10.2
ATT005405,EMP0451,2025-05-01 00:00:00,23,19,1,3,10.3
ATT005406,EMP0451,2025-06-01 00:00:00,22,22,0,0,0
ATT005407,EMP0451,2025-07-01 00:00:00,22,18,2,2,6.4
ATT005408,EMP0451,2025-08-01 00:00:00,22,20,2,0,14.7
ATT005409,EMP0451,2025-09-01 00:00:00,22,20,0,2,11.6
ATT005410,EMP0451,2025-10-01 00:00:00,21,21,0,0,0
ATT005411,EMP0451,2025-11-01 00:00:00,22,18,1,3,13.1
ATT005412,EMP0451,2025-12-01 00:00:00,21,18,1,2,12.1
ATT005413,EMP0452,2025-01-01 00:00:00,20,19,0,1,19
ATT005414,EMP0452,2025-02-01 00:00:00,21,17,0,4,3.7
ATT005415,EMP0452,2025-03-01 00:00:00,22,18,2,2,2.2
ATT005416,EMP0452,2025-04-01 00:00:00,22,22,0,0,2
ATT005417,EMP0452,2025-05-01 00:00:00,23,22,1,0,6.4
ATT005418,EMP0452,2025-06-01 00:00:00,22,20,1,1,0
ATT005419,EMP0452,2025-07-01 00:00:00,22,19,1,2,16
ATT005420,EMP0452,2025-08-01 00:00:00,21,19,0,2,7.5
ATT005421,EMP0452,2025-09-01 00:00:00,21,16,3,2,4.8
ATT005422,EMP0452,2025-10-01 00:00:00,22,20,2,0,2.8
ATT005423,EMP0452,2025-11-01 00:00:00,21,19,1,1,14.5
ATT005424,EMP0452,2025-12-01 00:00:00,21,18,3,0,7.9
ATT005425,EMP0453,2025-01-01 00:00:00,22,20,2,0,16.9
ATT005426,EMP0453,2025-02-01 00:00:00,20,15,1,4,1.3
ATT005427,EMP0453,2025-03-01 00:00:00,20,18,1,1,10.2
ATT005428,EMP0453,2025-04-01 00:00:00,23,19,2,2,6
ATT005429,EMP0453,2025-05-01 00:00:00,23,22,1,0,10.1
ATT005430,EMP0453,2025-06-01 00:00:00,22,22,0,0,3.7
ATT005431,EMP0453,2025-07-01 00:00:00,23,20,0,3,6.8
ATT005432,EMP0453,2025-08-01 00:00:00,22,20,1,1,0
ATT005433,EMP0453,2025-09-01 00:00:00,23,22,0,1,2.8
ATT005434,EMP0453,2025-10-01 00:00:00,20,20,0,0,12.7
ATT005435,EMP0453,2025-11-01 00:00:00,20,17,1,2,18.5
ATT005436,EMP0453,2025-12-01 00:00:00,20,15,0,5,0
ATT005437,EMP0454,2025-01-01 00:00:00,22,20,1,1,0
ATT005438,EMP0454,2025-02-01 00:00:00,21,15,1,5,9.3
ATT005439,EMP0454,2025-03-01 00:00:00,21,18,0,3,0
ATT005440,EMP0454,2025-04-01 00:00:00,22,21,0,1,0.7
ATT005441,EMP0454,2025-05-01 00:00:00,22,21,0,1,4.2
ATT005442,EMP0454,2025-06-01 00:00:00,21,20,1,0,11.8
ATT005443,EMP0454,2025-07-01 00:00:00,22,21,1,0,2.4
ATT005444,EMP0454,2025-08-01 00:00:00,22,16,2,4,2.3
ATT005445,EMP0454,2025-09-01 00:00:00,21,17,1,3,15.1
ATT005446,EMP0454,2025-10-01 00:00:00,21,17,0,4,5.7
ATT005447,EMP0454,2025-11-01 00:00:00,22,20,1,1,2.1
ATT005448,EMP0454,2025-12-01 00:00:00,21,16,2,3,12.7
ATT005449,EMP0455,2025-01-01 00:00:00,21,19,1,1,1.8
ATT005450,EMP0455,2025-02-01 00:00:00,21,17,0,4,16
ATT005451,EMP0455,2025-03-01 00:00:00,20,19,0,1,7.7
ATT005452,EMP0455,2025-04-01 00:00:00,21,19,2,0,14.5
ATT005453,EMP0455,2025-05-01 00:00:00,23,23,0,0,7.4
ATT005454,EMP0455,2025-06-01 00:00:00,22,17,0,5,3.1
ATT005455,EMP0455,2025-07-01 00:00:00,22,19,2,1,0
ATT005456,EMP0455,2025-08-01 00:00:00,21,19,1,1,16.2
ATT005457,EMP0455,2025-09-01 00:00:00,21,19,1,1,13.7
ATT005458,EMP0455,2025-10-01 00:00:00,21,20,0,1,2.7
ATT005459,EMP0455,2025-11-01 00:00:00,22,21,0,1,2.5
ATT005460,EMP0455,2025-12-01 00:00:00,22,16,3,3,11.9
ATT005461,EMP0456,2025-01-01 00:00:00,22,22,0,0,1.1
ATT005462,EMP0456,2025-02-01 00:00:00,21,19,2,0,6.2
ATT005463,EMP0456,2025-03-01 00:00:00,21,17,2,2,10.8
ATT005464,EMP0456,2025-04-01 00:00:00,21,17,1,3,8.1
ATT005465,EMP0456,2025-05-01 00:00:00,23,21,0,2,5.4
ATT005466,EMP0456,2025-06-01 00:00:00,22,21,0,1,3.8
ATT005467,EMP0456,2025-07-01 00:00:00,21,18,1,2,16.4
ATT005468,EMP0456,2025-08-01 00:00:00,20,19,0,1,0
ATT005469,EMP0456,2025-09-01 00:00:00,21,16,1,4,4.2
ATT005470,EMP0456,2025-10-01 00:00:00,22,17,3,2,2.3
ATT005471,EMP0456,2025-11-01 00:00:00,21,19,2,0,6.4
ATT005472,EMP0456,2025-12-01 00:00:00,22,20,0,2,19.7
ATT005473,EMP0457,2025-01-01 00:00:00,22,17,3,2,16
ATT005474,EMP0457,2025-02-01 00:00:00,23,19,0,4,10.2
ATT005475,EMP0457,2025-03-01 00:00:00,22,22,0,0,14.8
ATT005476,EMP0457,2025-04-01 00:00:00,22,18,0,4,12.1
ATT005477,EMP0457,2025-05-01 00:00:00,22,19,2,1,2.3
ATT005478,EMP0457,2025-06-01 00:00:00,22,19,1,2,10.8
ATT005479,EMP0457,2025-07-01 00:00:00,23,21,1,1,1.4
ATT005480,EMP0457,2025-08-01 00:00:00,22,22,0,0,8
ATT005481,EMP0457,2025-09-01 00:00:00,20,19,0,1,4.7
ATT005482,EMP0457,2025-10-01 00:00:00,22,22,0,0,0.4
ATT005483,EMP0457,2025-11-01 00:00:00,21,19,0,2,1.3
ATT005484,EMP0457,2025-12-01 00:00:00,22,21,0,1,21
ATT005485,EMP0458,2025-01-01 00:00:00,21,17,1,3,0
ATT005486,EMP0458,2025-02-01 00:00:00,21,17,0,4,6.8
ATT005487,EMP0458,2025-03-01 00:00:00,23,19,0,4,1.5
ATT005488,EMP0458,2025-04-01 00:00:00,20,15,2,3,15.2
ATT005489,EMP0458,2025-05-01 00:00:00,21,18,2,1,7.9
ATT005490,EMP0458,2025-06-01 00:00:00,21,20,0,1,16.5
ATT005491,EMP0458,2025-07-01 00:00:00,20,18,0,2,8.3
ATT005492,EMP0458,2025-08-01 00:00:00,21,15,2,4,5.1
ATT005493,EMP0458,2025-09-01 00:00:00,20,17,0,3,18.6
ATT005494,EMP0458,2025-10-01 00:00:00,21,19,2,0,2.2
ATT005495,EMP0458,2025-11-01 00:00:00,22,19,1,2,7.4
ATT005496,EMP0458,2025-12-01 00:00:00,21,19,1,1,0
ATT005497,EMP0459,2025-01-01 00:00:00,21,21,0,0,9.1
ATT005498,EMP0459,2025-02-01 00:00:00,22,22,0,0,8.8
ATT005499,EMP0459,2025-03-01 00:00:00,21,19,1,1,0
ATT005500,EMP0459,2025-04-01 00:00:00,23,23,0,0,0
ATT005501,EMP0459,2025-05-01 00:00:00,21,20,0,1,3.1
ATT005502,EMP0459,2025-06-01 00:00:00,23,19,0,4,1.4
ATT005503,EMP0459,2025-07-01 00:00:00,20,16,3,1,0
ATT005504,EMP0459,2025-08-01 00:00:00,22,17,3,2,12.1
ATT005505,EMP0459,2025-09-01 00:00:00,22,21,0,1,0.1
ATT005506,EMP0459,2025-10-01 00:00:00,21,21,0,0,5.5
ATT005507,EMP0459,2025-11-01 00:00:00,21,19,1,1,6.1
ATT005508,EMP0459,2025-12-01 00:00:00,21,16,0,5,9.1
ATT005509,EMP0460,2025-01-01 00:00:00,23,23,0,0,1.2
ATT005510,EMP0460,2025-02-01 00:00:00,21,17,1,3,0.4
ATT005511,EMP0460,2025-03-01 00:00:00,22,21,0,1,13.3
ATT005512,EMP0460,2025-04-01 00:00:00,22,19,0,3,11.5
ATT005513,EMP0460,2025-05-01 00:00:00,21,17,0,4,6.5
ATT005514,EMP0460,2025-06-01 00:00:00,21,21,0,0,3.9
ATT005515,EMP0460,2025-07-01 00:00:00,21,18,0,3,18.5
ATT005516,EMP0460,2025-08-01 00:00:00,22,21,1,0,7.2
ATT005517,EMP0460,2025-09-01 00:00:00,23,21,1,1,1.7
ATT005518,EMP0460,2025-10-01 00:00:00,22,21,0,1,8.2
ATT005519,EMP0460,2025-11-01 00:00:00,21,20,0,1,7.9
ATT005520,EMP0460,2025-12-01 00:00:00,22,20,0,2,0
ATT005521,EMP0461,2025-01-01 00:00:00,22,22,0,0,12
ATT005522,EMP0461,2025-02-01 00:00:00,21,18,2,1,4.5
ATT005523,EMP0461,2025-03-01 00:00:00,22,21,0,1,0
ATT005524,EMP0461,2025-04-01 00:00:00,22,17,2,3,9.8
ATT005525,EMP0461,2025-05-01 00:00:00,23,22,0,1,7.9
ATT005526,EMP0461,2025-06-01 00:00:00,22,20,0,2,0
ATT005527,EMP0461,2025-07-01 00:00:00,21,20,1,0,8.9
ATT005528,EMP0461,2025-08-01 00:00:00,22,19,0,3,13.7
ATT005529,EMP0461,2025-09-01 00:00:00,23,20,2,1,0
ATT005530,EMP0461,2025-10-01 00:00:00,20,19,1,0,23.6
ATT005531,EMP0461,2025-11-01 00:00:00,22,17,0,5,15.1
ATT005532,EMP0461,2025-12-01 00:00:00,22,22,0,0,9.2
ATT005533,EMP0462,2025-01-01 00:00:00,22,21,0,1,10.9
ATT005534,EMP0462,2025-02-01 00:00:00,21,18,0,3,18.7
ATT005535,EMP0462,2025-03-01 00:00:00,22,22,0,0,1.8
ATT005536,EMP0462,2025-04-01 00:00:00,21,19,1,1,4.3
ATT005537,EMP0462,2025-05-01 00:00:00,23,20,0,3,7.9
ATT005538,EMP0462,2025-06-01 00:00:00,22,20,1,1,18.8
ATT005539,EMP0462,2025-07-01 00:00:00,20,16,1,3,7
ATT005540,EMP0462,2025-08-01 00:00:00,22,20,1,1,15.6
ATT005541,EMP0462,2025-09-01 00:00:00,23,22,1,0,4.1
ATT005542,EMP0462,2025-10-01 00:00:00,22,19,0,3,10.1
ATT005543,EMP0462,2025-11-01 00:00:00,22,22,0,0,7.3
ATT005544,EMP0462,2025-12-01 00:00:00,22,19,0,3,12.6
ATT005545,EMP0463,2025-01-01 00:00:00,21,19,0,2,0
ATT005546,EMP0463,2025-02-01 00:00:00,21,19,2,0,9.3
ATT005547,EMP0463,2025-03-01 00:00:00,20,17,2,1,16.8
ATT005548,EMP0463,2025-04-01 00:00:00,21,19,1,1,2.5
ATT005549,EMP0463,2025-05-01 00:00:00,21,18,1,2,0
ATT005550,EMP0463,2025-06-01 00:00:00,22,20,0,2,3.6
ATT005551,EMP0463,2025-07-01 00:00:00,21,20,0,1,0
ATT005552,EMP0463,2025-08-01 00:00:00,22,22,0,0,1.4
ATT005553,EMP0463,2025-09-01 00:00:00,22,19,2,1,9.2
ATT005554,EMP0463,2025-10-01 00:00:00,22,19,1,2,4.6
ATT005555,EMP0463,2025-11-01 00:00:00,23,21,0,2,6.8
ATT005556,EMP0463,2025-12-01 00:00:00,22,19,2,1,14.3
ATT005557,EMP0464,2025-01-01 00:00:00,21,18,0,3,0
ATT005558,EMP0464,2025-02-01 00:00:00,21,18,0,3,6.2
ATT005559,EMP0464,2025-03-01 00:00:00,22,20,1,1,14.9
ATT005560,EMP0464,2025-04-01 00:00:00,22,22,0,0,9.1
ATT005561,EMP0464,2025-05-01 00:00:00,22,17,1,4,9.5
ATT005562,EMP0464,2025-06-01 00:00:00,21,21,0,0,7.3
ATT005563,EMP0464,2025-07-01 00:00:00,22,20,0,2,6
ATT005564,EMP0464,2025-08-01 00:00:00,21,19,1,1,5.4
ATT005565,EMP0464,2025-09-01 00:00:00,21,18,1,2,9
ATT005566,EMP0464,2025-10-01 00:00:00,22,21,0,1,17.4
ATT005567,EMP0464,2025-11-01 00:00:00,22,21,0,1,10.7
ATT005568,EMP0464,2025-12-01 00:00:00,22,22,0,0,2.3
ATT005569,EMP0465,2025-01-01 00:00:00,20,18,0,2,0
ATT005570,EMP0465,2025-02-01 00:00:00,22,20,1,1,1.9
ATT005571,EMP0465,2025-03-01 00:00:00,21,19,0,2,11.4
ATT005572,EMP0465,2025-04-01 00:00:00,22,21,1,0,0.6
ATT005573,EMP0465,2025-05-01 00:00:00,22,19,1,2,2
ATT005574,EMP0465,2025-06-01 00:00:00,22,19,2,1,11.9
ATT005575,EMP0465,2025-07-01 00:00:00,21,18,2,1,2.2
ATT005576,EMP0465,2025-08-01 00:00:00,21,17,0,4,15.8
ATT005577,EMP0465,2025-09-01 00:00:00,22,19,1,2,11
ATT005578,EMP0465,2025-10-01 00:00:00,21,19,2,0,2.8
ATT005579,EMP0465,2025-11-01 00:00:00,22,20,1,1,13.6
ATT005580,EMP0465,2025-12-01 00:00:00,22,20,2,0,0
ATT005581,EMP0466,2025-01-01 00:00:00,22,20,1,1,3.3
ATT005582,EMP0466,2025-02-01 00:00:00,20,15,3,2,15.5
ATT005583,EMP0466,2025-03-01 00:00:00,22,21,1,0,14.2
ATT005584,EMP0466,2025-04-01 00:00:00,22,21,1,0,0
ATT005585,EMP0466,2025-05-01 00:00:00,21,21,0,0,11.6
ATT005586,EMP0466,2025-06-01 00:00:00,22,21,0,1,10
ATT005587,EMP0466,2025-07-01 00:00:00,21,17,3,1,0
ATT005588,EMP0466,2025-08-01 00:00:00,20,15,0,5,7.2
ATT005589,EMP0466,2025-09-01 00:00:00,21,18,0,3,14.1
ATT005590,EMP0466,2025-10-01 00:00:00,22,19,3,0,3.5
ATT005591,EMP0466,2025-11-01 00:00:00,21,21,0,0,10
ATT005592,EMP0466,2025-12-01 00:00:00,22,21,0,1,15
ATT005593,EMP0467,2025-01-01 00:00:00,21,17,3,1,3.1
ATT005594,EMP0467,2025-02-01 00:00:00,22,21,0,1,14.2
ATT005595,EMP0467,2025-03-01 00:00:00,22,18,0,4,17.5
ATT005596,EMP0467,2025-04-01 00:00:00,22,21,1,0,0
ATT005597,EMP0467,2025-05-01 00:00:00,22,20,1,1,0.3
ATT005598,EMP0467,2025-06-01 00:00:00,20,15,2,3,10.9
ATT005599,EMP0467,2025-07-01 00:00:00,22,22,0,0,3.3
ATT005600,EMP0467,2025-08-01 00:00:00,21,18,2,1,13.9
ATT005601,EMP0467,2025-09-01 00:00:00,22,16,1,5,0
ATT005602,EMP0467,2025-10-01 00:00:00,21,21,0,0,5
ATT005603,EMP0467,2025-11-01 00:00:00,21,18,1,2,0
ATT005604,EMP0467,2025-12-01 00:00:00,21,17,0,4,16.1
ATT005605,EMP0468,2025-01-01 00:00:00,21,19,1,1,6.6
ATT005606,EMP0468,2025-02-01 00:00:00,21,18,0,3,11.9
ATT005607,EMP0468,2025-03-01 00:00:00,22,22,0,0,15.1
ATT005608,EMP0468,2025-04-01 00:00:00,20,17,1,2,10.3
ATT005609,EMP0468,2025-05-01 00:00:00,22,20,2,0,7.9
ATT005610,EMP0468,2025-06-01 00:00:00,23,21,1,1,8.7
ATT005611,EMP0468,2025-07-01 00:00:00,22,21,0,1,13.8
ATT005612,EMP0468,2025-08-01 00:00:00,22,21,0,1,7.8
ATT005613,EMP0468,2025-09-01 00:00:00,23,20,2,1,10.8
ATT005614,EMP0468,2025-10-01 00:00:00,22,17,2,3,4.4
ATT005615,EMP0468,2025-11-01 00:00:00,21,20,0,1,0
ATT005616,EMP0468,2025-12-01 00:00:00,23,20,2,1,3.4
ATT005617,EMP0469,2025-01-01 00:00:00,20,20,0,0,10.7
ATT005618,EMP0469,2025-02-01 00:00:00,21,21,0,0,17.3
ATT005619,EMP0469,2025-03-01 00:00:00,20,20,0,0,3.7
ATT005620,EMP0469,2025-04-01 00:00:00,21,19,0,2,0
ATT005621,EMP0469,2025-05-01 00:00:00,21,17,1,3,19.2
ATT005622,EMP0469,2025-06-01 00:00:00,23,23,0,0,5.3
ATT005623,EMP0469,2025-07-01 00:00:00,20,20,0,0,5.9
ATT005624,EMP0469,2025-08-01 00:00:00,22,21,0,1,9.4
ATT005625,EMP0469,2025-09-01 00:00:00,21,18,2,1,16.8
ATT005626,EMP0469,2025-10-01 00:00:00,23,21,1,1,14.5
ATT005627,EMP0469,2025-11-01 00:00:00,20,19,1,0,2.9
ATT005628,EMP0469,2025-12-01 00:00:00,23,20,1,2,15.1
ATT005629,EMP0470,2025-01-01 00:00:00,22,21,0,1,15.3
ATT005630,EMP0470,2025-02-01 00:00:00,22,20,0,2,9
ATT005631,EMP0470,2025-03-01 00:00:00,22,20,0,2,3.4
ATT005632,EMP0470,2025-04-01 00:00:00,22,21,0,1,9.1
ATT005633,EMP0470,2025-05-01 00:00:00,20,19,0,1,1
ATT005634,EMP0470,2025-06-01 00:00:00,21,20,1,0,10.9
ATT005635,EMP0470,2025-07-01 00:00:00,20,18,1,1,6.9
ATT005636,EMP0470,2025-08-01 00:00:00,22,21,1,0,12.5
ATT005637,EMP0470,2025-09-01 00:00:00,22,20,0,2,9.7
ATT005638,EMP0470,2025-10-01 00:00:00,22,21,0,1,3.9
ATT005639,EMP0470,2025-11-01 00:00:00,22,21,0,1,9
ATT005640,EMP0470,2025-12-01 00:00:00,23,22,0,1,11.1
ATT005641,EMP0471,2025-01-01 00:00:00,20,18,0,2,6.7
ATT005642,EMP0471,2025-02-01 00:00:00,20,20,0,0,10.5
ATT005643,EMP0471,2025-03-01 00:00:00,21,19,0,2,8.2
ATT005644,EMP0471,2025-04-01 00:00:00,23,19,1,3,13.2
ATT005645,EMP0471,2025-05-01 00:00:00,22,21,1,0,0
ATT005646,EMP0471,2025-06-01 00:00:00,22,19,0,3,9.3
ATT005647,EMP0471,2025-07-01 00:00:00,20,18,0,2,8
ATT005648,EMP0471,2025-08-01 00:00:00,20,19,0,1,4.1
ATT005649,EMP0471,2025-09-01 00:00:00,21,17,1,3,8
ATT005650,EMP0471,2025-10-01 00:00:00,22,20,2,0,6.1
ATT005651,EMP0471,2025-11-01 00:00:00,22,17,2,3,9.9
ATT005652,EMP0471,2025-12-01 00:00:00,21,17,1,3,2.1
ATT005653,EMP0472,2025-01-01 00:00:00,21,18,1,2,2
ATT005654,EMP0472,2025-02-01 00:00:00,21,20,0,1,3
ATT005655,EMP0472,2025-03-01 00:00:00,21,20,1,0,9.5
ATT005656,EMP0472,2025-04-01 00:00:00,21,18,1,2,14.3
ATT005657,EMP0472,2025-05-01 00:00:00,21,18,1,2,14.9
ATT005658,EMP0472,2025-06-01 00:00:00,21,17,0,4,8.9
ATT005659,EMP0472,2025-07-01 00:00:00,23,18,1,4,17
ATT005660,EMP0472,2025-08-01 00:00:00,22,20,0,2,0
ATT005661,EMP0472,2025-09-01 00:00:00,21,18,0,3,2.7
ATT005662,EMP0472,2025-10-01 00:00:00,23,19,2,2,9.7
ATT005663,EMP0472,2025-11-01 00:00:00,21,19,1,1,7.8
ATT005664,EMP0472,2025-12-01 00:00:00,22,20,1,1,17.4
ATT005665,EMP0473,2025-01-01 00:00:00,22,21,0,1,0
ATT005666,EMP0473,2025-02-01 00:00:00,21,13,3,5,1
ATT005667,EMP0473,2025-03-01 00:00:00,22,21,0,1,4.2
ATT005668,EMP0473,2025-04-01 00:00:00,23,19,3,1,2.5
ATT005669,EMP0473,2025-05-01 00:00:00,21,18,0,3,14.8
ATT005670,EMP0473,2025-06-01 00:00:00,21,19,0,2,0
ATT005671,EMP0473,2025-07-01 00:00:00,23,22,1,0,1.8
ATT005672,EMP0473,2025-08-01 00:00:00,22,19,2,1,11.2
ATT005673,EMP0473,2025-09-01 00:00:00,21,20,1,0,0.3
ATT005674,EMP0473,2025-10-01 00:00:00,21,20,0,1,16.6
ATT005675,EMP0473,2025-11-01 00:00:00,20,17,1,2,4.9
ATT005676,EMP0473,2025-12-01 00:00:00,22,21,0,1,5.2
ATT005677,EMP0474,2025-01-01 00:00:00,21,16,1,4,2.2
ATT005678,EMP0474,2025-02-01 00:00:00,22,19,2,1,8.8
ATT005679,EMP0474,2025-03-01 00:00:00,21,13,3,5,15.8
ATT005680,EMP0474,2025-04-01 00:00:00,21,20,1,0,13.8
ATT005681,EMP0474,2025-05-01 00:00:00,23,20,1,2,13.9
ATT005682,EMP0474,2025-06-01 00:00:00,22,21,0,1,8.9
ATT005683,EMP0474,2025-07-01 00:00:00,21,18,1,2,15.4
ATT005684,EMP0474,2025-08-01 00:00:00,20,20,0,0,1.7
ATT005685,EMP0474,2025-09-01 00:00:00,22,16,1,5,6
ATT005686,EMP0474,2025-10-01 00:00:00,23,21,2,0,0.1
ATT005687,EMP0474,2025-11-01 00:00:00,20,18,0,2,7.2
ATT005688,EMP0474,2025-12-01 00:00:00,21,16,1,4,12.4
ATT005689,EMP0475,2025-01-01 00:00:00,21,21,0,0,15.8
ATT005690,EMP0475,2025-02-01 00:00:00,22,18,2,2,2.3
ATT005691,EMP0475,2025-03-01 00:00:00,22,18,1,3,25.5
ATT005692,EMP0475,2025-04-01 00:00:00,22,19,0,3,4.4
ATT005693,EMP0475,2025-05-01 00:00:00,23,21,2,0,0
ATT005694,EMP0475,2025-06-01 00:00:00,21,21,0,0,7.4
ATT005695,EMP0475,2025-07-01 00:00:00,22,17,0,5,20.2
ATT005696,EMP0475,2025-08-01 00:00:00,23,19,2,2,6.6
ATT005697,EMP0475,2025-09-01 00:00:00,22,20,2,0,4.1
ATT005698,EMP0475,2025-10-01 00:00:00,22,20,2,0,4.3
ATT005699,EMP0475,2025-11-01 00:00:00,20,19,0,1,5.5
ATT005700,EMP0475,2025-12-01 00:00:00,21,19,2,0,0
ATT005701,EMP0476,2025-01-01 00:00:00,22,17,2,3,8.1
ATT005702,EMP0476,2025-02-01 00:00:00,21,19,1,1,10.3
ATT005703,EMP0476,2025-03-01 00:00:00,22,20,0,2,14
ATT005704,EMP0476,2025-04-01 00:00:00,22,17,2,3,0
ATT005705,EMP0476,2025-05-01 00:00:00,22,20,1,1,21.7
ATT005706,EMP0476,2025-06-01 00:00:00,22,19,2,1,8.2
ATT005707,EMP0476,2025-07-01 00:00:00,22,22,0,0,15.2
ATT005708,EMP0476,2025-08-01 00:00:00,20,18,2,0,10.4
ATT005709,EMP0476,2025-09-01 00:00:00,23,20,0,3,12.7
ATT005710,EMP0476,2025-10-01 00:00:00,21,19,1,1,11.1
ATT005711,EMP0476,2025-11-01 00:00:00,21,20,0,1,0.8
ATT005712,EMP0476,2025-12-01 00:00:00,22,22,0,0,5.6
ATT005713,EMP0477,2025-01-01 00:00:00,22,20,1,1,2.7
ATT005714,EMP0477,2025-02-01 00:00:00,21,18,1,2,4.6
ATT005715,EMP0477,2025-03-01 00:00:00,20,20,0,0,21.2
ATT005716,EMP0477,2025-04-01 00:00:00,21,13,3,5,4.2
ATT005717,EMP0477,2025-05-01 00:00:00,23,22,1,0,10.2
ATT005718,EMP0477,2025-06-01 00:00:00,20,17,0,3,2.3
ATT005719,EMP0477,2025-07-01 00:00:00,22,19,1,2,23.5
ATT005720,EMP0477,2025-08-01 00:00:00,22,20,2,0,11.3
ATT005721,EMP0477,2025-09-01 00:00:00,21,20,0,1,6.1
ATT005722,EMP0477,2025-10-01 00:00:00,20,20,0,0,6.1
ATT005723,EMP0477,2025-11-01 00:00:00,22,22,0,0,15.5
ATT005724,EMP0477,2025-12-01 00:00:00,22,19,1,2,17.2
ATT005725,EMP0478,2025-01-01 00:00:00,23,21,0,2,5.3
ATT005726,EMP0478,2025-02-01 00:00:00,22,19,2,1,11.8
ATT005727,EMP0478,2025-03-01 00:00:00,22,20,0,2,6.9
ATT005728,EMP0478,2025-04-01 00:00:00,21,20,0,1,7.4
ATT005729,EMP0478,2025-05-01 00:00:00,22,20,1,1,12.6
ATT005730,EMP0478,2025-06-01 00:00:00,22,21,1,0,9.5
ATT005731,EMP0478,2025-07-01 00:00:00,23,18,0,5,7.6
ATT005732,EMP0478,2025-08-01 00:00:00,23,20,1,2,5.7
ATT005733,EMP0478,2025-09-01 00:00:00,22,21,0,1,10.1
ATT005734,EMP0478,2025-10-01 00:00:00,22,21,0,1,0
ATT005735,EMP0478,2025-11-01 00:00:00,21,20,0,1,13.5
ATT005736,EMP0478,2025-12-01 00:00:00,22,16,2,4,15.1
ATT005737,EMP0479,2025-01-01 00:00:00,21,21,0,0,13.8
ATT005738,EMP0479,2025-02-01 00:00:00,21,14,2,5,6.1
ATT005739,EMP0479,2025-03-01 00:00:00,21,18,1,2,3.5
ATT005740,EMP0479,2025-04-01 00:00:00,21,19,1,1,0
ATT005741,EMP0479,2025-05-01 00:00:00,22,17,0,5,2.5
ATT005742,EMP0479,2025-06-01 00:00:00,23,21,1,1,13.1
ATT005743,EMP0479,2025-07-01 00:00:00,22,21,1,0,7.6
ATT005744,EMP0479,2025-08-01 00:00:00,23,21,1,1,6.1
ATT005745,EMP0479,2025-09-01 00:00:00,22,20,0,2,0.9
ATT005746,EMP0479,2025-10-01 00:00:00,21,19,0,2,0.1
ATT005747,EMP0479,2025-11-01 00:00:00,23,22,0,1,20.6
ATT005748,EMP0479,2025-12-01 00:00:00,22,18,1,3,1.7
ATT005749,EMP0480,2025-01-01 00:00:00,22,17,2,3,2.8
ATT005750,EMP0480,2025-02-01 00:00:00,22,18,1,3,10.1
ATT005751,EMP0480,2025-03-01 00:00:00,21,21,0,0,10.6
ATT005752,EMP0480,2025-04-01 00:00:00,23,21,0,2,1.5
ATT005753,EMP0480,2025-05-01 00:00:00,23,18,1,4,20.6
ATT005754,EMP0480,2025-06-01 00:00:00,22,18,3,1,0.6
ATT005755,EMP0480,2025-07-01 00:00:00,22,19,0,3,0
ATT005756,EMP0480,2025-08-01 00:00:00,23,22,0,1,0
ATT005757,EMP0480,2025-09-01 00:00:00,22,19,1,2,6.9
ATT005758,EMP0480,2025-10-01 00:00:00,22,20,1,1,10.8
ATT005759,EMP0480,2025-11-01 00:00:00,20,19,0,1,6.1
ATT005760,EMP0480,2025-12-01 00:00:00,20,20,0,0,15.9
ATT005761,EMP0481,2025-01-01 00:00:00,21,21,0,0,5.4
ATT005762,EMP0481,2025-02-01 00:00:00,21,18,2,1,5.2
ATT005763,EMP0481,2025-03-01 00:00:00,22,19,3,0,10.7
ATT005764,EMP0481,2025-04-01 00:00:00,21,18,1,2,9.1
ATT005765,EMP0481,2025-05-01 00:00:00,20,17,0,3,5.6
ATT005766,EMP0481,2025-06-01 00:00:00,23,20,1,2,7.9
ATT005767,EMP0481,2025-07-01 00:00:00,22,21,0,1,17.9
ATT005768,EMP0481,2025-08-01 00:00:00,23,20,0,3,9.5
ATT005769,EMP0481,2025-09-01 00:00:00,22,19,1,2,8.6
ATT005770,EMP0481,2025-10-01 00:00:00,23,23,0,0,5
ATT005771,EMP0481,2025-11-01 00:00:00,22,22,0,0,8.9
ATT005772,EMP0481,2025-12-01 00:00:00,22,19,1,2,13.8
ATT005773,EMP0482,2025-01-01 00:00:00,22,21,0,1,11.2
ATT005774,EMP0482,2025-02-01 00:00:00,22,22,0,0,13.6
ATT005775,EMP0482,2025-03-01 00:00:00,23,23,0,0,1
ATT005776,EMP0482,2025-04-01 00:00:00,22,21,0,1,13.3
ATT005777,EMP0482,2025-05-01 00:00:00,22,14,3,5,3.1
ATT005778,EMP0482,2025-06-01 00:00:00,23,20,2,1,11
ATT005779,EMP0482,2025-07-01 00:00:00,23,21,0,2,9.1
ATT005780,EMP0482,2025-08-01 00:00:00,22,20,0,2,13.8
ATT005781,EMP0482,2025-09-01 00:00:00,21,21,0,0,1.7
ATT005782,EMP0482,2025-10-01 00:00:00,21,19,1,1,6.7
ATT005783,EMP0482,2025-11-01 00:00:00,23,20,0,3,4.5
ATT005784,EMP0482,2025-12-01 00:00:00,20,16,2,2,21.2
ATT005785,EMP0483,2025-01-01 00:00:00,22,21,0,1,2
ATT005786,EMP0483,2025-02-01 00:00:00,22,21,0,1,12
ATT005787,EMP0483,2025-03-01 00:00:00,21,18,0,3,12.3
ATT005788,EMP0483,2025-04-01 00:00:00,22,21,0,1,14.6
ATT005789,EMP0483,2025-05-01 00:00:00,21,20,0,1,20.7
ATT005790,EMP0483,2025-06-01 00:00:00,22,21,1,0,8.1
ATT005791,EMP0483,2025-07-01 00:00:00,21,18,2,1,11.8
ATT005792,EMP0483,2025-08-01 00:00:00,20,18,0,2,11.9
ATT005793,EMP0483,2025-09-01 00:00:00,23,21,0,2,8.7
ATT005794,EMP0483,2025-10-01 00:00:00,20,18,0,2,5.4
ATT005795,EMP0483,2025-11-01 00:00:00,22,21,1,0,10.9
ATT005796,EMP0483,2025-12-01 00:00:00,22,21,0,1,4.3
ATT005797,EMP0484,2025-01-01 00:00:00,23,21,0,2,8
ATT005798,EMP0484,2025-02-01 00:00:00,20,19,0,1,4.9
ATT005799,EMP0484,2025-03-01 00:00:00,21,17,1,3,0
ATT005800,EMP0484,2025-04-01 00:00:00,23,19,1,3,14.5
ATT005801,EMP0484,2025-05-01 00:00:00,22,19,1,2,0
ATT005802,EMP0484,2025-06-01 00:00:00,21,20,0,1,7.9
ATT005803,EMP0484,2025-07-01 00:00:00,23,21,1,1,0
ATT005804,EMP0484,2025-08-01 00:00:00,22,18,2,2,18.7
ATT005805,EMP0484,2025-09-01 00:00:00,20,17,2,1,0
ATT005806,EMP0484,2025-10-01 00:00:00,21,17,2,2,15.6
ATT005807,EMP0484,2025-11-01 00:00:00,22,20,0,2,15.8
ATT005808,EMP0484,2025-12-01 00:00:00,22,20,2,0,13.8
ATT005809,EMP0485,2025-01-01 00:00:00,23,21,1,1,1.8
ATT005810,EMP0485,2025-02-01 00:00:00,22,21,0,1,10.7
ATT005811,EMP0485,2025-03-01 00:00:00,20,14,2,4,5.9
ATT005812,EMP0485,2025-04-01 00:00:00,22,22,0,0,14
ATT005813,EMP0485,2025-05-01 00:00:00,22,20,2,0,12.9
ATT005814,EMP0485,2025-06-01 00:00:00,21,20,0,1,8.5
ATT005815,EMP0485,2025-07-01 00:00:00,22,20,1,1,8.9
ATT005816,EMP0485,2025-08-01 00:00:00,22,18,1,3,0
ATT005817,EMP0485,2025-09-01 00:00:00,20,15,2,3,2
ATT005818,EMP0485,2025-10-01 00:00:00,23,19,2,2,8.5
ATT005819,EMP0485,2025-11-01 00:00:00,21,18,1,2,0.2
ATT005820,EMP0485,2025-12-01 00:00:00,20,19,0,1,16.1
ATT005821,EMP0486,2025-01-01 00:00:00,22,19,0,3,10.8
ATT005822,EMP0486,2025-02-01 00:00:00,20,18,1,1,10.6
ATT005823,EMP0486,2025-03-01 00:00:00,22,21,0,1,3.3
ATT005824,EMP0486,2025-04-01 00:00:00,22,16,3,3,3.7
ATT005825,EMP0486,2025-05-01 00:00:00,23,21,1,1,8.6
ATT005826,EMP0486,2025-06-01 00:00:00,21,19,1,1,1.9
ATT005827,EMP0486,2025-07-01 00:00:00,23,21,1,1,4.9
ATT005828,EMP0486,2025-08-01 00:00:00,21,17,1,3,12.3
ATT005829,EMP0486,2025-09-01 00:00:00,22,21,0,1,9.7
ATT005830,EMP0486,2025-10-01 00:00:00,22,20,1,1,1.8
ATT005831,EMP0486,2025-11-01 00:00:00,20,15,3,2,13.5
ATT005832,EMP0486,2025-12-01 00:00:00,22,17,3,2,1.1
ATT005833,EMP0487,2025-01-01 00:00:00,21,21,0,0,15.6
ATT005834,EMP0487,2025-02-01 00:00:00,22,21,1,0,3.7
ATT005835,EMP0487,2025-03-01 00:00:00,22,22,0,0,6.1
ATT005836,EMP0487,2025-04-01 00:00:00,21,19,0,2,13.9
ATT005837,EMP0487,2025-05-01 00:00:00,22,22,0,0,14.3
ATT005838,EMP0487,2025-06-01 00:00:00,22,20,0,2,9
ATT005839,EMP0487,2025-07-01 00:00:00,21,19,0,2,0
ATT005840,EMP0487,2025-08-01 00:00:00,22,21,0,1,10.6
ATT005841,EMP0487,2025-09-01 00:00:00,22,20,0,2,19.6
ATT005842,EMP0487,2025-10-01 00:00:00,23,18,1,4,11
ATT005843,EMP0487,2025-11-01 00:00:00,22,21,0,1,15.3
ATT005844,EMP0487,2025-12-01 00:00:00,22,19,1,2,8.9
ATT005845,EMP0488,2025-01-01 00:00:00,23,21,1,1,14.5
ATT005846,EMP0488,2025-02-01 00:00:00,21,21,0,0,4
ATT005847,EMP0488,2025-03-01 00:00:00,21,18,3,0,5.6
ATT005848,EMP0488,2025-04-01 00:00:00,21,19,1,1,9.8
ATT005849,EMP0488,2025-05-01 00:00:00,21,20,0,1,14.8
ATT005850,EMP0488,2025-06-01 00:00:00,22,20,0,2,5.4
ATT005851,EMP0488,2025-07-01 00:00:00,23,19,1,3,20.8
ATT005852,EMP0488,2025-08-01 00:00:00,22,18,1,3,3.2
ATT005853,EMP0488,2025-09-01 00:00:00,22,19,0,3,1.9
ATT005854,EMP0488,2025-10-01 00:00:00,22,22,0,0,13.2
ATT005855,EMP0488,2025-11-01 00:00:00,22,18,0,4,10.2
ATT005856,EMP0488,2025-12-01 00:00:00,22,17,2,3,0
ATT005857,EMP0489,2025-01-01 00:00:00,22,17,1,4,3.8
ATT005858,EMP0489,2025-02-01 00:00:00,23,19,0,4,8.2
ATT005859,EMP0489,2025-03-01 00:00:00,21,18,2,1,11.1
ATT005860,EMP0489,2025-04-01 00:00:00,23,22,0,1,20.1
ATT005861,EMP0489,2025-05-01 00:00:00,23,21,0,2,9.2
ATT005862,EMP0489,2025-06-01 00:00:00,23,20,1,2,3.8
ATT005863,EMP0489,2025-07-01 00:00:00,21,18,2,1,11.9
ATT005864,EMP0489,2025-08-01 00:00:00,21,19,0,2,15
ATT005865,EMP0489,2025-09-01 00:00:00,22,19,3,0,8.4
ATT005866,EMP0489,2025-10-01 00:00:00,22,20,2,0,12.3
ATT005867,EMP0489,2025-11-01 00:00:00,23,22,0,1,0
ATT005868,EMP0489,2025-12-01 00:00:00,21,19,0,2,14.2
ATT005869,EMP0490,2025-01-01 00:00:00,22,20,1,1,13.6
ATT005870,EMP0490,2025-02-01 00:00:00,21,20,0,1,2.6
ATT005871,EMP0490,2025-03-01 00:00:00,22,22,0,0,19.7
ATT005872,EMP0490,2025-04-01 00:00:00,23,20,0,3,6
ATT005873,EMP0490,2025-05-01 00:00:00,21,18,1,2,11.3
ATT005874,EMP0490,2025-06-01 00:00:00,20,19,0,1,0
ATT005875,EMP0490,2025-07-01 00:00:00,22,20,1,1,0.5
ATT005876,EMP0490,2025-08-01 00:00:00,23,20,1,2,9.7
ATT005877,EMP0490,2025-09-01 00:00:00,22,20,0,2,9.2
ATT005878,EMP0490,2025-10-01 00:00:00,22,16,2,4,6
ATT005879,EMP0490,2025-11-01 00:00:00,22,16,2,4,14.6
ATT005880,EMP0490,2025-12-01 00:00:00,21,17,0,4,6.9
ATT005881,EMP0491,2025-01-01 00:00:00,22,20,1,1,10.9
ATT005882,EMP0491,2025-02-01 00:00:00,23,23,0,0,0
ATT005883,EMP0491,2025-03-01 00:00:00,20,17,3,0,11.6
ATT005884,EMP0491,2025-04-01 00:00:00,22,20,1,1,8.1
ATT005885,EMP0491,2025-05-01 00:00:00,22,16,3,3,13.9
ATT005886,EMP0491,2025-06-01 00:00:00,22,20,2,0,6.7
ATT005887,EMP0491,2025-07-01 00:00:00,22,19,1,2,11.5
ATT005888,EMP0491,2025-08-01 00:00:00,23,22,1,0,6.4
ATT005889,EMP0491,2025-09-01 00:00:00,21,20,1,0,11.7
ATT005890,EMP0491,2025-10-01 00:00:00,21,18,1,2,11.5
ATT005891,EMP0491,2025-11-01 00:00:00,23,22,0,1,0
ATT005892,EMP0491,2025-12-01 00:00:00,21,18,2,1,8.7
ATT005893,EMP0492,2025-01-01 00:00:00,20,16,2,2,6.3
ATT005894,EMP0492,2025-02-01 00:00:00,20,18,0,2,3.8
ATT005895,EMP0492,2025-03-01 00:00:00,22,17,0,5,0
ATT005896,EMP0492,2025-04-01 00:00:00,22,17,3,2,15.3
ATT005897,EMP0492,2025-05-01 00:00:00,21,16,2,3,0
ATT005898,EMP0492,2025-06-01 00:00:00,20,18,0,2,2.4
ATT005899,EMP0492,2025-07-01 00:00:00,21,19,0,2,0
ATT005900,EMP0492,2025-08-01 00:00:00,22,19,2,1,14.8
ATT005901,EMP0492,2025-09-01 00:00:00,21,20,0,1,0
ATT005902,EMP0492,2025-10-01 00:00:00,22,22,0,0,5.6
ATT005903,EMP0492,2025-11-01 00:00:00,21,17,2,2,2.5
ATT005904,EMP0492,2025-12-01 00:00:00,22,17,2,3,0
ATT005905,EMP0493,2025-01-01 00:00:00,22,21,1,0,9
ATT005906,EMP0493,2025-02-01 00:00:00,22,16,3,3,10
ATT005907,EMP0493,2025-03-01 00:00:00,22,20,0,2,13.2
ATT005908,EMP0493,2025-04-01 00:00:00,22,22,0,0,16.8
ATT005909,EMP0493,2025-05-01 00:00:00,21,21,0,0,14.7
ATT005910,EMP0493,2025-06-01 00:00:00,22,18,2,2,4.7
ATT005911,EMP0493,2025-07-01 00:00:00,21,20,0,1,13.4
ATT005912,EMP0493,2025-08-01 00:00:00,20,15,2,3,7
ATT005913,EMP0493,2025-09-01 00:00:00,22,20,0,2,14
ATT005914,EMP0493,2025-10-01 00:00:00,20,19,0,1,9.9
ATT005915,EMP0493,2025-11-01 00:00:00,21,20,0,1,5.6
ATT005916,EMP0493,2025-12-01 00:00:00,22,21,1,0,14.8
ATT005917,EMP0494,2025-01-01 00:00:00,22,21,0,1,13.7
ATT005918,EMP0494,2025-02-01 00:00:00,21,20,0,1,0
ATT005919,EMP0494,2025-03-01 00:00:00,20,16,0,4,4.2
ATT005920,EMP0494,2025-04-01 00:00:00,20,18,2,0,7.3
ATT005921,EMP0494,2025-05-01 00:00:00,21,18,0,3,17.1
ATT005922,EMP0494,2025-06-01 00:00:00,23,21,1,1,2.9
ATT005923,EMP0494,2025-07-01 00:00:00,23,17,3,3,19.9
ATT005924,EMP0494,2025-08-01 00:00:00,22,22,0,0,11
ATT005925,EMP0494,2025-09-01 00:00:00,21,19,0,2,5.2
ATT005926,EMP0494,2025-10-01 00:00:00,21,19,0,2,0
ATT005927,EMP0494,2025-11-01 00:00:00,22,21,1,0,15.6
ATT005928,EMP0494,2025-12-01 00:00:00,21,16,2,3,11.8
ATT005929,EMP0495,2025-01-01 00:00:00,22,19,2,1,9
ATT005930,EMP0495,2025-02-01 00:00:00,22,20,1,1,1.2
ATT005931,EMP0495,2025-03-01 00:00:00,23,17,2,4,1.9
ATT005932,EMP0495,2025-04-01 00:00:00,21,18,3,0,8
ATT005933,EMP0495,2025-05-01 00:00:00,23,22,0,1,4.7
ATT005934,EMP0495,2025-06-01 00:00:00,20,19,0,1,11.4
ATT005935,EMP0495,2025-07-01 00:00:00,21,18,0,3,8.1
ATT005936,EMP0495,2025-08-01 00:00:00,22,20,2,0,3.8
ATT005937,EMP0495,2025-09-01 00:00:00,21,20,0,1,3.4
ATT005938,EMP0495,2025-10-01 00:00:00,23,23,0,0,6.6
ATT005939,EMP0495,2025-11-01 00:00:00,22,21,1,0,2.9
ATT005940,EMP0495,2025-12-01 00:00:00,22,22,0,0,0.6
ATT005941,EMP0496,2025-01-01 00:00:00,22,21,1,0,4.9
ATT005942,EMP0496,2025-02-01 00:00:00,21,20,1,0,7.4
ATT005943,EMP0496,2025-03-01 00:00:00,22,21,0,1,8.2
ATT005944,EMP0496,2025-04-01 00:00:00,23,22,0,1,7.2
ATT005945,EMP0496,2025-05-01 00:00:00,22,19,1,2,18
ATT005946,EMP0496,2025-06-01 00:00:00,21,19,2,0,17.4
ATT005947,EMP0496,2025-07-01 00:00:00,22,19,0,3,4
ATT005948,EMP0496,2025-08-01 00:00:00,22,17,1,4,0
ATT005949,EMP0496,2025-09-01 00:00:00,21,19,0,2,10.6
ATT005950,EMP0496,2025-10-01 00:00:00,22,20,0,2,15
ATT005951,EMP0496,2025-11-01 00:00:00,20,16,2,2,1
ATT005952,EMP0496,2025-12-01 00:00:00,22,21,0,1,1
ATT005953,EMP0497,2025-01-01 00:00:00,21,18,1,2,16.3
ATT005954,EMP0497,2025-02-01 00:00:00,21,19,0,2,0.8
ATT005955,EMP0497,2025-03-01 00:00:00,23,21,0,2,3.9
ATT005956,EMP0497,2025-04-01 00:00:00,22,21,0,1,15.6
ATT005957,EMP0497,2025-05-01 00:00:00,21,20,0,1,3.7
ATT005958,EMP0497,2025-06-01 00:00:00,21,20,0,1,6.6
ATT005959,EMP0497,2025-07-01 00:00:00,21,20,1,0,9.7
ATT005960,EMP0497,2025-08-01 00:00:00,21,20,0,1,10.6
ATT005961,EMP0497,2025-09-01 00:00:00,21,16,2,3,2.1
ATT005962,EMP0497,2025-10-01 00:00:00,22,17,3,2,7.9
ATT005963,EMP0497,2025-11-01 00:00:00,21,20,1,0,2.9
ATT005964,EMP0497,2025-12-01 00:00:00,22,17,2,3,4.1
ATT005965,EMP0498,2025-01-01 00:00:00,21,19,0,2,9.9
ATT005966,EMP0498,2025-02-01 00:00:00,23,22,1,0,6.7
ATT005967,EMP0498,2025-03-01 00:00:00,23,21,0,2,8.5
ATT005968,EMP0498,2025-04-01 00:00:00,22,18,0,4,2.7
ATT005969,EMP0498,2025-05-01 00:00:00,23,19,2,2,6.3
ATT005970,EMP0498,2025-06-01 00:00:00,21,20,1,0,17.8
ATT005971,EMP0498,2025-07-01 00:00:00,21,19,0,2,3.8
ATT005972,EMP0498,2025-08-01 00:00:00,23,17,2,4,6.4
ATT005973,EMP0498,2025-09-01 00:00:00,22,17,1,4,13.2
ATT005974,EMP0498,2025-10-01 00:00:00,22,21,0,1,0
ATT005975,EMP0498,2025-11-01 00:00:00,21,14,2,5,14
ATT005976,EMP0498,2025-12-01 00:00:00,23,22,1,0,2.7
ATT005977,EMP0499,2025-01-01 00:00:00,22,20,1,1,7.9
ATT005978,EMP0499,2025-02-01 00:00:00,21,17,0,4,15.6
ATT005979,EMP0499,2025-03-01 00:00:00,21,19,0,2,5.7
ATT005980,EMP0499,2025-04-01 00:00:00,21,18,1,2,11
ATT005981,EMP0499,2025-05-01 00:00:00,21,18,1,2,5.3
ATT005982,EMP0499,2025-06-01 00:00:00,23,20,0,3,11.9
ATT005983,EMP0499,2025-07-01 00:00:00,21,19,0,2,9.2
ATT005984,EMP0499,2025-08-01 00:00:00,22,15,2,5,0
ATT005985,EMP0499,2025-09-01 00:00:00,22,21,0,1,7.1
ATT005986,EMP0499,2025-10-01 00:00:00,22,20,1,1,2.6
ATT005987,EMP0499,2025-11-01 00:00:00,21,21,0,0,10.6
ATT005988,EMP0499,2025-12-01 00:00:00,21,18,2,1,21.1
ATT005989,EMP0500,2025-01-01 00:00:00,22,18,1,3,3.6
ATT005990,EMP0500,2025-02-01 00:00:00,22,20,0,2,11.6
ATT005991,EMP0500,2025-03-01 00:00:00,21,20,1,0,10.8
ATT005992,EMP0500,2025-04-01 00:00:00,21,17,0,4,0
ATT005993,EMP0500,2025-05-01 00:00:00,22,19,0,3,5.7
ATT005994,EMP0500,2025-06-01 00:00:00,23,20,0,3,9.1
ATT005995,EMP0500,2025-07-01 00:00:00,22,20,0,2,15.7
ATT005996,EMP0500,2025-08-01 00:00:00,23,19,2,2,10
ATT005997,EMP0500,2025-09-01 00:00:00,23,20,0,3,6.4
ATT005998,EMP0500,2025-10-01 00:00:00,23,22,1,0,6.4
ATT005999,EMP0500,2025-11-01 00:00:00,22,22,0,0,13.2
ATT006000,EMP0500,2025-12-01 00:00:00,21,19,0,2,12.9
ATT006001,EMP0501,2025-01-01 00:00:00,21,17,3,1,11.3
ATT006002,EMP0501,2025-02-01 00:00:00,22,20,0,2,10.7
ATT006003,EMP0501,2025-03-01 00:00:00,21,19,0,2,5.4
ATT006004,EMP0501,2025-04-01 00:00:00,21,19,0,2,8.6
ATT006005,EMP0501,2025-05-01 00:00:00,22,21,0,1,8.4
ATT006006,EMP0501,2025-06-01 00:00:00,22,21,1,0,3.2
ATT006007,EMP0501,2025-07-01 00:00:00,22,19,2,1,9.2
ATT006008,EMP0501,2025-08-01 00:00:00,22,21,1,0,13.5
ATT006009,EMP0501,2025-09-01 00:00:00,22,18,1,3,5
ATT006010,EMP0501,2025-10-01 00:00:00,21,20,0,1,8.2
ATT006011,EMP0501,2025-11-01 00:00:00,22,19,1,2,12.8
ATT006012,EMP0501,2025-12-01 00:00:00,23,21,1,1,5.8
ATT006013,EMP0502,2025-01-01 00:00:00,21,20,1,0,8
ATT006014,EMP0502,2025-02-01 00:00:00,22,21,0,1,10.2
ATT006015,EMP0502,2025-03-01 00:00:00,23,20,0,3,6.2
ATT006016,EMP0502,2025-04-01 00:00:00,21,20,0,1,17.4
ATT006017,EMP0502,2025-05-01 00:00:00,20,17,1,2,16.6
ATT006018,EMP0502,2025-06-01 00:00:00,22,20,0,2,12.8
ATT006019,EMP0502,2025-07-01 00:00:00,22,20,0,2,5.6
ATT006020,EMP0502,2025-08-01 00:00:00,21,18,1,2,6.9
ATT006021,EMP0502,2025-09-01 00:00:00,22,22,0,0,20.2
ATT006022,EMP0502,2025-10-01 00:00:00,22,22,0,0,0
ATT006023,EMP0502,2025-11-01 00:00:00,22,20,0,2,2.3
ATT006024,EMP0502,2025-12-01 00:00:00,21,21,0,0,0
ATT006025,EMP0503,2025-01-01 00:00:00,21,18,1,2,5.3
ATT006026,EMP0503,2025-02-01 00:00:00,22,19,1,2,1.3
ATT006027,EMP0503,2025-03-01 00:00:00,22,20,0,2,13.3
ATT006028,EMP0503,2025-04-01 00:00:00,21,20,1,0,6.8
ATT006029,EMP0503,2025-05-01 00:00:00,20,18,2,0,7.2
ATT006030,EMP0503,2025-06-01 00:00:00,21,19,1,1,15.2
ATT006031,EMP0503,2025-07-01 00:00:00,22,19,1,2,10.3
ATT006032,EMP0503,2025-08-01 00:00:00,21,16,1,4,0
ATT006033,EMP0503,2025-09-01 00:00:00,21,20,1,0,4
ATT006034,EMP0503,2025-10-01 00:00:00,21,20,1,0,8.6
ATT006035,EMP0503,2025-11-01 00:00:00,20,20,0,0,18.3
ATT006036,EMP0503,2025-12-01 00:00:00,22,20,1,1,12.1
ATT006037,EMP0504,2025-01-01 00:00:00,23,20,2,1,5
ATT006038,EMP0504,2025-02-01 00:00:00,23,19,1,3,9.3
ATT006039,EMP0504,2025-03-01 00:00:00,23,23,0,0,10.7
ATT006040,EMP0504,2025-04-01 00:00:00,20,19,0,1,8.2
ATT006041,EMP0504,2025-05-01 00:00:00,22,22,0,0,4
ATT006042,EMP0504,2025-06-01 00:00:00,23,20,0,3,4.2
ATT006043,EMP0504,2025-07-01 00:00:00,23,22,1,0,7.4
ATT006044,EMP0504,2025-08-01 00:00:00,21,16,3,2,2.2
ATT006045,EMP0504,2025-09-01 00:00:00,21,20,1,0,0
ATT006046,EMP0504,2025-10-01 00:00:00,23,21,1,1,7.1
ATT006047,EMP0504,2025-11-01 00:00:00,22,17,1,4,20.9
ATT006048,EMP0504,2025-12-01 00:00:00,22,20,0,2,2.5
ATT006049,EMP0505,2025-01-01 00:00:00,21,21,0,0,18.6
ATT006050,EMP0505,2025-02-01 00:00:00,21,17,1,3,0.8
ATT006051,EMP0505,2025-03-01 00:00:00,23,23,0,0,3.7
ATT006052,EMP0505,2025-04-01 00:00:00,22,22,0,0,9.8
ATT006053,EMP0505,2025-05-01 00:00:00,21,21,0,0,0
ATT006054,EMP0505,2025-06-01 00:00:00,22,21,1,0,2.2
ATT006055,EMP0505,2025-07-01 00:00:00,22,20,1,1,16.6
ATT006056,EMP0505,2025-08-01 00:00:00,21,19,1,1,0
ATT006057,EMP0505,2025-09-01 00:00:00,21,18,0,3,4.6
ATT006058,EMP0505,2025-10-01 00:00:00,22,21,0,1,2.7
ATT006059,EMP0505,2025-11-01 00:00:00,21,19,1,1,8
ATT006060,EMP0505,2025-12-01 00:00:00,22,21,0,1,6.5
ATT006061,EMP0506,2025-01-01 00:00:00,21,17,1,3,11.3
ATT006062,EMP0506,2025-02-01 00:00:00,20,17,1,2,14.2
ATT006063,EMP0506,2025-03-01 00:00:00,23,21,1,1,6.6
ATT006064,EMP0506,2025-04-01 00:00:00,21,17,0,4,0.5
ATT006065,EMP0506,2025-05-01 00:00:00,22,17,3,2,12.1
ATT006066,EMP0506,2025-06-01 00:00:00,20,19,1,0,11.3
ATT006067,EMP0506,2025-07-01 00:00:00,22,21,1,0,7
ATT006068,EMP0506,2025-08-01 00:00:00,22,18,2,2,9.7
ATT006069,EMP0506,2025-09-01 00:00:00,21,21,0,0,2.5
ATT006070,EMP0506,2025-10-01 00:00:00,22,19,2,1,0
ATT006071,EMP0506,2025-11-01 00:00:00,21,21,0,0,9.9
ATT006072,EMP0506,2025-12-01 00:00:00,20,17,1,2,6.2
ATT006073,EMP0507,2025-01-01 00:00:00,21,20,0,1,10.1
ATT006074,EMP0507,2025-02-01 00:00:00,22,19,1,2,0
ATT006075,EMP0507,2025-03-01 00:00:00,22,18,1,3,2.4
ATT006076,EMP0507,2025-04-01 00:00:00,21,19,0,2,8.1
ATT006077,EMP0507,2025-05-01 00:00:00,21,19,0,2,16
ATT006078,EMP0507,2025-06-01 00:00:00,22,19,2,1,3.6
ATT006079,EMP0507,2025-07-01 00:00:00,21,19,0,2,0
ATT006080,EMP0507,2025-08-01 00:00:00,21,19,0,2,1.2
ATT006081,EMP0507,2025-09-01 00:00:00,21,19,0,2,16.5
ATT006082,EMP0507,2025-10-01 00:00:00,21,20,0,1,4.1
ATT006083,EMP0507,2025-11-01 00:00:00,22,20,1,1,8.7
ATT006084,EMP0507,2025-12-01 00:00:00,23,22,1,0,3.5
ATT006085,EMP0508,2025-01-01 00:00:00,22,18,2,2,0
ATT006086,EMP0508,2025-02-01 00:00:00,23,23,0,0,0
ATT006087,EMP0508,2025-03-01 00:00:00,23,20,2,1,5.7
ATT006088,EMP0508,2025-04-01 00:00:00,21,19,0,2,17.9
ATT006089,EMP0508,2025-05-01 00:00:00,21,19,1,1,12.5
ATT006090,EMP0508,2025-06-01 00:00:00,23,18,0,5,1.5
ATT006091,EMP0508,2025-07-01 00:00:00,22,21,0,1,5.9
ATT006092,EMP0508,2025-08-01 00:00:00,21,19,0,2,15.6
ATT006093,EMP0508,2025-09-01 00:00:00,21,16,2,3,8.8
ATT006094,EMP0508,2025-10-01 00:00:00,21,21,0,0,3.5
ATT006095,EMP0508,2025-11-01 00:00:00,23,19,1,3,4.3
ATT006096,EMP0508,2025-12-01 00:00:00,23,21,1,1,4.4
ATT006097,EMP0509,2025-01-01 00:00:00,21,19,1,1,7.2
ATT006098,EMP0509,2025-02-01 00:00:00,22,20,1,1,9.6
ATT006099,EMP0509,2025-03-01 00:00:00,21,19,0,2,7.1
ATT006100,EMP0509,2025-04-01 00:00:00,22,20,1,1,4.1
ATT006101,EMP0509,2025-05-01 00:00:00,22,18,3,1,5.3
ATT006102,EMP0509,2025-06-01 00:00:00,23,19,0,4,1.1
ATT006103,EMP0509,2025-07-01 00:00:00,20,19,1,0,14.2
ATT006104,EMP0509,2025-08-01 00:00:00,22,21,1,0,5
ATT006105,EMP0509,2025-09-01 00:00:00,23,23,0,0,5.1
ATT006106,EMP0509,2025-10-01 00:00:00,22,21,1,0,16.1
ATT006107,EMP0509,2025-11-01 00:00:00,22,16,1,5,11.7
ATT006108,EMP0509,2025-12-01 00:00:00,20,16,0,4,17.4
ATT006109,EMP0510,2025-01-01 00:00:00,22,22,0,0,22.2
ATT006110,EMP0510,2025-02-01 00:00:00,22,18,2,2,18.2
ATT006111,EMP0510,2025-03-01 00:00:00,23,22,1,0,7
ATT006112,EMP0510,2025-04-01 00:00:00,22,20,1,1,5.3
ATT006113,EMP0510,2025-05-01 00:00:00,22,21,0,1,0
ATT006114,EMP0510,2025-06-01 00:00:00,22,17,3,2,0
ATT006115,EMP0510,2025-07-01 00:00:00,23,22,0,1,8.1
ATT006116,EMP0510,2025-08-01 00:00:00,21,20,1,0,12.9
ATT006117,EMP0510,2025-09-01 00:00:00,22,21,1,0,10.1
ATT006118,EMP0510,2025-10-01 00:00:00,22,19,2,1,2.9
ATT006119,EMP0510,2025-11-01 00:00:00,23,18,0,5,11.4
ATT006120,EMP0510,2025-12-01 00:00:00,22,19,1,2,9.9
ATT006121,EMP0511,2025-01-01 00:00:00,23,23,0,0,18.2
ATT006122,EMP0511,2025-02-01 00:00:00,23,22,0,1,4.6
ATT006123,EMP0511,2025-03-01 00:00:00,20,17,1,2,9.1
ATT006124,EMP0511,2025-04-01 00:00:00,22,18,1,3,9.1
ATT006125,EMP0511,2025-05-01 00:00:00,22,22,0,0,19.8
ATT006126,EMP0511,2025-06-01 00:00:00,23,23,0,0,0
ATT006127,EMP0511,2025-07-01 00:00:00,22,21,0,1,8.1
ATT006128,EMP0511,2025-08-01 00:00:00,22,18,1,3,15.1
ATT006129,EMP0511,2025-09-01 00:00:00,21,17,1,3,8.3
ATT006130,EMP0511,2025-10-01 00:00:00,20,17,1,2,14.6
ATT006131,EMP0511,2025-11-01 00:00:00,23,21,1,1,7.4
ATT006132,EMP0511,2025-12-01 00:00:00,22,20,1,1,13.4
ATT006133,EMP0512,2025-01-01 00:00:00,21,21,0,0,5.6
ATT006134,EMP0512,2025-02-01 00:00:00,22,17,2,3,1.5
ATT006135,EMP0512,2025-03-01 00:00:00,22,20,1,1,18.1
ATT006136,EMP0512,2025-04-01 00:00:00,21,20,0,1,6.2
ATT006137,EMP0512,2025-05-01 00:00:00,22,17,2,3,0.9
ATT006138,EMP0512,2025-06-01 00:00:00,20,16,0,4,1
ATT006139,EMP0512,2025-07-01 00:00:00,22,20,1,1,16.2
ATT006140,EMP0512,2025-08-01 00:00:00,22,21,0,1,6.6
ATT006141,EMP0512,2025-09-01 00:00:00,22,22,0,0,3
ATT006142,EMP0512,2025-10-01 00:00:00,22,18,2,2,8.2
ATT006143,EMP0512,2025-11-01 00:00:00,23,22,0,1,6.5
ATT006144,EMP0512,2025-12-01 00:00:00,22,21,1,0,1.2
ATT006145,EMP0513,2025-01-01 00:00:00,20,16,2,2,4.7
ATT006146,EMP0513,2025-02-01 00:00:00,21,14,2,5,4
ATT006147,EMP0513,2025-03-01 00:00:00,21,19,0,2,9.3
ATT006148,EMP0513,2025-04-01 00:00:00,21,19,1,1,16.2
ATT006149,EMP0513,2025-05-01 00:00:00,22,20,1,1,1.4
ATT006150,EMP0513,2025-06-01 00:00:00,23,20,1,2,4.8
ATT006151,EMP0513,2025-07-01 00:00:00,23,22,0,1,0.2
ATT006152,EMP0513,2025-08-01 00:00:00,21,20,0,1,2.5
ATT006153,EMP0513,2025-09-01 00:00:00,23,20,1,2,5.2
ATT006154,EMP0513,2025-10-01 00:00:00,22,19,1,2,2.4
ATT006155,EMP0513,2025-11-01 00:00:00,21,20,0,1,2.7
ATT006156,EMP0513,2025-12-01 00:00:00,22,20,0,2,17.2
ATT006157,EMP0514,2025-01-01 00:00:00,21,20,0,1,5.9
ATT006158,EMP0514,2025-02-01 00:00:00,22,21,1,0,4.9
ATT006159,EMP0514,2025-03-01 00:00:00,21,17,1,3,5.3
ATT006160,EMP0514,2025-04-01 00:00:00,23,23,0,0,16.5
ATT006161,EMP0514,2025-05-01 00:00:00,22,21,1,0,10.1
ATT006162,EMP0514,2025-06-01 00:00:00,23,21,1,1,10
ATT006163,EMP0514,2025-07-01 00:00:00,20,16,3,1,2.5
ATT006164,EMP0514,2025-08-01 00:00:00,22,22,0,0,10.8
ATT006165,EMP0514,2025-09-01 00:00:00,22,18,2,2,0.6
ATT006166,EMP0514,2025-10-01 00:00:00,22,21,1,0,8.3
ATT006167,EMP0514,2025-11-01 00:00:00,23,18,0,5,3
ATT006168,EMP0514,2025-12-01 00:00:00,21,18,1,2,7.7
ATT006169,EMP0515,2025-01-01 00:00:00,21,21,0,0,10.4
ATT006170,EMP0515,2025-02-01 00:00:00,22,18,0,4,14.6
ATT006171,EMP0515,2025-03-01 00:00:00,21,19,0,2,16.1
ATT006172,EMP0515,2025-04-01 00:00:00,21,20,0,1,7.1
ATT006173,EMP0515,2025-05-01 00:00:00,23,20,2,1,7.4
ATT006174,EMP0515,2025-06-01 00:00:00,23,23,0,0,4.7
ATT006175,EMP0515,2025-07-01 00:00:00,21,21,0,0,15.8
ATT006176,EMP0515,2025-08-01 00:00:00,22,21,0,1,11.9
ATT006177,EMP0515,2025-09-01 00:00:00,21,19,0,2,3.7
ATT006178,EMP0515,2025-10-01 00:00:00,23,19,2,2,7.7
ATT006179,EMP0515,2025-11-01 00:00:00,22,21,0,1,16
ATT006180,EMP0515,2025-12-01 00:00:00,22,19,3,0,13.1
ATT006181,EMP0516,2025-01-01 00:00:00,21,19,0,2,2
ATT006182,EMP0516,2025-02-01 00:00:00,21,18,2,1,9.5
ATT006183,EMP0516,2025-03-01 00:00:00,23,19,0,4,23.7
ATT006184,EMP0516,2025-04-01 00:00:00,22,19,2,1,19.6
ATT006185,EMP0516,2025-05-01 00:00:00,22,22,0,0,3.1
ATT006186,EMP0516,2025-06-01 00:00:00,22,17,1,4,10.1
ATT006187,EMP0516,2025-07-01 00:00:00,23,21,2,0,7.6
ATT006188,EMP0516,2025-08-01 00:00:00,21,18,2,1,8.9
ATT006189,EMP0516,2025-09-01 00:00:00,22,20,1,1,0.1
ATT006190,EMP0516,2025-10-01 00:00:00,22,18,3,1,9.1
ATT006191,EMP0516,2025-11-01 00:00:00,22,21,0,1,14.2
ATT006192,EMP0516,2025-12-01 00:00:00,23,20,1,2,11.6
ATT006193,EMP0517,2025-01-01 00:00:00,22,22,0,0,16.9
ATT006194,EMP0517,2025-02-01 00:00:00,22,17,0,5,14.7
ATT006195,EMP0517,2025-03-01 00:00:00,21,18,3,0,2.8
ATT006196,EMP0517,2025-04-01 00:00:00,22,19,3,0,15.6
ATT006197,EMP0517,2025-05-01 00:00:00,23,18,1,4,6.1
ATT006198,EMP0517,2025-06-01 00:00:00,23,22,1,0,14.5
ATT006199,EMP0517,2025-07-01 00:00:00,21,18,1,2,17.6
ATT006200,EMP0517,2025-08-01 00:00:00,21,18,0,3,5.7
ATT006201,EMP0517,2025-09-01 00:00:00,22,21,0,1,8.8
ATT006202,EMP0517,2025-10-01 00:00:00,22,21,1,0,8.9
ATT006203,EMP0517,2025-11-01 00:00:00,22,17,2,3,6.1
ATT006204,EMP0517,2025-12-01 00:00:00,22,19,2,1,8.9
ATT006205,EMP0518,2025-01-01 00:00:00,20,16,0,4,14.6
ATT006206,EMP0518,2025-02-01 00:00:00,22,22,0,0,12.7
ATT006207,EMP0518,2025-03-01 00:00:00,22,21,0,1,8.3
ATT006208,EMP0518,2025-04-01 00:00:00,22,22,0,0,2
ATT006209,EMP0518,2025-05-01 00:00:00,22,19,0,3,15
ATT006210,EMP0518,2025-06-01 00:00:00,20,18,1,1,13.6
ATT006211,EMP0518,2025-07-01 00:00:00,22,21,0,1,9.7
ATT006212,EMP0518,2025-08-01 00:00:00,23,21,1,1,11.5
ATT006213,EMP0518,2025-09-01 00:00:00,23,18,0,5,10.7
ATT006214,EMP0518,2025-10-01 00:00:00,22,18,3,1,12
ATT006215,EMP0518,2025-11-01 00:00:00,23,20,2,1,0
ATT006216,EMP0518,2025-12-01 00:00:00,22,21,0,1,16.3
ATT006217,EMP0519,2025-01-01 00:00:00,22,20,1,1,14.9
ATT006218,EMP0519,2025-02-01 00:00:00,20,17,2,1,8.5
ATT006219,EMP0519,2025-03-01 00:00:00,22,19,1,2,23.1
ATT006220,EMP0519,2025-04-01 00:00:00,21,17,1,3,16.3
ATT006221,EMP0519,2025-05-01 00:00:00,21,21,0,0,6.2
ATT006222,EMP0519,2025-06-01 00:00:00,22,16,2,4,20.5
ATT006223,EMP0519,2025-07-01 00:00:00,21,19,2,0,10.4
ATT006224,EMP0519,2025-08-01 00:00:00,21,21,0,0,14.6
ATT006225,EMP0519,2025-09-01 00:00:00,21,15,1,5,9.4
ATT006226,EMP0519,2025-10-01 00:00:00,21,21,0,0,5.5
ATT006227,EMP0519,2025-11-01 00:00:00,22,18,2,2,7.4
ATT006228,EMP0519,2025-12-01 00:00:00,21,16,2,3,2.2
ATT006229,EMP0520,2025-01-01 00:00:00,22,18,0,4,12.3
ATT006230,EMP0520,2025-02-01 00:00:00,22,18,2,2,3.7
ATT006231,EMP0520,2025-03-01 00:00:00,20,15,2,3,19.6
ATT006232,EMP0520,2025-04-01 00:00:00,20,14,2,4,14.4
ATT006233,EMP0520,2025-05-01 00:00:00,22,19,1,2,5.3
ATT006234,EMP0520,2025-06-01 00:00:00,21,19,0,2,13.1
ATT006235,EMP0520,2025-07-01 00:00:00,22,20,0,2,15.8
ATT006236,EMP0520,2025-08-01 00:00:00,20,18,0,2,10
ATT006237,EMP0520,2025-09-01 00:00:00,23,21,0,2,10.5
ATT006238,EMP0520,2025-10-01 00:00:00,22,20,1,1,11.7
ATT006239,EMP0520,2025-11-01 00:00:00,22,20,1,1,12.5
ATT006240,EMP0520,2025-12-01 00:00:00,22,21,1,0,23.8
ATT006241,EMP0521,2025-01-01 00:00:00,21,18,1,2,0
ATT006242,EMP0521,2025-02-01 00:00:00,22,16,3,3,11.5
ATT006243,EMP0521,2025-03-01 00:00:00,22,19,1,2,3.8
ATT006244,EMP0521,2025-04-01 00:00:00,23,21,1,1,2.3
ATT006245,EMP0521,2025-05-01 00:00:00,21,19,2,0,6
ATT006246,EMP0521,2025-06-01 00:00:00,22,22,0,0,0
ATT006247,EMP0521,2025-07-01 00:00:00,22,21,0,1,14.5
ATT006248,EMP0521,2025-08-01 00:00:00,21,17,1,3,3.9
ATT006249,EMP0521,2025-09-01 00:00:00,22,19,0,3,16.9
ATT006250,EMP0521,2025-10-01 00:00:00,21,17,2,2,14.2
ATT006251,EMP0521,2025-11-01 00:00:00,22,21,1,0,12.7
ATT006252,EMP0521,2025-12-01 00:00:00,23,21,0,2,2.4
ATT006253,EMP0522,2025-01-01 00:00:00,20,16,3,1,5.8
ATT006254,EMP0522,2025-02-01 00:00:00,21,17,2,2,15.5
ATT006255,EMP0522,2025-03-01 00:00:00,20,19,0,1,13.2
ATT006256,EMP0522,2025-04-01 00:00:00,21,19,1,1,4.8
ATT006257,EMP0522,2025-05-01 00:00:00,20,19,1,0,10.1
ATT006258,EMP0522,2025-06-01 00:00:00,22,20,1,1,1.3
ATT006259,EMP0522,2025-07-01 00:00:00,22,18,0,4,3.6
ATT006260,EMP0522,2025-08-01 00:00:00,23,20,1,2,10.1
ATT006261,EMP0522,2025-09-01 00:00:00,20,16,1,3,3.9
ATT006262,EMP0522,2025-10-01 00:00:00,23,22,0,1,1.6
ATT006263,EMP0522,2025-11-01 00:00:00,23,20,2,1,11.9
ATT006264,EMP0522,2025-12-01 00:00:00,21,16,0,5,2.1
ATT006265,EMP0523,2025-01-01 00:00:00,22,19,1,2,5.8
ATT006266,EMP0523,2025-02-01 00:00:00,21,15,2,4,3.5
ATT006267,EMP0523,2025-03-01 00:00:00,20,17,1,2,7
ATT006268,EMP0523,2025-04-01 00:00:00,22,21,1,0,8
ATT006269,EMP0523,2025-05-01 00:00:00,22,20,0,2,4
ATT006270,EMP0523,2025-06-01 00:00:00,22,21,0,1,7.4
ATT006271,EMP0523,2025-07-01 00:00:00,23,21,0,2,20.6
ATT006272,EMP0523,2025-08-01 00:00:00,22,21,0,1,13.6
ATT006273,EMP0523,2025-09-01 00:00:00,23,21,2,0,12.2
ATT006274,EMP0523,2025-10-01 00:00:00,21,19,0,2,8.8
ATT006275,EMP0523,2025-11-01 00:00:00,20,15,2,3,0.3
ATT006276,EMP0523,2025-12-01 00:00:00,23,22,0,1,8.7
ATT006277,EMP0524,2025-01-01 00:00:00,22,21,0,1,6.5
ATT006278,EMP0524,2025-02-01 00:00:00,21,19,0,2,8.7
ATT006279,EMP0524,2025-03-01 00:00:00,20,15,2,3,4.2
ATT006280,EMP0524,2025-04-01 00:00:00,21,20,1,0,5.2
ATT006281,EMP0524,2025-05-01 00:00:00,22,17,1,4,11.8
ATT006282,EMP0524,2025-06-01 00:00:00,22,18,2,2,16.7
ATT006283,EMP0524,2025-07-01 00:00:00,22,19,0,3,4.9
ATT006284,EMP0524,2025-08-01 00:00:00,22,20,1,1,0
ATT006285,EMP0524,2025-09-01 00:00:00,22,20,2,0,20.1
ATT006286,EMP0524,2025-10-01 00:00:00,21,18,0,3,18.8
ATT006287,EMP0524,2025-11-01 00:00:00,22,21,0,1,14.5
ATT006288,EMP0524,2025-12-01 00:00:00,22,19,2,1,10.7
ATT006289,EMP0525,2025-01-01 00:00:00,22,17,1,4,5.6
ATT006290,EMP0525,2025-02-01 00:00:00,22,20,0,2,0
ATT006291,EMP0525,2025-03-01 00:00:00,21,18,3,0,4.2
ATT006292,EMP0525,2025-04-01 00:00:00,20,17,3,0,5
ATT006293,EMP0525,2025-05-01 00:00:00,21,16,0,5,9.9
ATT006294,EMP0525,2025-06-01 00:00:00,21,20,0,1,1.9
ATT006295,EMP0525,2025-07-01 00:00:00,22,20,2,0,2.1
ATT006296,EMP0525,2025-08-01 00:00:00,21,17,0,4,10.1
ATT006297,EMP0525,2025-09-01 00:00:00,23,21,0,2,4.1
ATT006298,EMP0525,2025-10-01 00:00:00,20,18,0,2,7.9
ATT006299,EMP0525,2025-11-01 00:00:00,22,18,0,4,17.4
ATT006300,EMP0525,2025-12-01 00:00:00,22,17,2,3,10.4
ATT006301,EMP0526,2025-01-01 00:00:00,22,20,0,2,0
ATT006302,EMP0526,2025-02-01 00:00:00,22,21,0,1,0
ATT006303,EMP0526,2025-03-01 00:00:00,23,20,3,0,8.8
ATT006304,EMP0526,2025-04-01 00:00:00,21,15,1,5,5.6
ATT006305,EMP0526,2025-05-01 00:00:00,21,18,1,2,3.3
ATT006306,EMP0526,2025-06-01 00:00:00,21,18,1,2,0
ATT006307,EMP0526,2025-07-01 00:00:00,22,17,2,3,7.2
ATT006308,EMP0526,2025-08-01 00:00:00,20,16,2,2,18.7
ATT006309,EMP0526,2025-09-01 00:00:00,22,20,0,2,13.4
ATT006310,EMP0526,2025-10-01 00:00:00,23,23,0,0,6.7
ATT006311,EMP0526,2025-11-01 00:00:00,21,15,1,5,17
ATT006312,EMP0526,2025-12-01 00:00:00,21,20,1,0,2.1
ATT006313,EMP0527,2025-01-01 00:00:00,22,19,2,1,14
ATT006314,EMP0527,2025-02-01 00:00:00,22,17,1,4,0
ATT006315,EMP0527,2025-03-01 00:00:00,22,18,1,3,11.4
ATT006316,EMP0527,2025-04-01 00:00:00,22,19,1,2,5.8
ATT006317,EMP0527,2025-05-01 00:00:00,21,16,2,3,13.9
ATT006318,EMP0527,2025-06-01 00:00:00,22,20,0,2,20.6
ATT006319,EMP0527,2025-07-01 00:00:00,22,20,0,2,7.8
ATT006320,EMP0527,2025-08-01 00:00:00,21,19,1,1,16.8
ATT006321,EMP0527,2025-09-01 00:00:00,23,21,1,1,9.3
ATT006322,EMP0527,2025-10-01 00:00:00,22,21,0,1,1.7
ATT006323,EMP0527,2025-11-01 00:00:00,21,19,2,0,7.4
ATT006324,EMP0527,2025-12-01 00:00:00,22,16,1,5,5.3
ATT006325,EMP0528,2025-01-01 00:00:00,22,21,0,1,17.2
ATT006326,EMP0528,2025-02-01 00:00:00,20,18,1,1,8.8
ATT006327,EMP0528,2025-03-01 00:00:00,22,20,1,1,7.4
ATT006328,EMP0528,2025-04-01 00:00:00,21,20,0,1,14.6
ATT006329,EMP0528,2025-05-01 00:00:00,21,20,0,1,0.2
ATT006330,EMP0528,2025-06-01 00:00:00,22,20,1,1,1.9
ATT006331,EMP0528,2025-07-01 00:00:00,21,20,0,1,19
ATT006332,EMP0528,2025-08-01 00:00:00,21,19,0,2,9
ATT006333,EMP0528,2025-09-01 00:00:00,21,16,1,4,17.1
ATT006334,EMP0528,2025-10-01 00:00:00,21,21,0,0,5
ATT006335,EMP0528,2025-11-01 00:00:00,21,19,0,2,9.7
ATT006336,EMP0528,2025-12-01 00:00:00,21,16,3,2,0
ATT006337,EMP0529,2025-01-01 00:00:00,22,21,1,0,5.2
ATT006338,EMP0529,2025-02-01 00:00:00,21,19,1,1,9.3
ATT006339,EMP0529,2025-03-01 00:00:00,22,19,2,1,6.4
ATT006340,EMP0529,2025-04-01 00:00:00,22,19,2,1,10.4
ATT006341,EMP0529,2025-05-01 00:00:00,21,17,2,2,0
ATT006342,EMP0529,2025-06-01 00:00:00,22,21,1,0,12.7
ATT006343,EMP0529,2025-07-01 00:00:00,22,22,0,0,4.1
ATT006344,EMP0529,2025-08-01 00:00:00,22,21,0,1,15.7
ATT006345,EMP0529,2025-09-01 00:00:00,21,20,1,0,3.9
ATT006346,EMP0529,2025-10-01 00:00:00,22,17,1,4,10.7
ATT006347,EMP0529,2025-11-01 00:00:00,23,20,1,2,4
ATT006348,EMP0529,2025-12-01 00:00:00,22,22,0,0,6.4
ATT006349,EMP0530,2025-01-01 00:00:00,23,19,1,3,3.1
ATT006350,EMP0530,2025-02-01 00:00:00,22,21,1,0,10.9
ATT006351,EMP0530,2025-03-01 00:00:00,23,19,1,3,0.6
ATT006352,EMP0530,2025-04-01 00:00:00,21,20,0,1,12.5
ATT006353,EMP0530,2025-05-01 00:00:00,22,21,1,0,8.7
ATT006354,EMP0530,2025-06-01 00:00:00,22,18,0,4,21.2
ATT006355,EMP0530,2025-07-01 00:00:00,21,14,3,4,8.5
ATT006356,EMP0530,2025-08-01 00:00:00,21,20,0,1,8.8
ATT006357,EMP0530,2025-09-01 00:00:00,23,21,1,1,1.8
ATT006358,EMP0530,2025-10-01 00:00:00,20,18,0,2,6.5
ATT006359,EMP0530,2025-11-01 00:00:00,22,17,2,3,0
ATT006360,EMP0530,2025-12-01 00:00:00,20,17,1,2,3.6
ATT006361,EMP0531,2025-01-01 00:00:00,22,20,1,1,7.8
ATT006362,EMP0531,2025-02-01 00:00:00,22,17,0,5,8.3
ATT006363,EMP0531,2025-03-01 00:00:00,23,20,1,2,8.5
ATT006364,EMP0531,2025-04-01 00:00:00,23,22,0,1,15.3
ATT006365,EMP0531,2025-05-01 00:00:00,23,17,1,5,11.4
ATT006366,EMP0531,2025-06-01 00:00:00,23,20,1,2,13.9
ATT006367,EMP0531,2025-07-01 00:00:00,21,16,1,4,8.8
ATT006368,EMP0531,2025-08-01 00:00:00,20,20,0,0,16.7
ATT006369,EMP0531,2025-09-01 00:00:00,23,21,0,2,6.8
ATT006370,EMP0531,2025-10-01 00:00:00,21,17,2,2,4.8
ATT006371,EMP0531,2025-11-01 00:00:00,22,20,1,1,9
ATT006372,EMP0531,2025-12-01 00:00:00,22,22,0,0,8
ATT006373,EMP0532,2025-01-01 00:00:00,22,19,1,2,10.2
ATT006374,EMP0532,2025-02-01 00:00:00,21,18,2,1,11.6
ATT006375,EMP0532,2025-03-01 00:00:00,23,21,1,1,0
ATT006376,EMP0532,2025-04-01 00:00:00,22,19,0,3,14.1
ATT006377,EMP0532,2025-05-01 00:00:00,20,18,1,1,10.9
ATT006378,EMP0532,2025-06-01 00:00:00,22,18,2,2,1.8
ATT006379,EMP0532,2025-07-01 00:00:00,21,20,0,1,0
ATT006380,EMP0532,2025-08-01 00:00:00,21,21,0,0,16.4
ATT006381,EMP0532,2025-09-01 00:00:00,21,18,1,2,12.6
ATT006382,EMP0532,2025-10-01 00:00:00,21,19,1,1,17.3
ATT006383,EMP0532,2025-11-01 00:00:00,22,20,2,0,2.3
ATT006384,EMP0532,2025-12-01 00:00:00,22,21,0,1,13.4
ATT006385,EMP0533,2025-01-01 00:00:00,22,21,0,1,0.5
ATT006386,EMP0533,2025-02-01 00:00:00,22,20,2,0,5.9
ATT006387,EMP0533,2025-03-01 00:00:00,22,21,1,0,13.8
ATT006388,EMP0533,2025-04-01 00:00:00,23,18,0,5,8.8
ATT006389,EMP0533,2025-05-01 00:00:00,20,18,1,1,16.4
ATT006390,EMP0533,2025-06-01 00:00:00,23,21,2,0,15.3
ATT006391,EMP0533,2025-07-01 00:00:00,21,19,0,2,1.2
ATT006392,EMP0533,2025-08-01 00:00:00,21,17,1,3,25
ATT006393,EMP0533,2025-09-01 00:00:00,21,18,0,3,2.8
ATT006394,EMP0533,2025-10-01 00:00:00,22,20,2,0,8.9
ATT006395,EMP0533,2025-11-01 00:00:00,21,20,0,1,12.8
ATT006396,EMP0533,2025-12-01 00:00:00,21,17,3,1,0.4
ATT006397,EMP0534,2025-01-01 00:00:00,23,20,0,3,17.6
ATT006398,EMP0534,2025-02-01 00:00:00,20,18,0,2,1.5
ATT006399,EMP0534,2025-03-01 00:00:00,22,19,2,1,0
ATT006400,EMP0534,2025-04-01 00:00:00,23,19,1,3,5.2
ATT006401,EMP0534,2025-05-01 00:00:00,22,21,1,0,4.1
ATT006402,EMP0534,2025-06-01 00:00:00,22,18,2,2,9.4
ATT006403,EMP0534,2025-07-01 00:00:00,22,18,0,4,0
ATT006404,EMP0534,2025-08-01 00:00:00,22,19,0,3,2.2
ATT006405,EMP0534,2025-09-01 00:00:00,22,21,0,1,10.6
ATT006406,EMP0534,2025-10-01 00:00:00,22,22,0,0,5.4
ATT006407,EMP0534,2025-11-01 00:00:00,22,17,0,5,9.5
ATT006408,EMP0534,2025-12-01 00:00:00,23,19,2,2,11.9
ATT006409,EMP0535,2025-01-01 00:00:00,22,19,2,1,18.8
ATT006410,EMP0535,2025-02-01 00:00:00,23,21,0,2,0.9
ATT006411,EMP0535,2025-03-01 00:00:00,21,19,0,2,0.5
ATT006412,EMP0535,2025-04-01 00:00:00,22,18,1,3,15.8
ATT006413,EMP0535,2025-05-01 00:00:00,22,22,0,0,6.3
ATT006414,EMP0535,2025-06-01 00:00:00,21,18,0,3,13.8
ATT006415,EMP0535,2025-07-01 00:00:00,21,19,1,1,3.6
ATT006416,EMP0535,2025-08-01 00:00:00,21,17,0,4,8.6
ATT006417,EMP0535,2025-09-01 00:00:00,22,16,2,4,4.5
ATT006418,EMP0535,2025-10-01 00:00:00,22,22,0,0,5.2
ATT006419,EMP0535,2025-11-01 00:00:00,22,19,2,1,5.2
ATT006420,EMP0535,2025-12-01 00:00:00,23,20,1,2,11.2
ATT006421,EMP0536,2025-01-01 00:00:00,20,19,0,1,15
ATT006422,EMP0536,2025-02-01 00:00:00,23,23,0,0,9.4
ATT006423,EMP0536,2025-03-01 00:00:00,21,20,0,1,13.7
ATT006424,EMP0536,2025-04-01 00:00:00,21,17,1,3,9.9
ATT006425,EMP0536,2025-05-01 00:00:00,22,19,1,2,6.6
ATT006426,EMP0536,2025-06-01 00:00:00,23,22,0,1,16.7
ATT006427,EMP0536,2025-07-01 00:00:00,22,19,0,3,13.5
ATT006428,EMP0536,2025-08-01 00:00:00,21,17,2,2,12.2
ATT006429,EMP0536,2025-09-01 00:00:00,21,20,0,1,9.1
ATT006430,EMP0536,2025-10-01 00:00:00,23,23,0,0,8.7
ATT006431,EMP0536,2025-11-01 00:00:00,22,21,1,0,0.2
ATT006432,EMP0536,2025-12-01 00:00:00,20,18,1,1,3.5
ATT006433,EMP0537,2025-01-01 00:00:00,21,18,0,3,10
ATT006434,EMP0537,2025-02-01 00:00:00,21,19,1,1,10.7
ATT006435,EMP0537,2025-03-01 00:00:00,21,20,1,0,0
ATT006436,EMP0537,2025-04-01 00:00:00,21,19,1,1,8.1
ATT006437,EMP0537,2025-05-01 00:00:00,23,21,1,1,8.1
ATT006438,EMP0537,2025-06-01 00:00:00,23,22,1,0,4.1
ATT006439,EMP0537,2025-07-01 00:00:00,22,21,1,0,2.1
ATT006440,EMP0537,2025-08-01 00:00:00,22,19,1,2,2.5
ATT006441,EMP0537,2025-09-01 00:00:00,23,20,0,3,0
ATT006442,EMP0537,2025-10-01 00:00:00,21,19,2,0,0
ATT006443,EMP0537,2025-11-01 00:00:00,22,19,0,3,0.5
ATT006444,EMP0537,2025-12-01 00:00:00,22,18,1,3,6.6
ATT006445,EMP0538,2025-01-01 00:00:00,22,20,0,2,0
ATT006446,EMP0538,2025-02-01 00:00:00,22,20,1,1,1.2
ATT006447,EMP0538,2025-03-01 00:00:00,23,20,1,2,11.7
ATT006448,EMP0538,2025-04-01 00:00:00,22,19,2,1,16.4
ATT006449,EMP0538,2025-05-01 00:00:00,22,20,0,2,0
ATT006450,EMP0538,2025-06-01 00:00:00,22,20,0,2,17.3
ATT006451,EMP0538,2025-07-01 00:00:00,23,18,0,5,10.6
ATT006452,EMP0538,2025-08-01 00:00:00,22,20,0,2,5.5
ATT006453,EMP0538,2025-09-01 00:00:00,21,17,2,2,6.1
ATT006454,EMP0538,2025-10-01 00:00:00,22,22,0,0,5.9
ATT006455,EMP0538,2025-11-01 00:00:00,21,20,0,1,0
ATT006456,EMP0538,2025-12-01 00:00:00,22,21,0,1,12.7
ATT006457,EMP0539,2025-01-01 00:00:00,22,21,1,0,10.6
ATT006458,EMP0539,2025-02-01 00:00:00,23,20,1,2,16.9
ATT006459,EMP0539,2025-03-01 00:00:00,22,17,2,3,8.9
ATT006460,EMP0539,2025-04-01 00:00:00,21,20,0,1,6.2
ATT006461,EMP0539,2025-05-01 00:00:00,20,17,0,3,3.2
ATT006462,EMP0539,2025-06-01 00:00:00,20,16,1,3,5.8
ATT006463,EMP0539,2025-07-01 00:00:00,22,18,1,3,19.7
ATT006464,EMP0539,2025-08-01 00:00:00,21,20,1,0,10.2
ATT006465,EMP0539,2025-09-01 00:00:00,23,22,1,0,9.5
ATT006466,EMP0539,2025-10-01 00:00:00,22,21,0,1,3.4
ATT006467,EMP0539,2025-11-01 00:00:00,22,20,2,0,5.7
ATT006468,EMP0539,2025-12-01 00:00:00,22,17,0,5,8.2
ATT006469,EMP0540,2025-01-01 00:00:00,22,17,3,2,13.9
ATT006470,EMP0540,2025-02-01 00:00:00,22,21,0,1,4.3
ATT006471,EMP0540,2025-03-01 00:00:00,21,20,0,1,9.3
ATT006472,EMP0540,2025-04-01 00:00:00,21,20,0,1,13
ATT006473,EMP0540,2025-05-01 00:00:00,21,17,1,3,9.7
ATT006474,EMP0540,2025-06-01 00:00:00,21,20,0,1,9.3
ATT006475,EMP0540,2025-07-01 00:00:00,22,19,0,3,4.3
ATT006476,EMP0540,2025-08-01 00:00:00,21,19,0,2,10.1
ATT006477,EMP0540,2025-09-01 00:00:00,21,19,1,1,0
ATT006478,EMP0540,2025-10-01 00:00:00,22,20,2,0,8.3
ATT006479,EMP0540,2025-11-01 00:00:00,21,20,0,1,8.6
ATT006480,EMP0540,2025-12-01 00:00:00,22,19,0,3,7
ATT006481,EMP0541,2025-01-01 00:00:00,20,19,0,1,12.6
ATT006482,EMP0541,2025-02-01 00:00:00,23,22,1,0,4.4
ATT006483,EMP0541,2025-03-01 00:00:00,22,18,2,2,5.8
ATT006484,EMP0541,2025-04-01 00:00:00,22,22,0,0,2.8
ATT006485,EMP0541,2025-05-01 00:00:00,22,18,3,1,5
ATT006486,EMP0541,2025-06-01 00:00:00,22,17,2,3,14
ATT006487,EMP0541,2025-07-01 00:00:00,22,18,3,1,9.7
ATT006488,EMP0541,2025-08-01 00:00:00,23,19,2,2,17.2
ATT006489,EMP0541,2025-09-01 00:00:00,23,21,2,0,0
ATT006490,EMP0541,2025-10-01 00:00:00,20,19,1,0,9.1
ATT006491,EMP0541,2025-11-01 00:00:00,21,18,0,3,10.3
ATT006492,EMP0541,2025-12-01 00:00:00,20,19,0,1,0
ATT006493,EMP0542,2025-01-01 00:00:00,22,20,0,2,2.4
ATT006494,EMP0542,2025-02-01 00:00:00,22,16,1,5,1.3
ATT006495,EMP0542,2025-03-01 00:00:00,23,21,2,0,12.1
ATT006496,EMP0542,2025-04-01 00:00:00,22,20,0,2,5.4
ATT006497,EMP0542,2025-05-01 00:00:00,22,20,0,2,11.4
ATT006498,EMP0542,2025-06-01 00:00:00,21,20,0,1,9.5
ATT006499,EMP0542,2025-07-01 00:00:00,22,21,0,1,0
ATT006500,EMP0542,2025-08-01 00:00:00,22,20,1,1,18.2
ATT006501,EMP0542,2025-09-01 00:00:00,21,17,1,3,6.8
ATT006502,EMP0542,2025-10-01 00:00:00,22,19,2,1,7
ATT006503,EMP0542,2025-11-01 00:00:00,21,19,1,1,5.4
ATT006504,EMP0542,2025-12-01 00:00:00,22,17,3,2,8
ATT006505,EMP0543,2025-01-01 00:00:00,21,20,0,1,10.1
ATT006506,EMP0543,2025-02-01 00:00:00,22,20,0,2,6.8
ATT006507,EMP0543,2025-03-01 00:00:00,20,19,1,0,11.1
ATT006508,EMP0543,2025-04-01 00:00:00,21,15,1,5,13
ATT006509,EMP0543,2025-05-01 00:00:00,23,21,2,0,7.2
ATT006510,EMP0543,2025-06-01 00:00:00,22,19,2,1,13.9
ATT006511,EMP0543,2025-07-01 00:00:00,23,21,1,1,10.2
ATT006512,EMP0543,2025-08-01 00:00:00,22,19,0,3,10.2
ATT006513,EMP0543,2025-09-01 00:00:00,21,20,1,0,23.1
ATT006514,EMP0543,2025-10-01 00:00:00,23,20,0,3,4.8
ATT006515,EMP0543,2025-11-01 00:00:00,22,20,1,1,6.3
ATT006516,EMP0543,2025-12-01 00:00:00,23,23,0,0,4.6
ATT006517,EMP0544,2025-01-01 00:00:00,21,19,0,2,12.1
ATT006518,EMP0544,2025-02-01 00:00:00,22,20,2,0,0.2
ATT006519,EMP0544,2025-03-01 00:00:00,23,20,0,3,6.1
ATT006520,EMP0544,2025-04-01 00:00:00,22,20,0,2,16.6
ATT006521,EMP0544,2025-05-01 00:00:00,23,22,0,1,12.2
ATT006522,EMP0544,2025-06-01 00:00:00,23,21,2,0,12.4
ATT006523,EMP0544,2025-07-01 00:00:00,23,22,1,0,7.8
ATT006524,EMP0544,2025-08-01 00:00:00,22,22,0,0,3.4
ATT006525,EMP0544,2025-09-01 00:00:00,21,21,0,0,9
ATT006526,EMP0544,2025-10-01 00:00:00,22,19,1,2,6.3
ATT006527,EMP0544,2025-11-01 00:00:00,20,18,1,1,16.1
ATT006528,EMP0544,2025-12-01 00:00:00,23,17,1,5,13.5
ATT006529,EMP0545,2025-01-01 00:00:00,21,19,0,2,15.2
ATT006530,EMP0545,2025-02-01 00:00:00,22,17,3,2,6.2
ATT006531,EMP0545,2025-03-01 00:00:00,22,17,0,5,1.3
ATT006532,EMP0545,2025-04-01 00:00:00,22,21,0,1,14.6
ATT006533,EMP0545,2025-05-01 00:00:00,22,19,0,3,14.7
ATT006534,EMP0545,2025-06-01 00:00:00,21,19,1,1,12.2
ATT006535,EMP0545,2025-07-01 00:00:00,23,19,1,3,1.9
ATT006536,EMP0545,2025-08-01 00:00:00,22,22,0,0,6.3
ATT006537,EMP0545,2025-09-01 00:00:00,22,17,2,3,9.2
ATT006538,EMP0545,2025-10-01 00:00:00,21,20,1,0,13.5
ATT006539,EMP0545,2025-11-01 00:00:00,21,18,0,3,10
ATT006540,EMP0545,2025-12-01 00:00:00,22,22,0,0,14.4
ATT006541,EMP0546,2025-01-01 00:00:00,23,22,1,0,17.4
ATT006542,EMP0546,2025-02-01 00:00:00,22,18,2,2,12.6
ATT006543,EMP0546,2025-03-01 00:00:00,21,20,0,1,1.2
ATT006544,EMP0546,2025-04-01 00:00:00,22,16,1,5,12.6
ATT006545,EMP0546,2025-05-01 00:00:00,23,19,2,2,9.4
ATT006546,EMP0546,2025-06-01 00:00:00,23,21,1,1,13.1
ATT006547,EMP0546,2025-07-01 00:00:00,21,21,0,0,1.7
ATT006548,EMP0546,2025-08-01 00:00:00,23,23,0,0,8.9
ATT006549,EMP0546,2025-09-01 00:00:00,23,22,1,0,13.5
ATT006550,EMP0546,2025-10-01 00:00:00,22,21,0,1,12
ATT006551,EMP0546,2025-11-01 00:00:00,22,19,1,2,0.9
ATT006552,EMP0546,2025-12-01 00:00:00,20,16,1,3,7.3
ATT006553,EMP0547,2025-01-01 00:00:00,20,20,0,0,7.5
ATT006554,EMP0547,2025-02-01 00:00:00,22,19,1,2,3.3
ATT006555,EMP0547,2025-03-01 00:00:00,20,19,0,1,6.9
ATT006556,EMP0547,2025-04-01 00:00:00,20,18,0,2,6.6
ATT006557,EMP0547,2025-05-01 00:00:00,22,18,0,4,9.5
ATT006558,EMP0547,2025-06-01 00:00:00,22,15,3,4,5.1
ATT006559,EMP0547,2025-07-01 00:00:00,22,15,2,5,1.1
ATT006560,EMP0547,2025-08-01 00:00:00,20,16,3,1,17
ATT006561,EMP0547,2025-09-01 00:00:00,22,17,1,4,11.9
ATT006562,EMP0547,2025-10-01 00:00:00,23,22,1,0,4.5
ATT006563,EMP0547,2025-11-01 00:00:00,20,19,0,1,13.4
ATT006564,EMP0547,2025-12-01 00:00:00,23,19,2,2,7.5
ATT006565,EMP0548,2025-01-01 00:00:00,22,21,0,1,6.3
ATT006566,EMP0548,2025-02-01 00:00:00,20,16,1,3,5.6
ATT006567,EMP0548,2025-03-01 00:00:00,21,21,0,0,1
ATT006568,EMP0548,2025-04-01 00:00:00,22,18,0,4,10.1
ATT006569,EMP0548,2025-05-01 00:00:00,22,19,1,2,7
ATT006570,EMP0548,2025-06-01 00:00:00,21,16,1,4,4.1
ATT006571,EMP0548,2025-07-01 00:00:00,23,21,0,2,18.7
ATT006572,EMP0548,2025-08-01 00:00:00,22,15,3,4,8.3
ATT006573,EMP0548,2025-09-01 00:00:00,22,19,1,2,9.2
ATT006574,EMP0548,2025-10-01 00:00:00,22,21,0,1,0
ATT006575,EMP0548,2025-11-01 00:00:00,21,20,1,0,15.5
ATT006576,EMP0548,2025-12-01 00:00:00,21,18,2,1,17.1
ATT006577,EMP0549,2025-01-01 00:00:00,23,21,0,2,14
ATT006578,EMP0549,2025-02-01 00:00:00,22,21,1,0,12.5
ATT006579,EMP0549,2025-03-01 00:00:00,23,22,1,0,3.9
ATT006580,EMP0549,2025-04-01 00:00:00,22,17,1,4,10
ATT006581,EMP0549,2025-05-01 00:00:00,23,21,0,2,0
ATT006582,EMP0549,2025-06-01 00:00:00,21,21,0,0,0
ATT006583,EMP0549,2025-07-01 00:00:00,22,20,1,1,7.3
ATT006584,EMP0549,2025-08-01 00:00:00,22,20,1,1,2.6
ATT006585,EMP0549,2025-09-01 00:00:00,23,19,2,2,1.1
ATT006586,EMP0549,2025-10-01 00:00:00,20,17,2,1,0
ATT006587,EMP0549,2025-11-01 00:00:00,21,17,2,2,9.4
ATT006588,EMP0549,2025-12-01 00:00:00,21,16,1,4,16.9
ATT006589,EMP0550,2025-01-01 00:00:00,22,22,0,0,14
ATT006590,EMP0550,2025-02-01 00:00:00,21,20,0,1,4.1
ATT006591,EMP0550,2025-03-01 00:00:00,21,19,1,1,0
ATT006592,EMP0550,2025-04-01 00:00:00,22,21,1,0,5.4
ATT006593,EMP0550,2025-05-01 00:00:00,22,21,0,1,14.5
ATT006594,EMP0550,2025-06-01 00:00:00,20,14,1,5,0
ATT006595,EMP0550,2025-07-01 00:00:00,22,19,2,1,0
ATT006596,EMP0550,2025-08-01 00:00:00,22,20,0,2,5.3
ATT006597,EMP0550,2025-09-01 00:00:00,21,17,1,3,4
ATT006598,EMP0550,2025-10-01 00:00:00,22,20,1,1,11.3
ATT006599,EMP0550,2025-11-01 00:00:00,22,17,2,3,0.3
ATT006600,EMP0550,2025-12-01 00:00:00,21,20,0,1,0
ATT006601,EMP0551,2025-01-01 00:00:00,23,21,1,1,6.8
ATT006602,EMP0551,2025-02-01 00:00:00,22,20,0,2,5.8
ATT006603,EMP0551,2025-03-01 00:00:00,21,18,2,1,11.3
ATT006604,EMP0551,2025-04-01 00:00:00,21,20,1,0,14.3
ATT006605,EMP0551,2025-05-01 00:00:00,22,21,1,0,4.4
ATT006606,EMP0551,2025-06-01 00:00:00,21,19,1,1,13.1
ATT006607,EMP0551,2025-07-01 00:00:00,21,19,0,2,22.8
ATT006608,EMP0551,2025-08-01 00:00:00,22,19,1,2,0
ATT006609,EMP0551,2025-09-01 00:00:00,21,18,1,2,4.6
ATT006610,EMP0551,2025-10-01 00:00:00,22,20,1,1,10.5
ATT006611,EMP0551,2025-11-01 00:00:00,23,22,0,1,5.8
ATT006612,EMP0551,2025-12-01 00:00:00,22,19,2,1,7.2
ATT006613,EMP0552,2025-01-01 00:00:00,22,17,1,4,0
ATT006614,EMP0552,2025-02-01 00:00:00,20,15,1,4,10.6
ATT006615,EMP0552,2025-03-01 00:00:00,21,19,1,1,6.9
ATT006616,EMP0552,2025-04-01 00:00:00,22,19,0,3,4.9
ATT006617,EMP0552,2025-05-01 00:00:00,22,20,1,1,12.2
ATT006618,EMP0552,2025-06-01 00:00:00,21,16,3,2,8.6
ATT006619,EMP0552,2025-07-01 00:00:00,22,19,0,3,0.6
ATT006620,EMP0552,2025-08-01 00:00:00,21,16,3,2,12
ATT006621,EMP0552,2025-09-01 00:00:00,21,18,1,2,3.1
ATT006622,EMP0552,2025-10-01 00:00:00,22,19,1,2,3.9
ATT006623,EMP0552,2025-11-01 00:00:00,22,19,0,3,10.3
ATT006624,EMP0552,2025-12-01 00:00:00,22,18,1,3,4.7
ATT006625,EMP0553,2025-01-01 00:00:00,22,18,0,4,1.7
ATT006626,EMP0553,2025-02-01 00:00:00,21,18,1,2,12.8
ATT006627,EMP0553,2025-03-01 00:00:00,21,20,1,0,0
ATT006628,EMP0553,2025-04-01 00:00:00,22,19,2,1,20
ATT006629,EMP0553,2025-05-01 00:00:00,21,19,2,0,10.9
ATT006630,EMP0553,2025-06-01 00:00:00,23,18,2,3,14.6
ATT006631,EMP0553,2025-07-01 00:00:00,22,21,0,1,11.8
ATT006632,EMP0553,2025-08-01 00:00:00,21,20,0,1,7.8
ATT006633,EMP0553,2025-09-01 00:00:00,22,21,1,0,5.4
ATT006634,EMP0553,2025-10-01 00:00:00,22,22,0,0,0.6
ATT006635,EMP0553,2025-11-01 00:00:00,21,18,2,1,13.5
ATT006636,EMP0553,2025-12-01 00:00:00,22,16,2,4,13.7
ATT006637,EMP0554,2025-01-01 00:00:00,22,18,0,4,0
ATT006638,EMP0554,2025-02-01 00:00:00,21,20,0,1,7.9
ATT006639,EMP0554,2025-03-01 00:00:00,23,20,3,0,8.5
ATT006640,EMP0554,2025-04-01 00:00:00,22,18,0,4,9.9
ATT006641,EMP0554,2025-05-01 00:00:00,23,19,2,2,13
ATT006642,EMP0554,2025-06-01 00:00:00,20,17,0,3,8.5
ATT006643,EMP0554,2025-07-01 00:00:00,22,19,0,3,0.3
ATT006644,EMP0554,2025-08-01 00:00:00,21,18,0,3,9.1
ATT006645,EMP0554,2025-09-01 00:00:00,21,17,1,3,18
ATT006646,EMP0554,2025-10-01 00:00:00,23,22,0,1,6.6
ATT006647,EMP0554,2025-11-01 00:00:00,21,18,1,2,18.1
ATT006648,EMP0554,2025-12-01 00:00:00,22,18,1,3,5.6
ATT006649,EMP0555,2025-01-01 00:00:00,21,17,1,3,0.8
ATT006650,EMP0555,2025-02-01 00:00:00,22,20,0,2,13
ATT006651,EMP0555,2025-03-01 00:00:00,22,21,0,1,11
ATT006652,EMP0555,2025-04-01 00:00:00,23,21,0,2,11.2
ATT006653,EMP0555,2025-05-01 00:00:00,22,20,1,1,0
ATT006654,EMP0555,2025-06-01 00:00:00,23,21,1,1,2.6
ATT006655,EMP0555,2025-07-01 00:00:00,21,20,0,1,13.6
ATT006656,EMP0555,2025-08-01 00:00:00,22,20,1,1,5.8
ATT006657,EMP0555,2025-09-01 00:00:00,21,19,0,2,4.2
ATT006658,EMP0555,2025-10-01 00:00:00,22,21,1,0,17.3
ATT006659,EMP0555,2025-11-01 00:00:00,21,18,1,2,12.7
ATT006660,EMP0555,2025-12-01 00:00:00,22,21,0,1,5.9
ATT006661,EMP0556,2025-01-01 00:00:00,22,19,1,2,3.4
ATT006662,EMP0556,2025-02-01 00:00:00,20,18,1,1,4.7
ATT006663,EMP0556,2025-03-01 00:00:00,23,18,1,4,17.5
ATT006664,EMP0556,2025-04-01 00:00:00,23,21,2,0,10.4
ATT006665,EMP0556,2025-05-01 00:00:00,20,18,1,1,5.8
ATT006666,EMP0556,2025-06-01 00:00:00,20,18,2,0,10.2
ATT006667,EMP0556,2025-07-01 00:00:00,23,19,1,3,12.3
ATT006668,EMP0556,2025-08-01 00:00:00,22,19,1,2,12.2
ATT006669,EMP0556,2025-09-01 00:00:00,22,21,0,1,24
ATT006670,EMP0556,2025-10-01 00:00:00,23,22,1,0,8.6
ATT006671,EMP0556,2025-11-01 00:00:00,22,20,2,0,0
ATT006672,EMP0556,2025-12-01 00:00:00,21,17,0,4,5.3
ATT006673,EMP0557,2025-01-01 00:00:00,23,18,0,5,7.3
ATT006674,EMP0557,2025-02-01 00:00:00,21,16,2,3,13
ATT006675,EMP0557,2025-03-01 00:00:00,23,18,2,3,1.4
ATT006676,EMP0557,2025-04-01 00:00:00,22,18,2,2,10.1
ATT006677,EMP0557,2025-05-01 00:00:00,21,21,0,0,16.7
ATT006678,EMP0557,2025-06-01 00:00:00,21,20,1,0,7.6
ATT006679,EMP0557,2025-07-01 00:00:00,22,21,0,1,9.8
ATT006680,EMP0557,2025-08-01 00:00:00,22,19,1,2,6.6
ATT006681,EMP0557,2025-09-01 00:00:00,22,18,2,2,9.4
ATT006682,EMP0557,2025-10-01 00:00:00,21,21,0,0,10
ATT006683,EMP0557,2025-11-01 00:00:00,23,21,1,1,14.3
ATT006684,EMP0557,2025-12-01 00:00:00,21,17,3,1,3.5
ATT006685,EMP0558,2025-01-01 00:00:00,22,20,1,1,9.7
ATT006686,EMP0558,2025-02-01 00:00:00,20,18,1,1,8.5
ATT006687,EMP0558,2025-03-01 00:00:00,21,19,1,1,10.7
ATT006688,EMP0558,2025-04-01 00:00:00,23,20,2,1,6.5
ATT006689,EMP0558,2025-05-01 00:00:00,22,21,0,1,0
ATT006690,EMP0558,2025-06-01 00:00:00,23,16,2,5,2.8
ATT006691,EMP0558,2025-07-01 00:00:00,20,17,1,2,14.6
ATT006692,EMP0558,2025-08-01 00:00:00,22,19,1,2,19.4
ATT006693,EMP0558,2025-09-01 00:00:00,21,21,0,0,0.8
ATT006694,EMP0558,2025-10-01 00:00:00,20,18,1,1,5.9
ATT006695,EMP0558,2025-11-01 00:00:00,22,18,1,3,10.9
ATT006696,EMP0558,2025-12-01 00:00:00,22,21,1,0,16.1
ATT006697,EMP0559,2025-01-01 00:00:00,20,17,0,3,13
ATT006698,EMP0559,2025-02-01 00:00:00,21,18,1,2,6.1
ATT006699,EMP0559,2025-03-01 00:00:00,22,16,1,5,7.9
ATT006700,EMP0559,2025-04-01 00:00:00,23,17,1,5,9.1
ATT006701,EMP0559,2025-05-01 00:00:00,22,20,2,0,6.1
ATT006702,EMP0559,2025-06-01 00:00:00,23,23,0,0,0.6
ATT006703,EMP0559,2025-07-01 00:00:00,22,21,1,0,9.2
ATT006704,EMP0559,2025-08-01 00:00:00,22,20,1,1,0
ATT006705,EMP0559,2025-09-01 00:00:00,22,19,0,3,9
ATT006706,EMP0559,2025-10-01 00:00:00,22,19,2,1,2.1
ATT006707,EMP0559,2025-11-01 00:00:00,22,18,1,3,15.8
ATT006708,EMP0559,2025-12-01 00:00:00,21,20,1,0,4.1
ATT006709,EMP0560,2025-01-01 00:00:00,20,17,1,2,9
ATT006710,EMP0560,2025-02-01 00:00:00,22,21,0,1,7.3
ATT006711,EMP0560,2025-03-01 00:00:00,22,20,1,1,12.7
ATT006712,EMP0560,2025-04-01 00:00:00,23,17,1,5,1.9
ATT006713,EMP0560,2025-05-01 00:00:00,20,16,0,4,1.1
ATT006714,EMP0560,2025-06-01 00:00:00,22,20,1,1,0.2
ATT006715,EMP0560,2025-07-01 00:00:00,22,18,3,1,11.8
ATT006716,EMP0560,2025-08-01 00:00:00,22,17,3,2,12.8
ATT006717,EMP0560,2025-09-01 00:00:00,21,18,1,2,14.1
ATT006718,EMP0560,2025-10-01 00:00:00,22,21,0,1,0
ATT006719,EMP0560,2025-11-01 00:00:00,20,16,0,4,4
ATT006720,EMP0560,2025-12-01 00:00:00,22,20,1,1,7.7
ATT006721,EMP0561,2025-01-01 00:00:00,21,17,2,2,11.4
ATT006722,EMP0561,2025-02-01 00:00:00,21,18,1,2,13.9
ATT006723,EMP0561,2025-03-01 00:00:00,21,19,2,0,16.2
ATT006724,EMP0561,2025-04-01 00:00:00,22,17,3,2,6.5
ATT006725,EMP0561,2025-05-01 00:00:00,21,17,0,4,17.5
ATT006726,EMP0561,2025-06-01 00:00:00,22,19,1,2,3.7
ATT006727,EMP0561,2025-07-01 00:00:00,21,18,3,0,9.4
ATT006728,EMP0561,2025-08-01 00:00:00,21,20,0,1,6
ATT006729,EMP0561,2025-09-01 00:00:00,21,14,2,5,3.7
ATT006730,EMP0561,2025-10-01 00:00:00,22,20,0,2,3.5
ATT006731,EMP0561,2025-11-01 00:00:00,21,19,1,1,9.4
ATT006732,EMP0561,2025-12-01 00:00:00,22,22,0,0,1.7
ATT006733,EMP0562,2025-01-01 00:00:00,21,20,0,1,13.8
ATT006734,EMP0562,2025-02-01 00:00:00,23,18,1,4,12
ATT006735,EMP0562,2025-03-01 00:00:00,22,20,1,1,6.6
ATT006736,EMP0562,2025-04-01 00:00:00,22,15,2,5,5.5
ATT006737,EMP0562,2025-05-01 00:00:00,22,20,0,2,12.1
ATT006738,EMP0562,2025-06-01 00:00:00,21,20,1,0,0
ATT006739,EMP0562,2025-07-01 00:00:00,20,16,2,2,6.4
ATT006740,EMP0562,2025-08-01 00:00:00,23,20,0,3,14
ATT006741,EMP0562,2025-09-01 00:00:00,23,21,2,0,5.9
ATT006742,EMP0562,2025-10-01 00:00:00,21,16,2,3,0
ATT006743,EMP0562,2025-11-01 00:00:00,23,19,0,4,17.8
ATT006744,EMP0562,2025-12-01 00:00:00,20,18,0,2,5.8
ATT006745,EMP0563,2025-01-01 00:00:00,21,20,0,1,7.8
ATT006746,EMP0563,2025-02-01 00:00:00,21,19,0,2,6.7
ATT006747,EMP0563,2025-03-01 00:00:00,22,16,1,5,3.5
ATT006748,EMP0563,2025-04-01 00:00:00,22,22,0,0,5
ATT006749,EMP0563,2025-05-01 00:00:00,21,19,1,1,14.5
ATT006750,EMP0563,2025-06-01 00:00:00,23,21,0,2,4.4
ATT006751,EMP0563,2025-07-01 00:00:00,22,21,1,0,21.1
ATT006752,EMP0563,2025-08-01 00:00:00,20,15,1,4,3.5
ATT006753,EMP0563,2025-09-01 00:00:00,22,21,0,1,13.3
ATT006754,EMP0563,2025-10-01 00:00:00,22,19,0,3,10.2
ATT006755,EMP0563,2025-11-01 00:00:00,23,20,3,0,13.8
ATT006756,EMP0563,2025-12-01 00:00:00,21,20,0,1,23
ATT006757,EMP0564,2025-01-01 00:00:00,22,22,0,0,8
ATT006758,EMP0564,2025-02-01 00:00:00,22,22,0,0,22.5
ATT006759,EMP0564,2025-03-01 00:00:00,22,17,2,3,11.1
ATT006760,EMP0564,2025-04-01 00:00:00,23,23,0,0,17.4
ATT006761,EMP0564,2025-05-01 00:00:00,20,19,0,1,8.9
ATT006762,EMP0564,2025-06-01 00:00:00,22,18,3,1,7.1
ATT006763,EMP0564,2025-07-01 00:00:00,21,17,1,3,10.9
ATT006764,EMP0564,2025-08-01 00:00:00,21,21,0,0,2.1
ATT006765,EMP0564,2025-09-01 00:00:00,22,19,1,2,4.2
ATT006766,EMP0564,2025-10-01 00:00:00,22,17,1,4,15.2
ATT006767,EMP0564,2025-11-01 00:00:00,22,21,1,0,9.8
ATT006768,EMP0564,2025-12-01 00:00:00,21,18,0,3,21.5
ATT006769,EMP0565,2025-01-01 00:00:00,22,22,0,0,3
ATT006770,EMP0565,2025-02-01 00:00:00,20,18,1,1,15.2
ATT006771,EMP0565,2025-03-01 00:00:00,21,21,0,0,7.1
ATT006772,EMP0565,2025-04-01 00:00:00,21,20,0,1,9.7
ATT006773,EMP0565,2025-05-01 00:00:00,22,22,0,0,7.6
ATT006774,EMP0565,2025-06-01 00:00:00,21,20,1,0,1.4
ATT006775,EMP0565,2025-07-01 00:00:00,22,21,0,1,0
ATT006776,EMP0565,2025-08-01 00:00:00,22,20,2,0,2.8
ATT006777,EMP0565,2025-09-01 00:00:00,20,19,0,1,0
ATT006778,EMP0565,2025-10-01 00:00:00,21,18,1,2,0.7
ATT006779,EMP0565,2025-11-01 00:00:00,22,22,0,0,6.5
ATT006780,EMP0565,2025-12-01 00:00:00,22,19,1,2,8.7
ATT006781,EMP0566,2025-01-01 00:00:00,23,19,2,2,8
ATT006782,EMP0566,2025-02-01 00:00:00,22,18,2,2,5.4
ATT006783,EMP0566,2025-03-01 00:00:00,21,18,1,2,0
ATT006784,EMP0566,2025-04-01 00:00:00,23,21,1,1,10.8
ATT006785,EMP0566,2025-05-01 00:00:00,21,19,1,1,15.4
ATT006786,EMP0566,2025-06-01 00:00:00,22,21,0,1,3.3
ATT006787,EMP0566,2025-07-01 00:00:00,23,19,2,2,9.1
ATT006788,EMP0566,2025-08-01 00:00:00,22,17,2,3,7.3
ATT006789,EMP0566,2025-09-01 00:00:00,21,21,0,0,17.8
ATT006790,EMP0566,2025-10-01 00:00:00,22,16,1,5,0
ATT006791,EMP0566,2025-11-01 00:00:00,21,21,0,0,3.7
ATT006792,EMP0566,2025-12-01 00:00:00,22,19,2,1,15.1
ATT006793,EMP0567,2025-01-01 00:00:00,22,19,1,2,4.7
ATT006794,EMP0567,2025-02-01 00:00:00,21,18,1,2,6
ATT006795,EMP0567,2025-03-01 00:00:00,21,19,0,2,10.1
ATT006796,EMP0567,2025-04-01 00:00:00,21,19,0,2,9.9
ATT006797,EMP0567,2025-05-01 00:00:00,22,22,0,0,10.3
ATT006798,EMP0567,2025-06-01 00:00:00,23,23,0,0,18.5
ATT006799,EMP0567,2025-07-01 00:00:00,22,21,0,1,15
ATT006800,EMP0567,2025-08-01 00:00:00,21,16,0,5,6.5
ATT006801,EMP0567,2025-09-01 00:00:00,21,15,1,5,12.8
ATT006802,EMP0567,2025-10-01 00:00:00,23,20,1,2,5.2
ATT006803,EMP0567,2025-11-01 00:00:00,21,20,0,1,24.1
ATT006804,EMP0567,2025-12-01 00:00:00,21,18,1,2,5.2
ATT006805,EMP0568,2025-01-01 00:00:00,22,19,2,1,11.1
ATT006806,EMP0568,2025-02-01 00:00:00,22,20,0,2,0
ATT006807,EMP0568,2025-03-01 00:00:00,22,19,0,3,21.5
ATT006808,EMP0568,2025-04-01 00:00:00,22,18,1,3,1.6
ATT006809,EMP0568,2025-05-01 00:00:00,21,20,0,1,10.6
ATT006810,EMP0568,2025-06-01 00:00:00,22,22,0,0,4.1
ATT006811,EMP0568,2025-07-01 00:00:00,21,21,0,0,0
ATT006812,EMP0568,2025-08-01 00:00:00,22,20,1,1,10.2
ATT006813,EMP0568,2025-09-01 00:00:00,22,21,1,0,12.5
ATT006814,EMP0568,2025-10-01 00:00:00,22,20,1,1,14.3
ATT006815,EMP0568,2025-11-01 00:00:00,20,15,2,3,0.5
ATT006816,EMP0568,2025-12-01 00:00:00,21,19,1,1,14.1
ATT006817,EMP0569,2025-01-01 00:00:00,22,22,0,0,0
ATT006818,EMP0569,2025-02-01 00:00:00,23,23,0,0,10.1
ATT006819,EMP0569,2025-03-01 00:00:00,22,21,1,0,9.2
ATT006820,EMP0569,2025-04-01 00:00:00,21,21,0,0,1.6
ATT006821,EMP0569,2025-05-01 00:00:00,21,20,1,0,12.8
ATT006822,EMP0569,2025-06-01 00:00:00,23,22,0,1,17.3
ATT006823,EMP0569,2025-07-01 00:00:00,23,21,2,0,4.8
ATT006824,EMP0569,2025-08-01 00:00:00,20,18,1,1,10.8
ATT006825,EMP0569,2025-09-01 00:00:00,23,19,2,2,8.5
ATT006826,EMP0569,2025-10-01 00:00:00,21,20,0,1,5.4
ATT006827,EMP0569,2025-11-01 00:00:00,22,20,2,0,11.3
ATT006828,EMP0569,2025-12-01 00:00:00,22,21,1,0,7.8
ATT006829,EMP0570,2025-01-01 00:00:00,20,15,2,3,13.4
ATT006830,EMP0570,2025-02-01 00:00:00,22,18,1,3,9.8
ATT006831,EMP0570,2025-03-01 00:00:00,20,17,1,2,12.7
ATT006832,EMP0570,2025-04-01 00:00:00,22,21,1,0,0
ATT006833,EMP0570,2025-05-01 00:00:00,22,21,0,1,1.6
ATT006834,EMP0570,2025-06-01 00:00:00,21,20,1,0,8.3
ATT006835,EMP0570,2025-07-01 00:00:00,22,20,0,2,6.4
ATT006836,EMP0570,2025-08-01 00:00:00,22,17,2,3,11.6
ATT006837,EMP0570,2025-09-01 00:00:00,21,19,1,1,0
ATT006838,EMP0570,2025-10-01 00:00:00,22,21,0,1,5.9
ATT006839,EMP0570,2025-11-01 00:00:00,20,16,3,1,18
ATT006840,EMP0570,2025-12-01 00:00:00,21,16,1,4,9.6
ATT006841,EMP0571,2025-01-01 00:00:00,22,21,1,0,10.5
ATT006842,EMP0571,2025-02-01 00:00:00,22,18,1,3,10.1
ATT006843,EMP0571,2025-03-01 00:00:00,22,18,3,1,8.8
ATT006844,EMP0571,2025-04-01 00:00:00,21,17,1,3,1.2
ATT006845,EMP0571,2025-05-01 00:00:00,21,18,1,2,6.3
ATT006846,EMP0571,2025-06-01 00:00:00,21,15,1,5,11.6
ATT006847,EMP0571,2025-07-01 00:00:00,22,20,2,0,4.7
ATT006848,EMP0571,2025-08-01 00:00:00,22,19,0,3,19.3
ATT006849,EMP0571,2025-09-01 00:00:00,23,20,0,3,4.7
ATT006850,EMP0571,2025-10-01 00:00:00,21,19,0,2,10.9
ATT006851,EMP0571,2025-11-01 00:00:00,23,22,1,0,0
ATT006852,EMP0571,2025-12-01 00:00:00,21,17,2,2,8.9
ATT006853,EMP0572,2025-01-01 00:00:00,20,19,0,1,4.7
ATT006854,EMP0572,2025-02-01 00:00:00,21,16,3,2,13
ATT006855,EMP0572,2025-03-01 00:00:00,22,16,2,4,27.2
ATT006856,EMP0572,2025-04-01 00:00:00,22,18,2,2,26.9
ATT006857,EMP0572,2025-05-01 00:00:00,22,18,1,3,0
ATT006858,EMP0572,2025-06-01 00:00:00,20,19,0,1,15.3
ATT006859,EMP0572,2025-07-01 00:00:00,22,21,1,0,7.9
ATT006860,EMP0572,2025-08-01 00:00:00,21,17,2,2,1.5
ATT006861,EMP0572,2025-09-01 00:00:00,20,19,0,1,13.8
ATT006862,EMP0572,2025-10-01 00:00:00,21,18,1,2,9.9
ATT006863,EMP0572,2025-11-01 00:00:00,22,21,0,1,6.4
ATT006864,EMP0572,2025-12-01 00:00:00,22,20,0,2,10.8
ATT006865,EMP0573,2025-01-01 00:00:00,23,21,1,1,13.4
ATT006866,EMP0573,2025-02-01 00:00:00,21,20,0,1,15.8
ATT006867,EMP0573,2025-03-01 00:00:00,23,21,1,1,3.1
ATT006868,EMP0573,2025-04-01 00:00:00,22,18,0,4,3.3
ATT006869,EMP0573,2025-05-01 00:00:00,22,19,0,3,0
ATT006870,EMP0573,2025-06-01 00:00:00,22,21,1,0,18.4
ATT006871,EMP0573,2025-07-01 00:00:00,23,21,0,2,16.2
ATT006872,EMP0573,2025-08-01 00:00:00,21,18,1,2,0.3
ATT006873,EMP0573,2025-09-01 00:00:00,23,17,1,5,4.6
ATT006874,EMP0573,2025-10-01 00:00:00,22,19,2,1,4.9
ATT006875,EMP0573,2025-11-01 00:00:00,23,20,1,2,16.4
ATT006876,EMP0573,2025-12-01 00:00:00,22,19,2,1,10.2
ATT006877,EMP0574,2025-01-01 00:00:00,22,20,1,1,9
ATT006878,EMP0574,2025-02-01 00:00:00,22,20,0,2,0
ATT006879,EMP0574,2025-03-01 00:00:00,21,18,0,3,4.2
ATT006880,EMP0574,2025-04-01 00:00:00,21,21,0,0,17.8
ATT006881,EMP0574,2025-05-01 00:00:00,22,20,1,1,24.3
ATT006882,EMP0574,2025-06-01 00:00:00,22,19,0,3,8.3
ATT006883,EMP0574,2025-07-01 00:00:00,22,18,3,1,15
ATT006884,EMP0574,2025-08-01 00:00:00,22,20,1,1,4.9
ATT006885,EMP0574,2025-09-01 00:00:00,23,22,0,1,13.9
ATT006886,EMP0574,2025-10-01 00:00:00,21,20,0,1,4
ATT006887,EMP0574,2025-11-01 00:00:00,22,21,0,1,1.7
ATT006888,EMP0574,2025-12-01 00:00:00,23,19,2,2,1
ATT006889,EMP0575,2025-01-01 00:00:00,21,20,1,0,16.9
ATT006890,EMP0575,2025-02-01 00:00:00,21,18,2,1,9
ATT006891,EMP0575,2025-03-01 00:00:00,22,22,0,0,18.1
ATT006892,EMP0575,2025-04-01 00:00:00,21,19,1,1,7.9
ATT006893,EMP0575,2025-05-01 00:00:00,21,19,0,2,9
ATT006894,EMP0575,2025-06-01 00:00:00,20,20,0,0,12.2
ATT006895,EMP0575,2025-07-01 00:00:00,22,19,1,2,2.1
ATT006896,EMP0575,2025-08-01 00:00:00,20,19,0,1,9.7
ATT006897,EMP0575,2025-09-01 00:00:00,20,19,0,1,3
ATT006898,EMP0575,2025-10-01 00:00:00,23,19,0,4,3.7
ATT006899,EMP0575,2025-11-01 00:00:00,22,21,1,0,1.4
ATT006900,EMP0575,2025-12-01 00:00:00,22,21,1,0,3.6
ATT006901,EMP0576,2025-01-01 00:00:00,22,16,3,3,16.5
ATT006902,EMP0576,2025-02-01 00:00:00,21,20,0,1,0
ATT006903,EMP0576,2025-03-01 00:00:00,20,17,0,3,11.9
ATT006904,EMP0576,2025-04-01 00:00:00,22,19,1,2,13.9
ATT006905,EMP0576,2025-05-01 00:00:00,23,23,0,0,0
ATT006906,EMP0576,2025-06-01 00:00:00,20,17,0,3,9
ATT006907,EMP0576,2025-07-01 00:00:00,23,18,0,5,12.9
ATT006908,EMP0576,2025-08-01 00:00:00,21,17,3,1,20.2
ATT006909,EMP0576,2025-09-01 00:00:00,22,21,1,0,2.8
ATT006910,EMP0576,2025-10-01 00:00:00,22,20,0,2,7.3
ATT006911,EMP0576,2025-11-01 00:00:00,22,18,1,3,7.6
ATT006912,EMP0576,2025-12-01 00:00:00,20,17,2,1,3.3
ATT006913,EMP0577,2025-01-01 00:00:00,22,18,0,4,10.2
ATT006914,EMP0577,2025-02-01 00:00:00,22,20,0,2,6.9
ATT006915,EMP0577,2025-03-01 00:00:00,20,17,0,3,1.7
ATT006916,EMP0577,2025-04-01 00:00:00,22,18,1,3,9.8
ATT006917,EMP0577,2025-05-01 00:00:00,23,19,2,2,14.1
ATT006918,EMP0577,2025-06-01 00:00:00,21,19,2,0,0
ATT006919,EMP0577,2025-07-01 00:00:00,20,18,1,1,14.1
ATT006920,EMP0577,2025-08-01 00:00:00,23,18,1,4,15.4
ATT006921,EMP0577,2025-09-01 00:00:00,21,18,1,2,0
ATT006922,EMP0577,2025-10-01 00:00:00,21,20,1,0,1.8
ATT006923,EMP0577,2025-11-01 00:00:00,23,21,1,1,0
ATT006924,EMP0577,2025-12-01 00:00:00,21,21,0,0,11.9
ATT006925,EMP0578,2025-01-01 00:00:00,23,18,2,3,13.2
ATT006926,EMP0578,2025-02-01 00:00:00,21,21,0,0,9.1
ATT006927,EMP0578,2025-03-01 00:00:00,22,21,1,0,3.7
ATT006928,EMP0578,2025-04-01 00:00:00,21,19,1,1,8.5
ATT006929,EMP0578,2025-05-01 00:00:00,20,18,1,1,7.4
ATT006930,EMP0578,2025-06-01 00:00:00,22,15,2,5,7.5
ATT006931,EMP0578,2025-07-01 00:00:00,23,19,1,3,10.3
ATT006932,EMP0578,2025-08-01 00:00:00,23,19,2,2,3.7
ATT006933,EMP0578,2025-09-01 00:00:00,22,19,1,2,7.7
ATT006934,EMP0578,2025-10-01 00:00:00,22,21,1,0,0
ATT006935,EMP0578,2025-11-01 00:00:00,22,21,0,1,5.1
ATT006936,EMP0578,2025-12-01 00:00:00,22,18,2,2,6.7
ATT006937,EMP0579,2025-01-01 00:00:00,21,20,1,0,1.2
ATT006938,EMP0579,2025-02-01 00:00:00,21,21,0,0,3.6
ATT006939,EMP0579,2025-03-01 00:00:00,23,22,0,1,1.7
ATT006940,EMP0579,2025-04-01 00:00:00,20,18,1,1,12.6
ATT006941,EMP0579,2025-05-01 00:00:00,22,20,2,0,15.7
ATT006942,EMP0579,2025-06-01 00:00:00,21,21,0,0,6.2
ATT006943,EMP0579,2025-07-01 00:00:00,21,17,1,3,0
ATT006944,EMP0579,2025-08-01 00:00:00,21,19,1,1,4.3
ATT006945,EMP0579,2025-09-01 00:00:00,22,18,1,3,7.8
ATT006946,EMP0579,2025-10-01 00:00:00,21,18,2,1,7.1
ATT006947,EMP0579,2025-11-01 00:00:00,22,19,2,1,15.2
ATT006948,EMP0579,2025-12-01 00:00:00,21,20,1,0,0
ATT006949,EMP0580,2025-01-01 00:00:00,20,20,0,0,0.4
ATT006950,EMP0580,2025-02-01 00:00:00,20,19,0,1,5.6
ATT006951,EMP0580,2025-03-01 00:00:00,22,19,0,3,5.6
ATT006952,EMP0580,2025-04-01 00:00:00,21,19,2,0,8.2
ATT006953,EMP0580,2025-05-01 00:00:00,22,19,1,2,4.6
ATT006954,EMP0580,2025-06-01 00:00:00,22,19,2,1,3.2
ATT006955,EMP0580,2025-07-01 00:00:00,22,18,2,2,7.8
ATT006956,EMP0580,2025-08-01 00:00:00,20,15,1,4,7.3
ATT006957,EMP0580,2025-09-01 00:00:00,22,21,1,0,4.4
ATT006958,EMP0580,2025-10-01 00:00:00,21,18,2,1,12.8
ATT006959,EMP0580,2025-11-01 00:00:00,21,20,1,0,4.1
ATT006960,EMP0580,2025-12-01 00:00:00,22,18,2,2,11.1
ATT006961,EMP0581,2025-01-01 00:00:00,23,20,0,3,3
ATT006962,EMP0581,2025-02-01 00:00:00,20,18,0,2,8
ATT006963,EMP0581,2025-03-01 00:00:00,21,18,1,2,9
ATT006964,EMP0581,2025-04-01 00:00:00,22,19,0,3,3.6
ATT006965,EMP0581,2025-05-01 00:00:00,20,17,2,1,11.3
ATT006966,EMP0581,2025-06-01 00:00:00,21,16,0,5,0.1
ATT006967,EMP0581,2025-07-01 00:00:00,21,19,0,2,6.2
ATT006968,EMP0581,2025-08-01 00:00:00,23,22,0,1,10.8
ATT006969,EMP0581,2025-09-01 00:00:00,22,20,1,1,9.3
ATT006970,EMP0581,2025-10-01 00:00:00,22,22,0,0,7.2
ATT006971,EMP0581,2025-11-01 00:00:00,21,18,1,2,10.6
ATT006972,EMP0581,2025-12-01 00:00:00,23,20,1,2,12.7
ATT006973,EMP0582,2025-01-01 00:00:00,21,17,1,3,11.5
ATT006974,EMP0582,2025-02-01 00:00:00,22,20,1,1,9
ATT006975,EMP0582,2025-03-01 00:00:00,21,15,1,5,12.6
ATT006976,EMP0582,2025-04-01 00:00:00,22,18,2,2,10
ATT006977,EMP0582,2025-05-01 00:00:00,22,20,0,2,2.1
ATT006978,EMP0582,2025-06-01 00:00:00,21,19,0,2,0
ATT006979,EMP0582,2025-07-01 00:00:00,21,20,0,1,7.4
ATT006980,EMP0582,2025-08-01 00:00:00,22,18,1,3,6.2
ATT006981,EMP0582,2025-09-01 00:00:00,20,15,1,4,8.6
ATT006982,EMP0582,2025-10-01 00:00:00,21,20,1,0,3.8
ATT006983,EMP0582,2025-11-01 00:00:00,22,20,0,2,7.8
ATT006984,EMP0582,2025-12-01 00:00:00,23,22,0,1,14.1
ATT006985,EMP0583,2025-01-01 00:00:00,21,19,0,2,10.2
ATT006986,EMP0583,2025-02-01 00:00:00,22,21,0,1,1.1
ATT006987,EMP0583,2025-03-01 00:00:00,22,21,0,1,8.2
ATT006988,EMP0583,2025-04-01 00:00:00,22,21,0,1,0
ATT006989,EMP0583,2025-05-01 00:00:00,21,17,0,4,6.1
ATT006990,EMP0583,2025-06-01 00:00:00,22,20,0,2,0
ATT006991,EMP0583,2025-07-01 00:00:00,21,17,3,1,0
ATT006992,EMP0583,2025-08-01 00:00:00,22,21,1,0,2.5
ATT006993,EMP0583,2025-09-01 00:00:00,21,18,0,3,2.6
ATT006994,EMP0583,2025-10-01 00:00:00,22,20,1,1,11.5
ATT006995,EMP0583,2025-11-01 00:00:00,23,19,1,3,13.7
ATT006996,EMP0583,2025-12-01 00:00:00,22,19,2,1,13.9
ATT006997,EMP0584,2025-01-01 00:00:00,22,22,0,0,13.2
ATT006998,EMP0584,2025-02-01 00:00:00,23,20,3,0,5.2
ATT006999,EMP0584,2025-03-01 00:00:00,21,18,2,1,15.3
ATT007000,EMP0584,2025-04-01 00:00:00,22,20,2,0,0.7
ATT007001,EMP0584,2025-05-01 00:00:00,22,21,0,1,4.7
ATT007002,EMP0584,2025-06-01 00:00:00,23,22,0,1,14.1
ATT007003,EMP0584,2025-07-01 00:00:00,21,16,1,4,4.5
ATT007004,EMP0584,2025-08-01 00:00:00,21,17,2,2,11.9
ATT007005,EMP0584,2025-09-01 00:00:00,22,19,1,2,2.7
ATT007006,EMP0584,2025-10-01 00:00:00,22,16,1,5,11.8
ATT007007,EMP0584,2025-11-01 00:00:00,22,21,0,1,2
ATT007008,EMP0584,2025-12-01 00:00:00,21,18,1,2,14.7
ATT007009,EMP0585,2025-01-01 00:00:00,23,22,1,0,7
ATT007010,EMP0585,2025-02-01 00:00:00,22,21,0,1,18.2
ATT007011,EMP0585,2025-03-01 00:00:00,22,16,2,4,7.3
ATT007012,EMP0585,2025-04-01 00:00:00,23,19,1,3,0
ATT007013,EMP0585,2025-05-01 00:00:00,21,19,1,1,1.2
ATT007014,EMP0585,2025-06-01 00:00:00,20,20,0,0,0
ATT007015,EMP0585,2025-07-01 00:00:00,22,22,0,0,23.4
ATT007016,EMP0585,2025-08-01 00:00:00,22,20,1,1,3.9
ATT007017,EMP0585,2025-09-01 00:00:00,22,19,0,3,1.9
ATT007018,EMP0585,2025-10-01 00:00:00,21,20,0,1,12.6
ATT007019,EMP0585,2025-11-01 00:00:00,21,21,0,0,4.9
ATT007020,EMP0585,2025-12-01 00:00:00,22,20,2,0,11.3
ATT007021,EMP0586,2025-01-01 00:00:00,23,20,0,3,9.2
ATT007022,EMP0586,2025-02-01 00:00:00,21,16,1,4,16.1
ATT007023,EMP0586,2025-03-01 00:00:00,22,19,0,3,7
ATT007024,EMP0586,2025-04-01 00:00:00,23,21,2,0,0
ATT007025,EMP0586,2025-05-01 00:00:00,21,18,2,1,3.9
ATT007026,EMP0586,2025-06-01 00:00:00,23,21,0,2,6.1
ATT007027,EMP0586,2025-07-01 00:00:00,23,22,0,1,3.1
ATT007028,EMP0586,2025-08-01 00:00:00,22,20,1,1,3.8
ATT007029,EMP0586,2025-09-01 00:00:00,22,20,1,1,9.6
ATT007030,EMP0586,2025-10-01 00:00:00,21,20,1,0,8.5
ATT007031,EMP0586,2025-11-01 00:00:00,21,19,0,2,4
ATT007032,EMP0586,2025-12-01 00:00:00,22,20,0,2,23.8
ATT007033,EMP0587,2025-01-01 00:00:00,21,20,1,0,3.9
ATT007034,EMP0587,2025-02-01 00:00:00,20,16,2,2,2.9
ATT007035,EMP0587,2025-03-01 00:00:00,22,21,1,0,21
ATT007036,EMP0587,2025-04-01 00:00:00,22,20,0,2,0.3
ATT007037,EMP0587,2025-05-01 00:00:00,22,19,2,1,0
ATT007038,EMP0587,2025-06-01 00:00:00,22,19,0,3,0
ATT007039,EMP0587,2025-07-01 00:00:00,20,17,3,0,11.5
ATT007040,EMP0587,2025-08-01 00:00:00,23,19,3,1,16.1
ATT007041,EMP0587,2025-09-01 00:00:00,22,17,2,3,0
ATT007042,EMP0587,2025-10-01 00:00:00,22,17,2,3,8.3
ATT007043,EMP0587,2025-11-01 00:00:00,22,16,1,5,8.1
ATT007044,EMP0587,2025-12-01 00:00:00,22,21,0,1,15.4
ATT007045,EMP0588,2025-01-01 00:00:00,23,17,1,5,6.6
ATT007046,EMP0588,2025-02-01 00:00:00,21,17,2,2,1.3
ATT007047,EMP0588,2025-03-01 00:00:00,23,22,0,1,9.7
ATT007048,EMP0588,2025-04-01 00:00:00,23,22,1,0,10.8
ATT007049,EMP0588,2025-05-01 00:00:00,22,18,0,4,1.1
ATT007050,EMP0588,2025-06-01 00:00:00,20,15,1,4,6.9
ATT007051,EMP0588,2025-07-01 00:00:00,22,20,0,2,1.7
ATT007052,EMP0588,2025-08-01 00:00:00,20,19,0,1,9.9
ATT007053,EMP0588,2025-09-01 00:00:00,22,20,1,1,9.6
ATT007054,EMP0588,2025-10-01 00:00:00,21,18,1,2,7.1
ATT007055,EMP0588,2025-11-01 00:00:00,23,21,1,1,10.9
ATT007056,EMP0588,2025-12-01 00:00:00,23,23,0,0,1
ATT007057,EMP0589,2025-01-01 00:00:00,22,21,0,1,2.6
ATT007058,EMP0589,2025-02-01 00:00:00,21,21,0,0,0.6
ATT007059,EMP0589,2025-03-01 00:00:00,21,19,2,0,16.7
ATT007060,EMP0589,2025-04-01 00:00:00,20,18,1,1,8.1
ATT007061,EMP0589,2025-05-01 00:00:00,21,20,1,0,20.5
ATT007062,EMP0589,2025-06-01 00:00:00,22,20,2,0,6.8
ATT007063,EMP0589,2025-07-01 00:00:00,22,21,1,0,17.3
ATT007064,EMP0589,2025-08-01 00:00:00,22,19,0,3,5.6
ATT007065,EMP0589,2025-09-01 00:00:00,22,20,0,2,15
ATT007066,EMP0589,2025-10-01 00:00:00,23,20,0,3,20.2
ATT007067,EMP0589,2025-11-01 00:00:00,21,20,1,0,9.5
ATT007068,EMP0589,2025-12-01 00:00:00,23,22,0,1,1.7
ATT007069,EMP0590,2025-01-01 00:00:00,21,20,0,1,0
ATT007070,EMP0590,2025-02-01 00:00:00,22,20,0,2,8.9
ATT007071,EMP0590,2025-03-01 00:00:00,22,20,0,2,15.4
ATT007072,EMP0590,2025-04-01 00:00:00,21,20,0,1,5
ATT007073,EMP0590,2025-05-01 00:00:00,22,21,0,1,9.6
ATT007074,EMP0590,2025-06-01 00:00:00,22,21,0,1,9.1
ATT007075,EMP0590,2025-07-01 00:00:00,22,21,1,0,7.5
ATT007076,EMP0590,2025-08-01 00:00:00,22,19,0,3,4.1
ATT007077,EMP0590,2025-09-01 00:00:00,22,21,0,1,5.1
ATT007078,EMP0590,2025-10-01 00:00:00,22,20,0,2,0
ATT007079,EMP0590,2025-11-01 00:00:00,21,19,1,1,8.6
ATT007080,EMP0590,2025-12-01 00:00:00,22,21,1,0,13.6
ATT007081,EMP0591,2025-01-01 00:00:00,21,14,3,4,5.1
ATT007082,EMP0591,2025-02-01 00:00:00,23,19,0,4,7.6
ATT007083,EMP0591,2025-03-01 00:00:00,22,18,0,4,15.1
ATT007084,EMP0591,2025-04-01 00:00:00,22,18,1,3,9.3
ATT007085,EMP0591,2025-05-01 00:00:00,20,18,1,1,0
ATT007086,EMP0591,2025-06-01 00:00:00,21,19,1,1,0.8
ATT007087,EMP0591,2025-07-01 00:00:00,22,19,1,2,23.5
ATT007088,EMP0591,2025-08-01 00:00:00,21,21,0,0,19.2
ATT007089,EMP0591,2025-09-01 00:00:00,21,18,0,3,4.4
ATT007090,EMP0591,2025-10-01 00:00:00,22,22,0,0,4.8
ATT007091,EMP0591,2025-11-01 00:00:00,21,16,1,4,4.9
ATT007092,EMP0591,2025-12-01 00:00:00,21,14,2,5,13.8
ATT007093,EMP0592,2025-01-01 00:00:00,22,18,1,3,5
ATT007094,EMP0592,2025-02-01 00:00:00,22,22,0,0,0
ATT007095,EMP0592,2025-03-01 00:00:00,21,15,2,4,2.4
ATT007096,EMP0592,2025-04-01 00:00:00,21,20,0,1,2.9
ATT007097,EMP0592,2025-05-01 00:00:00,21,17,2,2,0
ATT007098,EMP0592,2025-06-01 00:00:00,21,20,0,1,8.9
ATT007099,EMP0592,2025-07-01 00:00:00,22,19,2,1,18.9
ATT007100,EMP0592,2025-08-01 00:00:00,22,20,0,2,1.7
ATT007101,EMP0592,2025-09-01 00:00:00,22,21,0,1,12.2
ATT007102,EMP0592,2025-10-01 00:00:00,22,19,2,1,8.9
ATT007103,EMP0592,2025-11-01 00:00:00,22,21,0,1,17.7
ATT007104,EMP0592,2025-12-01 00:00:00,22,17,2,3,6.1
ATT007105,EMP0593,2025-01-01 00:00:00,22,21,0,1,0.4
ATT007106,EMP0593,2025-02-01 00:00:00,22,18,0,4,13.4
ATT007107,EMP0593,2025-03-01 00:00:00,22,18,0,4,6.4
ATT007108,EMP0593,2025-04-01 00:00:00,22,18,2,2,7.1
ATT007109,EMP0593,2025-05-01 00:00:00,22,19,1,2,2
ATT007110,EMP0593,2025-06-01 00:00:00,21,19,0,2,2
ATT007111,EMP0593,2025-07-01 00:00:00,23,19,0,4,13.2
ATT007112,EMP0593,2025-08-01 00:00:00,22,19,2,1,2.7
ATT007113,EMP0593,2025-09-01 00:00:00,22,20,1,1,3.9
ATT007114,EMP0593,2025-10-01 00:00:00,21,19,0,2,18.2
ATT007115,EMP0593,2025-11-01 00:00:00,21,20,0,1,5.3
ATT007116,EMP0593,2025-12-01 00:00:00,22,15,2,5,11.1
ATT007117,EMP0594,2025-01-01 00:00:00,22,18,1,3,11.6
ATT007118,EMP0594,2025-02-01 00:00:00,21,18,1,2,15.4
ATT007119,EMP0594,2025-03-01 00:00:00,21,18,0,3,9.7
ATT007120,EMP0594,2025-04-01 00:00:00,21,17,3,1,12.4
ATT007121,EMP0594,2025-05-01 00:00:00,20,17,1,2,10
ATT007122,EMP0594,2025-06-01 00:00:00,21,15,2,4,18.5
ATT007123,EMP0594,2025-07-01 00:00:00,22,18,1,3,10.5
ATT007124,EMP0594,2025-08-01 00:00:00,22,19,0,3,11.9
ATT007125,EMP0594,2025-09-01 00:00:00,22,17,0,5,5.8
ATT007126,EMP0594,2025-10-01 00:00:00,22,22,0,0,10.2
ATT007127,EMP0594,2025-11-01 00:00:00,22,19,1,2,0
ATT007128,EMP0594,2025-12-01 00:00:00,22,21,0,1,0
ATT007129,EMP0595,2025-01-01 00:00:00,21,21,0,0,11.4
ATT007130,EMP0595,2025-02-01 00:00:00,21,18,1,2,9.5
ATT007131,EMP0595,2025-03-01 00:00:00,22,22,0,0,5.9
ATT007132,EMP0595,2025-04-01 00:00:00,23,20,0,3,9.9
ATT007133,EMP0595,2025-05-01 00:00:00,21,19,1,1,4.9
ATT007134,EMP0595,2025-06-01 00:00:00,22,21,0,1,4.1
ATT007135,EMP0595,2025-07-01 00:00:00,22,21,1,0,5
ATT007136,EMP0595,2025-08-01 00:00:00,22,17,3,2,13.4
ATT007137,EMP0595,2025-09-01 00:00:00,22,20,0,2,4
ATT007138,EMP0595,2025-10-01 00:00:00,21,21,0,0,0
ATT007139,EMP0595,2025-11-01 00:00:00,23,18,1,4,4
ATT007140,EMP0595,2025-12-01 00:00:00,21,18,1,2,10.3
ATT007141,EMP0596,2025-01-01 00:00:00,23,23,0,0,11.1
ATT007142,EMP0596,2025-02-01 00:00:00,22,20,1,1,4.7
ATT007143,EMP0596,2025-03-01 00:00:00,21,15,1,5,16.4
ATT007144,EMP0596,2025-04-01 00:00:00,21,16,1,4,4.3
ATT007145,EMP0596,2025-05-01 00:00:00,22,19,1,2,18.8
ATT007146,EMP0596,2025-06-01 00:00:00,22,21,0,1,6.6
ATT007147,EMP0596,2025-07-01 00:00:00,23,20,1,2,5.8
ATT007148,EMP0596,2025-08-01 00:00:00,20,19,0,1,3.3
ATT007149,EMP0596,2025-09-01 00:00:00,21,19,1,1,0
ATT007150,EMP0596,2025-10-01 00:00:00,21,20,0,1,6.6
ATT007151,EMP0596,2025-11-01 00:00:00,21,20,0,1,8.5
ATT007152,EMP0596,2025-12-01 00:00:00,22,19,1,2,6.9
ATT007153,EMP0597,2025-01-01 00:00:00,22,22,0,0,12
ATT007154,EMP0597,2025-02-01 00:00:00,22,21,1,0,4.8
ATT007155,EMP0597,2025-03-01 00:00:00,21,20,0,1,16.8
ATT007156,EMP0597,2025-04-01 00:00:00,21,21,0,0,4.2
ATT007157,EMP0597,2025-05-01 00:00:00,22,20,2,0,7.1
ATT007158,EMP0597,2025-06-01 00:00:00,22,20,0,2,0
ATT007159,EMP0597,2025-07-01 00:00:00,20,20,0,0,6.8
ATT007160,EMP0597,2025-08-01 00:00:00,22,19,2,1,5.6
ATT007161,EMP0597,2025-09-01 00:00:00,21,20,0,1,15.7
ATT007162,EMP0597,2025-10-01 00:00:00,20,17,0,3,4.1
ATT007163,EMP0597,2025-11-01 00:00:00,20,20,0,0,6.3
ATT007164,EMP0597,2025-12-01 00:00:00,23,22,0,1,5.2
ATT007165,EMP0598,2025-01-01 00:00:00,22,22,0,0,0.4
ATT007166,EMP0598,2025-02-01 00:00:00,21,19,0,2,16.5
ATT007167,EMP0598,2025-03-01 00:00:00,21,19,2,0,0
ATT007168,EMP0598,2025-04-01 00:00:00,22,21,0,1,12.6
ATT007169,EMP0598,2025-05-01 00:00:00,21,19,1,1,4.1
ATT007170,EMP0598,2025-06-01 00:00:00,22,20,0,2,2.4
ATT007171,EMP0598,2025-07-01 00:00:00,22,20,1,1,7.4
ATT007172,EMP0598,2025-08-01 00:00:00,22,21,0,1,5.7
ATT007173,EMP0598,2025-09-01 00:00:00,20,17,2,1,10.1
ATT007174,EMP0598,2025-10-01 00:00:00,22,21,0,1,3.6
ATT007175,EMP0598,2025-11-01 00:00:00,22,20,0,2,15.1
ATT007176,EMP0598,2025-12-01 00:00:00,22,19,1,2,5.4
ATT007177,EMP0599,2025-01-01 00:00:00,21,19,1,1,10.1
ATT007178,EMP0599,2025-02-01 00:00:00,23,19,3,1,7.7
ATT007179,EMP0599,2025-03-01 00:00:00,21,20,0,1,15.1
ATT007180,EMP0599,2025-04-01 00:00:00,21,21,0,0,0.9
ATT007181,EMP0599,2025-05-01 00:00:00,23,21,1,1,6.7
ATT007182,EMP0599,2025-06-01 00:00:00,22,18,1,3,8.7
ATT007183,EMP0599,2025-07-01 00:00:00,20,17,2,1,12.7
ATT007184,EMP0599,2025-08-01 00:00:00,22,18,0,4,24
ATT007185,EMP0599,2025-09-01 00:00:00,22,18,1,3,4.8
ATT007186,EMP0599,2025-10-01 00:00:00,22,20,1,1,6.1
ATT007187,EMP0599,2025-11-01 00:00:00,21,20,1,0,6.4
ATT007188,EMP0599,2025-12-01 00:00:00,23,18,2,3,5.1
ATT007189,EMP0600,2025-01-01 00:00:00,21,17,3,1,7.7
ATT007190,EMP0600,2025-02-01 00:00:00,22,20,1,1,0.6
ATT007191,EMP0600,2025-03-01 00:00:00,22,16,3,3,17.4
ATT007192,EMP0600,2025-04-01 00:00:00,21,19,0,2,6.7
ATT007193,EMP0600,2025-05-01 00:00:00,22,19,0,3,6.7
ATT007194,EMP0600,2025-06-01 00:00:00,22,18,1,3,0
ATT007195,EMP0600,2025-07-01 00:00:00,23,22,0,1,5.9
ATT007196,EMP0600,2025-08-01 00:00:00,23,17,1,5,9.3
ATT007197,EMP0600,2025-09-01 00:00:00,22,19,1,2,14.3
ATT007198,EMP0600,2025-10-01 00:00:00,20,19,0,1,8.1
ATT007199,EMP0600,2025-11-01 00:00:00,23,22,1,0,18.5
ATT007200,EMP0600,2025-12-01 00:00:00,22,21,0,1,0.3
ATT007201,EMP0601,2025-01-01 00:00:00,22,22,0,0,12.2
ATT007202,EMP0601,2025-02-01 00:00:00,22,22,0,0,11.2
ATT007203,EMP0601,2025-03-01 00:00:00,22,20,0,2,16.3
ATT007204,EMP0601,2025-04-01 00:00:00,22,22,0,0,3.3
ATT007205,EMP0601,2025-05-01 00:00:00,22,19,1,2,14.1
ATT007206,EMP0601,2025-06-01 00:00:00,21,16,0,5,13.5
ATT007207,EMP0601,2025-07-01 00:00:00,22,19,2,1,15.2
ATT007208,EMP0601,2025-08-01 00:00:00,22,18,0,4,9.8
ATT007209,EMP0601,2025-09-01 00:00:00,21,17,0,4,10.9
ATT007210,EMP0601,2025-10-01 00:00:00,20,18,2,0,1.3
ATT007211,EMP0601,2025-11-01 00:00:00,20,19,1,0,0.4
ATT007212,EMP0601,2025-12-01 00:00:00,23,18,2,3,14.5
ATT007213,EMP0602,2025-01-01 00:00:00,21,18,2,1,3.7
ATT007214,EMP0602,2025-02-01 00:00:00,21,20,0,1,0
ATT007215,EMP0602,2025-03-01 00:00:00,21,18,0,3,11.4
ATT007216,EMP0602,2025-04-01 00:00:00,20,18,1,1,7.3
ATT007217,EMP0602,2025-05-01 00:00:00,20,19,0,1,13.6
ATT007218,EMP0602,2025-06-01 00:00:00,22,20,0,2,0
ATT007219,EMP0602,2025-07-01 00:00:00,21,21,0,0,1.9
ATT007220,EMP0602,2025-08-01 00:00:00,21,20,0,1,14
ATT007221,EMP0602,2025-09-01 00:00:00,21,16,2,3,1.7
ATT007222,EMP0602,2025-10-01 00:00:00,23,22,1,0,2.6
ATT007223,EMP0602,2025-11-01 00:00:00,22,20,0,2,6.9
ATT007224,EMP0602,2025-12-01 00:00:00,22,19,1,2,21.8
ATT007225,EMP0603,2025-01-01 00:00:00,22,21,1,0,17.4
ATT007226,EMP0603,2025-02-01 00:00:00,21,21,0,0,8.7
ATT007227,EMP0603,2025-03-01 00:00:00,22,18,3,1,15.8
ATT007228,EMP0603,2025-04-01 00:00:00,22,18,0,4,14
ATT007229,EMP0603,2025-05-01 00:00:00,23,23,0,0,7.7
ATT007230,EMP0603,2025-06-01 00:00:00,21,16,0,5,14.1
ATT007231,EMP0603,2025-07-01 00:00:00,21,17,1,3,13.8
ATT007232,EMP0603,2025-08-01 00:00:00,23,21,0,2,5.6
ATT007233,EMP0603,2025-09-01 00:00:00,22,18,2,2,5.5
ATT007234,EMP0603,2025-10-01 00:00:00,21,18,3,0,0
ATT007235,EMP0603,2025-11-01 00:00:00,22,21,1,0,11.6
ATT007236,EMP0603,2025-12-01 00:00:00,22,21,1,0,9
ATT007237,EMP0604,2025-01-01 00:00:00,22,21,1,0,6.5
ATT007238,EMP0604,2025-02-01 00:00:00,21,16,0,5,15.8
ATT007239,EMP0604,2025-03-01 00:00:00,23,20,1,2,14.9
ATT007240,EMP0604,2025-04-01 00:00:00,23,22,1,0,0
ATT007241,EMP0604,2025-05-01 00:00:00,23,22,0,1,7.1
ATT007242,EMP0604,2025-06-01 00:00:00,22,20,1,1,4.9
ATT007243,EMP0604,2025-07-01 00:00:00,22,22,0,0,8.6
ATT007244,EMP0604,2025-08-01 00:00:00,23,23,0,0,6.5
ATT007245,EMP0604,2025-09-01 00:00:00,20,19,1,0,15
ATT007246,EMP0604,2025-10-01 00:00:00,22,19,1,2,14.6
ATT007247,EMP0604,2025-11-01 00:00:00,23,20,1,2,14.2
ATT007248,EMP0604,2025-12-01 00:00:00,22,18,1,3,2.9
ATT007249,EMP0605,2025-01-01 00:00:00,22,18,3,1,2.1
ATT007250,EMP0605,2025-02-01 00:00:00,21,18,0,3,9.1
ATT007251,EMP0605,2025-03-01 00:00:00,20,17,1,2,2.6
ATT007252,EMP0605,2025-04-01 00:00:00,21,17,2,2,11.5
ATT007253,EMP0605,2025-05-01 00:00:00,22,18,1,3,4.9
ATT007254,EMP0605,2025-06-01 00:00:00,21,16,2,3,3.3
ATT007255,EMP0605,2025-07-01 00:00:00,22,21,0,1,14
ATT007256,EMP0605,2025-08-01 00:00:00,20,14,2,4,8.6
ATT007257,EMP0605,2025-09-01 00:00:00,21,17,2,2,7.1
ATT007258,EMP0605,2025-10-01 00:00:00,21,18,1,2,6
ATT007259,EMP0605,2025-11-01 00:00:00,22,22,0,0,0.7
ATT007260,EMP0605,2025-12-01 00:00:00,22,21,0,1,1.9
ATT007261,EMP0606,2025-01-01 00:00:00,22,21,1,0,8.1
ATT007262,EMP0606,2025-02-01 00:00:00,22,21,1,0,3.2
ATT007263,EMP0606,2025-03-01 00:00:00,21,19,0,2,5.6
ATT007264,EMP0606,2025-04-01 00:00:00,22,21,0,1,5.2
ATT007265,EMP0606,2025-05-01 00:00:00,23,22,1,0,16.7
ATT007266,EMP0606,2025-06-01 00:00:00,22,19,1,2,4.1
ATT007267,EMP0606,2025-07-01 00:00:00,22,21,1,0,8.8
ATT007268,EMP0606,2025-08-01 00:00:00,23,22,1,0,2.3
ATT007269,EMP0606,2025-09-01 00:00:00,23,20,1,2,4.8
ATT007270,EMP0606,2025-10-01 00:00:00,20,16,0,4,3.4
ATT007271,EMP0606,2025-11-01 00:00:00,23,21,0,2,9.2
ATT007272,EMP0606,2025-12-01 00:00:00,22,20,1,1,0
ATT007273,EMP0607,2025-01-01 00:00:00,22,20,0,2,8.3
ATT007274,EMP0607,2025-02-01 00:00:00,21,20,0,1,2.7
ATT007275,EMP0607,2025-03-01 00:00:00,22,20,1,1,8.7
ATT007276,EMP0607,2025-04-01 00:00:00,20,20,0,0,10.4
ATT007277,EMP0607,2025-05-01 00:00:00,22,18,2,2,13.8
ATT007278,EMP0607,2025-06-01 00:00:00,21,18,1,2,11.6
ATT007279,EMP0607,2025-07-01 00:00:00,22,21,1,0,4.9
ATT007280,EMP0607,2025-08-01 00:00:00,23,23,0,0,6.5
ATT007281,EMP0607,2025-09-01 00:00:00,20,17,0,3,17
ATT007282,EMP0607,2025-10-01 00:00:00,22,20,1,1,9.3
ATT007283,EMP0607,2025-11-01 00:00:00,23,23,0,0,11.3
ATT007284,EMP0607,2025-12-01 00:00:00,21,16,2,3,11.7
ATT007285,EMP0608,2025-01-01 00:00:00,22,21,1,0,5.3
ATT007286,EMP0608,2025-02-01 00:00:00,23,21,2,0,14
ATT007287,EMP0608,2025-03-01 00:00:00,21,16,2,3,13.5
ATT007288,EMP0608,2025-04-01 00:00:00,22,17,2,3,2.8
ATT007289,EMP0608,2025-05-01 00:00:00,20,18,2,0,8.3
ATT007290,EMP0608,2025-06-01 00:00:00,22,20,1,1,8.3
ATT007291,EMP0608,2025-07-01 00:00:00,22,18,1,3,9.7
ATT007292,EMP0608,2025-08-01 00:00:00,22,21,0,1,8.1
ATT007293,EMP0608,2025-09-01 00:00:00,22,19,2,1,14.3
ATT007294,EMP0608,2025-10-01 00:00:00,22,19,2,1,1.5
ATT007295,EMP0608,2025-11-01 00:00:00,22,19,0,3,7.2
ATT007296,EMP0608,2025-12-01 00:00:00,21,20,0,1,0
ATT007297,EMP0609,2025-01-01 00:00:00,21,20,0,1,2.1
ATT007298,EMP0609,2025-02-01 00:00:00,23,21,2,0,13.3
ATT007299,EMP0609,2025-03-01 00:00:00,21,18,3,0,16
ATT007300,EMP0609,2025-04-01 00:00:00,23,21,0,2,5.8
ATT007301,EMP0609,2025-05-01 00:00:00,23,17,2,4,15.6
ATT007302,EMP0609,2025-06-01 00:00:00,21,14,2,5,13.5
ATT007303,EMP0609,2025-07-01 00:00:00,20,15,3,2,2.8
ATT007304,EMP0609,2025-08-01 00:00:00,23,19,1,3,2.4
ATT007305,EMP0609,2025-09-01 00:00:00,22,18,1,3,12.2
ATT007306,EMP0609,2025-10-01 00:00:00,22,19,2,1,9.2
ATT007307,EMP0609,2025-11-01 00:00:00,22,19,0,3,7.6
ATT007308,EMP0609,2025-12-01 00:00:00,21,20,0,1,15.4
ATT007309,EMP0610,2025-01-01 00:00:00,21,19,0,2,16.3
ATT007310,EMP0610,2025-02-01 00:00:00,22,21,0,1,3.3
ATT007311,EMP0610,2025-03-01 00:00:00,23,20,2,1,3.2
ATT007312,EMP0610,2025-04-01 00:00:00,23,22,1,0,13.9
ATT007313,EMP0610,2025-05-01 00:00:00,21,21,0,0,15.2
ATT007314,EMP0610,2025-06-01 00:00:00,22,18,0,4,12
ATT007315,EMP0610,2025-07-01 00:00:00,21,19,2,0,11.7
ATT007316,EMP0610,2025-08-01 00:00:00,21,17,0,4,7
ATT007317,EMP0610,2025-09-01 00:00:00,23,22,0,1,15.7
ATT007318,EMP0610,2025-10-01 00:00:00,20,18,0,2,4.9
ATT007319,EMP0610,2025-11-01 00:00:00,22,17,2,3,12
ATT007320,EMP0610,2025-12-01 00:00:00,22,22,0,0,10.4
ATT007321,EMP0611,2025-01-01 00:00:00,21,20,0,1,7.3
ATT007322,EMP0611,2025-02-01 00:00:00,22,15,2,5,13
ATT007323,EMP0611,2025-03-01 00:00:00,21,16,2,3,4.9
ATT007324,EMP0611,2025-04-01 00:00:00,21,18,0,3,6.2
ATT007325,EMP0611,2025-05-01 00:00:00,23,20,2,1,0
ATT007326,EMP0611,2025-06-01 00:00:00,22,21,0,1,2.2
ATT007327,EMP0611,2025-07-01 00:00:00,22,20,2,0,13.4
ATT007328,EMP0611,2025-08-01 00:00:00,22,21,1,0,6.9
ATT007329,EMP0611,2025-09-01 00:00:00,22,20,2,0,0.8
ATT007330,EMP0611,2025-10-01 00:00:00,20,16,1,3,11.2
ATT007331,EMP0611,2025-11-01 00:00:00,22,18,2,2,7.2
ATT007332,EMP0611,2025-12-01 00:00:00,21,20,0,1,3.8
ATT007333,EMP0612,2025-01-01 00:00:00,22,18,1,3,0
ATT007334,EMP0612,2025-02-01 00:00:00,21,20,1,0,7.6
ATT007335,EMP0612,2025-03-01 00:00:00,23,22,1,0,9.2
ATT007336,EMP0612,2025-04-01 00:00:00,22,20,1,1,11.5
ATT007337,EMP0612,2025-05-01 00:00:00,22,18,1,3,10.1
ATT007338,EMP0612,2025-06-01 00:00:00,21,18,2,1,7.6
ATT007339,EMP0612,2025-07-01 00:00:00,23,19,1,3,18.4
ATT007340,EMP0612,2025-08-01 00:00:00,21,17,0,4,3.2
ATT007341,EMP0612,2025-09-01 00:00:00,20,19,1,0,18.5
ATT007342,EMP0612,2025-10-01 00:00:00,21,19,1,1,11.2
ATT007343,EMP0612,2025-11-01 00:00:00,22,17,1,4,3.9
ATT007344,EMP0612,2025-12-01 00:00:00,22,18,0,4,2.2
ATT007345,EMP0613,2025-01-01 00:00:00,20,15,2,3,6.7
ATT007346,EMP0613,2025-02-01 00:00:00,22,20,1,1,12.9
ATT007347,EMP0613,2025-03-01 00:00:00,22,20,0,2,15.9
ATT007348,EMP0613,2025-04-01 00:00:00,23,22,0,1,4.9
ATT007349,EMP0613,2025-05-01 00:00:00,22,20,0,2,2.9
ATT007350,EMP0613,2025-06-01 00:00:00,23,16,2,5,15.7
ATT007351,EMP0613,2025-07-01 00:00:00,21,16,1,4,0
ATT007352,EMP0613,2025-08-01 00:00:00,21,18,0,3,0.9
ATT007353,EMP0613,2025-09-01 00:00:00,21,20,1,0,10.9
ATT007354,EMP0613,2025-10-01 00:00:00,21,19,0,2,5.7
ATT007355,EMP0613,2025-11-01 00:00:00,22,19,0,3,8.4
ATT007356,EMP0613,2025-12-01 00:00:00,22,16,3,3,0
ATT007357,EMP0614,2025-01-01 00:00:00,22,21,0,1,3.6
ATT007358,EMP0614,2025-02-01 00:00:00,21,20,0,1,6.9
ATT007359,EMP0614,2025-03-01 00:00:00,23,23,0,0,3.5
ATT007360,EMP0614,2025-04-01 00:00:00,20,18,0,2,2.3
ATT007361,EMP0614,2025-05-01 00:00:00,22,21,0,1,12.6
ATT007362,EMP0614,2025-06-01 00:00:00,22,21,0,1,16.9
ATT007363,EMP0614,2025-07-01 00:00:00,21,19,1,1,14.4
ATT007364,EMP0614,2025-08-01 00:00:00,22,19,2,1,7.2
ATT007365,EMP0614,2025-09-01 00:00:00,22,21,0,1,7.9
ATT007366,EMP0614,2025-10-01 00:00:00,22,19,0,3,10.1
ATT007367,EMP0614,2025-11-01 00:00:00,22,16,1,5,22.9
ATT007368,EMP0614,2025-12-01 00:00:00,21,19,1,1,16.3
ATT007369,EMP0615,2025-01-01 00:00:00,23,18,1,4,8.7
ATT007370,EMP0615,2025-02-01 00:00:00,22,19,1,2,3.8
ATT007371,EMP0615,2025-03-01 00:00:00,22,19,0,3,7.2
ATT007372,EMP0615,2025-04-01 00:00:00,21,17,0,4,5.9
ATT007373,EMP0615,2025-05-01 00:00:00,23,17,2,4,17.5
ATT007374,EMP0615,2025-06-01 00:00:00,21,17,1,3,5.5
ATT007375,EMP0615,2025-07-01 00:00:00,22,21,0,1,8.7
ATT007376,EMP0615,2025-08-01 00:00:00,21,18,0,3,3.4
ATT007377,EMP0615,2025-09-01 00:00:00,22,22,0,0,14.2
ATT007378,EMP0615,2025-10-01 00:00:00,22,21,0,1,12
ATT007379,EMP0615,2025-11-01 00:00:00,22,19,1,2,8.2
ATT007380,EMP0615,2025-12-01 00:00:00,21,19,1,1,14.9
ATT007381,EMP0616,2025-01-01 00:00:00,23,21,1,1,0
ATT007382,EMP0616,2025-02-01 00:00:00,21,17,1,3,3.3
ATT007383,EMP0616,2025-03-01 00:00:00,22,20,1,1,12.9
ATT007384,EMP0616,2025-04-01 00:00:00,23,22,1,0,8.6
ATT007385,EMP0616,2025-05-01 00:00:00,23,22,1,0,10.6
ATT007386,EMP0616,2025-06-01 00:00:00,22,22,0,0,10.6
ATT007387,EMP0616,2025-07-01 00:00:00,22,19,2,1,11.5
ATT007388,EMP0616,2025-08-01 00:00:00,22,22,0,0,11.1
ATT007389,EMP0616,2025-09-01 00:00:00,22,21,1,0,18.2
ATT007390,EMP0616,2025-10-01 00:00:00,22,21,0,1,8.3
ATT007391,EMP0616,2025-11-01 00:00:00,23,19,2,2,21
ATT007392,EMP0616,2025-12-01 00:00:00,22,18,0,4,7.4
ATT007393,EMP0617,2025-01-01 00:00:00,21,17,3,1,4
ATT007394,EMP0617,2025-02-01 00:00:00,22,19,2,1,0
ATT007395,EMP0617,2025-03-01 00:00:00,22,17,1,4,8.3
ATT007396,EMP0617,2025-04-01 00:00:00,21,17,2,2,2.9
ATT007397,EMP0617,2025-05-01 00:00:00,20,17,3,0,6.1
ATT007398,EMP0617,2025-06-01 00:00:00,21,18,3,0,7
ATT007399,EMP0617,2025-07-01 00:00:00,22,21,1,0,2.9
ATT007400,EMP0617,2025-08-01 00:00:00,22,18,1,3,11.8
ATT007401,EMP0617,2025-09-01 00:00:00,20,15,0,5,5.6
ATT007402,EMP0617,2025-10-01 00:00:00,20,19,1,0,12.8
ATT007403,EMP0617,2025-11-01 00:00:00,20,18,2,0,7.8
ATT007404,EMP0617,2025-12-01 00:00:00,22,21,0,1,12.3
ATT007405,EMP0618,2025-01-01 00:00:00,21,20,1,0,13.7
ATT007406,EMP0618,2025-02-01 00:00:00,22,21,1,0,8.5
ATT007407,EMP0618,2025-03-01 00:00:00,22,21,0,1,26
ATT007408,EMP0618,2025-04-01 00:00:00,20,20,0,0,13.3
ATT007409,EMP0618,2025-05-01 00:00:00,22,20,1,1,14.6
ATT007410,EMP0618,2025-06-01 00:00:00,21,19,0,2,11.4
ATT007411,EMP0618,2025-07-01 00:00:00,22,19,0,3,10.4
ATT007412,EMP0618,2025-08-01 00:00:00,22,20,0,2,5.9
ATT007413,EMP0618,2025-09-01 00:00:00,22,22,0,0,0
ATT007414,EMP0618,2025-10-01 00:00:00,22,17,1,4,3
ATT007415,EMP0618,2025-11-01 00:00:00,20,14,3,3,10
ATT007416,EMP0618,2025-12-01 00:00:00,22,22,0,0,0
ATT007417,EMP0619,2025-01-01 00:00:00,21,15,2,4,1.9
ATT007418,EMP0619,2025-02-01 00:00:00,21,18,1,2,18.1
ATT007419,EMP0619,2025-03-01 00:00:00,21,21,0,0,4.5
ATT007420,EMP0619,2025-04-01 00:00:00,22,21,0,1,5.8
ATT007421,EMP0619,2025-05-01 00:00:00,22,18,3,1,9.2
ATT007422,EMP0619,2025-06-01 00:00:00,22,19,0,3,4.4
ATT007423,EMP0619,2025-07-01 00:00:00,21,19,0,2,1.3
ATT007424,EMP0619,2025-08-01 00:00:00,22,19,2,1,0
ATT007425,EMP0619,2025-09-01 00:00:00,22,16,2,4,12.1
ATT007426,EMP0619,2025-10-01 00:00:00,21,20,1,0,8.4
ATT007427,EMP0619,2025-11-01 00:00:00,20,19,1,0,6.2
ATT007428,EMP0619,2025-12-01 00:00:00,22,18,0,4,8
ATT007429,EMP0620,2025-01-01 00:00:00,20,18,0,2,0
ATT007430,EMP0620,2025-02-01 00:00:00,22,22,0,0,0.8
ATT007431,EMP0620,2025-03-01 00:00:00,22,19,0,3,1.9
ATT007432,EMP0620,2025-04-01 00:00:00,22,21,0,1,8.4
ATT007433,EMP0620,2025-05-01 00:00:00,23,18,0,5,14.8
ATT007434,EMP0620,2025-06-01 00:00:00,22,14,3,5,17
ATT007435,EMP0620,2025-07-01 00:00:00,21,19,1,1,3.5
ATT007436,EMP0620,2025-08-01 00:00:00,23,22,0,1,0
ATT007437,EMP0620,2025-09-01 00:00:00,23,21,0,2,0
ATT007438,EMP0620,2025-10-01 00:00:00,21,20,0,1,15.3
ATT007439,EMP0620,2025-11-01 00:00:00,21,16,2,3,6.1
ATT007440,EMP0620,2025-12-01 00:00:00,23,22,1,0,4.9
ATT007441,EMP0621,2025-01-01 00:00:00,22,22,0,0,8
ATT007442,EMP0621,2025-02-01 00:00:00,22,17,1,4,4
ATT007443,EMP0621,2025-03-01 00:00:00,21,20,0,1,7.3
ATT007444,EMP0621,2025-04-01 00:00:00,22,22,0,0,13.7
ATT007445,EMP0621,2025-05-01 00:00:00,21,18,1,2,0.3
ATT007446,EMP0621,2025-06-01 00:00:00,22,20,0,2,4.3
ATT007447,EMP0621,2025-07-01 00:00:00,22,20,2,0,10.4
ATT007448,EMP0621,2025-08-01 00:00:00,21,17,1,3,16.4
ATT007449,EMP0621,2025-09-01 00:00:00,21,18,2,1,10.8
ATT007450,EMP0621,2025-10-01 00:00:00,23,21,2,0,11.2
ATT007451,EMP0621,2025-11-01 00:00:00,23,20,1,2,1.3
ATT007452,EMP0621,2025-12-01 00:00:00,21,20,0,1,18.3
ATT007453,EMP0622,2025-01-01 00:00:00,21,19,1,1,3.8
ATT007454,EMP0622,2025-02-01 00:00:00,21,21,0,0,7.4
ATT007455,EMP0622,2025-03-01 00:00:00,22,19,1,2,20.4
ATT007456,EMP0622,2025-04-01 00:00:00,21,18,1,2,14.9
ATT007457,EMP0622,2025-05-01 00:00:00,20,19,0,1,3.4
ATT007458,EMP0622,2025-06-01 00:00:00,22,20,2,0,3.9
ATT007459,EMP0622,2025-07-01 00:00:00,22,21,1,0,3.9
ATT007460,EMP0622,2025-08-01 00:00:00,22,19,2,1,12.2
ATT007461,EMP0622,2025-09-01 00:00:00,22,22,0,0,6.2
ATT007462,EMP0622,2025-10-01 00:00:00,22,18,0,4,10.9
ATT007463,EMP0622,2025-11-01 00:00:00,22,18,1,3,5
ATT007464,EMP0622,2025-12-01 00:00:00,20,19,0,1,7.4
ATT007465,EMP0623,2025-01-01 00:00:00,23,20,1,2,11.6
ATT007466,EMP0623,2025-02-01 00:00:00,21,16,3,2,29.3
ATT007467,EMP0623,2025-03-01 00:00:00,22,19,2,1,0.6
ATT007468,EMP0623,2025-04-01 00:00:00,21,18,0,3,7.1
ATT007469,EMP0623,2025-05-01 00:00:00,21,19,1,1,5.9
ATT007470,EMP0623,2025-06-01 00:00:00,21,21,0,0,16.8
ATT007471,EMP0623,2025-07-01 00:00:00,22,22,0,0,2.2
ATT007472,EMP0623,2025-08-01 00:00:00,22,18,1,3,14
ATT007473,EMP0623,2025-09-01 00:00:00,22,18,2,2,0
ATT007474,EMP0623,2025-10-01 00:00:00,21,17,1,3,2.8
ATT007475,EMP0623,2025-11-01 00:00:00,22,20,0,2,8.7
ATT007476,EMP0623,2025-12-01 00:00:00,22,22,0,0,7.6
ATT007477,EMP0624,2025-01-01 00:00:00,23,23,0,0,12.3
ATT007478,EMP0624,2025-02-01 00:00:00,22,21,0,1,3.1
ATT007479,EMP0624,2025-03-01 00:00:00,21,20,0,1,0
ATT007480,EMP0624,2025-04-01 00:00:00,22,18,2,2,12.1
ATT007481,EMP0624,2025-05-01 00:00:00,23,21,0,2,4.2
ATT007482,EMP0624,2025-06-01 00:00:00,22,20,2,0,11.1
ATT007483,EMP0624,2025-07-01 00:00:00,22,20,0,2,0
ATT007484,EMP0624,2025-08-01 00:00:00,23,18,2,3,15.2
ATT007485,EMP0624,2025-09-01 00:00:00,23,23,0,0,5.1
ATT007486,EMP0624,2025-10-01 00:00:00,21,15,1,5,3.8
ATT007487,EMP0624,2025-11-01 00:00:00,21,18,1,2,9.8
ATT007488,EMP0624,2025-12-01 00:00:00,21,16,1,4,9.9
ATT007489,EMP0625,2025-01-01 00:00:00,22,19,1,2,0
ATT007490,EMP0625,2025-02-01 00:00:00,22,18,2,2,0
ATT007491,EMP0625,2025-03-01 00:00:00,22,20,0,2,9.3
ATT007492,EMP0625,2025-04-01 00:00:00,21,21,0,0,14.3
ATT007493,EMP0625,2025-05-01 00:00:00,21,18,0,3,4
ATT007494,EMP0625,2025-06-01 00:00:00,21,19,2,0,9.2
ATT007495,EMP0625,2025-07-01 00:00:00,21,18,0,3,12
ATT007496,EMP0625,2025-08-01 00:00:00,21,20,0,1,7.3
ATT007497,EMP0625,2025-09-01 00:00:00,23,22,0,1,10.4
ATT007498,EMP0625,2025-10-01 00:00:00,22,22,0,0,8.8
ATT007499,EMP0625,2025-11-01 00:00:00,21,20,0,1,2.8
ATT007500,EMP0625,2025-12-01 00:00:00,20,18,1,1,6.2
ATT007501,EMP0626,2025-01-01 00:00:00,22,22,0,0,10.5
ATT007502,EMP0626,2025-02-01 00:00:00,23,21,0,2,6
ATT007503,EMP0626,2025-03-01 00:00:00,22,22,0,0,13.9
ATT007504,EMP0626,2025-04-01 00:00:00,21,17,0,4,4.9
ATT007505,EMP0626,2025-05-01 00:00:00,23,18,1,4,6.9
ATT007506,EMP0626,2025-06-01 00:00:00,23,19,1,3,17.8
ATT007507,EMP0626,2025-07-01 00:00:00,20,20,0,0,3.9
ATT007508,EMP0626,2025-08-01 00:00:00,22,20,0,2,1.4
ATT007509,EMP0626,2025-09-01 00:00:00,22,21,0,1,11.7
ATT007510,EMP0626,2025-10-01 00:00:00,22,18,1,3,12.5
ATT007511,EMP0626,2025-11-01 00:00:00,22,21,1,0,0
ATT007512,EMP0626,2025-12-01 00:00:00,22,21,0,1,13
ATT007513,EMP0627,2025-01-01 00:00:00,20,17,2,1,5
ATT007514,EMP0627,2025-02-01 00:00:00,21,21,0,0,4.5
ATT007515,EMP0627,2025-03-01 00:00:00,20,18,1,1,9.7
ATT007516,EMP0627,2025-04-01 00:00:00,22,20,0,2,5.7
ATT007517,EMP0627,2025-05-01 00:00:00,22,20,0,2,5.1
ATT007518,EMP0627,2025-06-01 00:00:00,21,19,1,1,7.8
ATT007519,EMP0627,2025-07-01 00:00:00,21,20,0,1,9.7
ATT007520,EMP0627,2025-08-01 00:00:00,23,20,1,2,4.1
ATT007521,EMP0627,2025-09-01 00:00:00,20,16,1,3,7.8
ATT007522,EMP0627,2025-10-01 00:00:00,21,14,2,5,3.9
ATT007523,EMP0627,2025-11-01 00:00:00,21,19,1,1,5.1
ATT007524,EMP0627,2025-12-01 00:00:00,21,20,0,1,19.3
ATT007525,EMP0628,2025-01-01 00:00:00,23,19,0,4,5.2
ATT007526,EMP0628,2025-02-01 00:00:00,20,17,0,3,15.6
ATT007527,EMP0628,2025-03-01 00:00:00,21,15,2,4,9.2
ATT007528,EMP0628,2025-04-01 00:00:00,21,18,1,2,13.1
ATT007529,EMP0628,2025-05-01 00:00:00,22,19,0,3,7
ATT007530,EMP0628,2025-06-01 00:00:00,22,16,2,4,0
ATT007531,EMP0628,2025-07-01 00:00:00,23,20,1,2,5.1
ATT007532,EMP0628,2025-08-01 00:00:00,22,18,1,3,2.5
ATT007533,EMP0628,2025-09-01 00:00:00,21,15,1,5,7.8
ATT007534,EMP0628,2025-10-01 00:00:00,21,19,1,1,4.2
ATT007535,EMP0628,2025-11-01 00:00:00,21,17,2,2,9.2
ATT007536,EMP0628,2025-12-01 00:00:00,20,15,2,3,15.7
ATT007537,EMP0629,2025-01-01 00:00:00,21,19,1,1,17.6
ATT007538,EMP0629,2025-02-01 00:00:00,23,22,0,1,5.4
ATT007539,EMP0629,2025-03-01 00:00:00,23,22,0,1,5.2
ATT007540,EMP0629,2025-04-01 00:00:00,21,19,0,2,16.9
ATT007541,EMP0629,2025-05-01 00:00:00,22,21,0,1,2.9
ATT007542,EMP0629,2025-06-01 00:00:00,22,20,0,2,3.6
ATT007543,EMP0629,2025-07-01 00:00:00,23,19,3,1,16.5
ATT007544,EMP0629,2025-08-01 00:00:00,20,19,1,0,4.5
ATT007545,EMP0629,2025-09-01 00:00:00,22,17,2,3,7
ATT007546,EMP0629,2025-10-01 00:00:00,21,17,1,3,10.3
ATT007547,EMP0629,2025-11-01 00:00:00,22,21,0,1,12.3
ATT007548,EMP0629,2025-12-01 00:00:00,21,19,0,2,4.9
ATT007549,EMP0630,2025-01-01 00:00:00,22,19,0,3,4.3
ATT007550,EMP0630,2025-02-01 00:00:00,22,19,1,2,5.3
ATT007551,EMP0630,2025-03-01 00:00:00,21,16,2,3,7.7
ATT007552,EMP0630,2025-04-01 00:00:00,22,22,0,0,8.9
ATT007553,EMP0630,2025-05-01 00:00:00,23,22,1,0,9.5
ATT007554,EMP0630,2025-06-01 00:00:00,23,21,0,2,11.5
ATT007555,EMP0630,2025-07-01 00:00:00,22,19,1,2,2.7
ATT007556,EMP0630,2025-08-01 00:00:00,21,20,1,0,3
ATT007557,EMP0630,2025-09-01 00:00:00,21,20,1,0,0
ATT007558,EMP0630,2025-10-01 00:00:00,22,21,1,0,10.4
ATT007559,EMP0630,2025-11-01 00:00:00,22,22,0,0,11.2
ATT007560,EMP0630,2025-12-01 00:00:00,22,21,1,0,0
ATT007561,EMP0631,2025-01-01 00:00:00,23,21,0,2,20.6
ATT007562,EMP0631,2025-02-01 00:00:00,23,16,2,5,6.8
ATT007563,EMP0631,2025-03-01 00:00:00,23,22,0,1,8.5
ATT007564,EMP0631,2025-04-01 00:00:00,23,22,0,1,3.8
ATT007565,EMP0631,2025-05-01 00:00:00,21,19,1,1,22.1
ATT007566,EMP0631,2025-06-01 00:00:00,22,20,2,0,11.9
ATT007567,EMP0631,2025-07-01 00:00:00,20,20,0,0,4.5
ATT007568,EMP0631,2025-08-01 00:00:00,22,22,0,0,10.2
ATT007569,EMP0631,2025-09-01 00:00:00,23,19,2,2,2.8
ATT007570,EMP0631,2025-10-01 00:00:00,22,20,2,0,6.7
ATT007571,EMP0631,2025-11-01 00:00:00,21,19,0,2,9.9
ATT007572,EMP0631,2025-12-01 00:00:00,22,20,0,2,11.9
ATT007573,EMP0632,2025-01-01 00:00:00,22,21,1,0,5.2
ATT007574,EMP0632,2025-02-01 00:00:00,22,22,0,0,16
ATT007575,EMP0632,2025-03-01 00:00:00,22,19,1,2,11.8
ATT007576,EMP0632,2025-04-01 00:00:00,22,21,1,0,17.9
ATT007577,EMP0632,2025-05-01 00:00:00,22,20,0,2,5
ATT007578,EMP0632,2025-06-01 00:00:00,23,19,2,2,1.1
ATT007579,EMP0632,2025-07-01 00:00:00,21,21,0,0,1.3
ATT007580,EMP0632,2025-08-01 00:00:00,22,21,1,0,8.6
ATT007581,EMP0632,2025-09-01 00:00:00,23,22,0,1,3.2
ATT007582,EMP0632,2025-10-01 00:00:00,21,18,1,2,0
ATT007583,EMP0632,2025-11-01 00:00:00,22,21,0,1,0
ATT007584,EMP0632,2025-12-01 00:00:00,21,19,0,2,14.1
ATT007585,EMP0633,2025-01-01 00:00:00,22,20,1,1,8.7
ATT007586,EMP0633,2025-02-01 00:00:00,22,20,1,1,10.1
ATT007587,EMP0633,2025-03-01 00:00:00,23,23,0,0,15.2
ATT007588,EMP0633,2025-04-01 00:00:00,22,17,0,5,7.9
ATT007589,EMP0633,2025-05-01 00:00:00,21,21,0,0,7.4
ATT007590,EMP0633,2025-06-01 00:00:00,20,16,0,4,14.1
ATT007591,EMP0633,2025-07-01 00:00:00,21,19,0,2,8.3
ATT007592,EMP0633,2025-08-01 00:00:00,22,20,1,1,0.7
ATT007593,EMP0633,2025-09-01 00:00:00,22,19,2,1,8.8
ATT007594,EMP0633,2025-10-01 00:00:00,23,21,1,1,24.7
ATT007595,EMP0633,2025-11-01 00:00:00,21,19,0,2,4.3
ATT007596,EMP0633,2025-12-01 00:00:00,22,17,2,3,9.7
ATT007597,EMP0634,2025-01-01 00:00:00,22,20,0,2,2.9
ATT007598,EMP0634,2025-02-01 00:00:00,22,19,1,2,12.8
ATT007599,EMP0634,2025-03-01 00:00:00,21,21,0,0,4.3
ATT007600,EMP0634,2025-04-01 00:00:00,22,19,1,2,3.1
ATT007601,EMP0634,2025-05-01 00:00:00,22,21,1,0,0
ATT007602,EMP0634,2025-06-01 00:00:00,22,21,0,1,16.1
ATT007603,EMP0634,2025-07-01 00:00:00,21,19,1,1,13.7
ATT007604,EMP0634,2025-08-01 00:00:00,22,21,0,1,15.4
ATT007605,EMP0634,2025-09-01 00:00:00,21,19,0,2,8.9
ATT007606,EMP0634,2025-10-01 00:00:00,21,20,0,1,4.5
ATT007607,EMP0634,2025-11-01 00:00:00,20,17,0,3,18.2
ATT007608,EMP0634,2025-12-01 00:00:00,21,20,0,1,11.4
ATT007609,EMP0635,2025-01-01 00:00:00,22,20,0,2,12.5
ATT007610,EMP0635,2025-02-01 00:00:00,21,21,0,0,9.9
ATT007611,EMP0635,2025-03-01 00:00:00,21,21,0,0,5
ATT007612,EMP0635,2025-04-01 00:00:00,22,22,0,0,15.8
ATT007613,EMP0635,2025-05-01 00:00:00,22,19,3,0,7
ATT007614,EMP0635,2025-06-01 00:00:00,22,20,1,1,9.2
ATT007615,EMP0635,2025-07-01 00:00:00,20,16,2,2,10.1
ATT007616,EMP0635,2025-08-01 00:00:00,20,17,3,0,20.8
ATT007617,EMP0635,2025-09-01 00:00:00,22,19,1,2,17.7
ATT007618,EMP0635,2025-10-01 00:00:00,21,18,0,3,11.2
ATT007619,EMP0635,2025-11-01 00:00:00,22,22,0,0,5.2
ATT007620,EMP0635,2025-12-01 00:00:00,21,18,0,3,8
ATT007621,EMP0636,2025-01-01 00:00:00,21,20,0,1,5.8
ATT007622,EMP0636,2025-02-01 00:00:00,23,21,2,0,11.2
ATT007623,EMP0636,2025-03-01 00:00:00,21,19,1,1,10.4
ATT007624,EMP0636,2025-04-01 00:00:00,22,20,1,1,10.4
ATT007625,EMP0636,2025-05-01 00:00:00,22,16,1,5,12.9
ATT007626,EMP0636,2025-06-01 00:00:00,22,20,1,1,5.6
ATT007627,EMP0636,2025-07-01 00:00:00,20,18,1,1,11.5
ATT007628,EMP0636,2025-08-01 00:00:00,21,20,1,0,0
ATT007629,EMP0636,2025-09-01 00:00:00,20,17,0,3,13.1
ATT007630,EMP0636,2025-10-01 00:00:00,22,18,3,1,4.5
ATT007631,EMP0636,2025-11-01 00:00:00,22,19,1,2,15.6
ATT007632,EMP0636,2025-12-01 00:00:00,22,18,2,2,1.9
ATT007633,EMP0637,2025-01-01 00:00:00,21,18,2,1,8.2
ATT007634,EMP0637,2025-02-01 00:00:00,21,17,3,1,9.7
ATT007635,EMP0637,2025-03-01 00:00:00,21,19,1,1,0
ATT007636,EMP0637,2025-04-01 00:00:00,22,19,3,0,11.4
ATT007637,EMP0637,2025-05-01 00:00:00,20,18,2,0,7.2
ATT007638,EMP0637,2025-06-01 00:00:00,22,20,1,1,10.7
ATT007639,EMP0637,2025-07-01 00:00:00,22,20,2,0,4.1
ATT007640,EMP0637,2025-08-01 00:00:00,22,20,1,1,6
ATT007641,EMP0637,2025-09-01 00:00:00,22,20,1,1,11.7
ATT007642,EMP0637,2025-10-01 00:00:00,20,17,2,1,6.7
ATT007643,EMP0637,2025-11-01 00:00:00,21,20,0,1,2.7
ATT007644,EMP0637,2025-12-01 00:00:00,23,22,0,1,2.6
ATT007645,EMP0638,2025-01-01 00:00:00,21,19,2,0,9.5
ATT007646,EMP0638,2025-02-01 00:00:00,21,20,1,0,12
ATT007647,EMP0638,2025-03-01 00:00:00,21,20,0,1,8.6
ATT007648,EMP0638,2025-04-01 00:00:00,20,18,1,1,13
ATT007649,EMP0638,2025-05-01 00:00:00,21,19,2,0,6.8
ATT007650,EMP0638,2025-06-01 00:00:00,23,22,1,0,11.1
ATT007651,EMP0638,2025-07-01 00:00:00,23,21,0,2,9.2
ATT007652,EMP0638,2025-08-01 00:00:00,21,18,0,3,11.9
ATT007653,EMP0638,2025-09-01 00:00:00,22,21,0,1,3
ATT007654,EMP0638,2025-10-01 00:00:00,22,21,0,1,4.5
ATT007655,EMP0638,2025-11-01 00:00:00,22,22,0,0,23.8
ATT007656,EMP0638,2025-12-01 00:00:00,20,18,1,1,7
ATT007657,EMP0639,2025-01-01 00:00:00,22,19,2,1,17.6
ATT007658,EMP0639,2025-02-01 00:00:00,21,18,2,1,6.6
ATT007659,EMP0639,2025-03-01 00:00:00,22,19,0,3,5.4
ATT007660,EMP0639,2025-04-01 00:00:00,23,21,1,1,20.5
ATT007661,EMP0639,2025-05-01 00:00:00,22,21,0,1,10.6
ATT007662,EMP0639,2025-06-01 00:00:00,21,17,0,4,11.1
ATT007663,EMP0639,2025-07-01 00:00:00,22,22,0,0,0
ATT007664,EMP0639,2025-08-01 00:00:00,23,21,1,1,8.3
ATT007665,EMP0639,2025-09-01 00:00:00,23,21,2,0,0
ATT007666,EMP0639,2025-10-01 00:00:00,20,19,1,0,4.9
ATT007667,EMP0639,2025-11-01 00:00:00,20,19,0,1,9.3
ATT007668,EMP0639,2025-12-01 00:00:00,21,19,0,2,17.1
ATT007669,EMP0640,2025-01-01 00:00:00,20,19,0,1,10.4
ATT007670,EMP0640,2025-02-01 00:00:00,22,20,1,1,4
ATT007671,EMP0640,2025-03-01 00:00:00,22,16,1,5,13.7
ATT007672,EMP0640,2025-04-01 00:00:00,21,19,1,1,3.5
ATT007673,EMP0640,2025-05-01 00:00:00,22,19,1,2,10.7
ATT007674,EMP0640,2025-06-01 00:00:00,20,16,1,3,19.4
ATT007675,EMP0640,2025-07-01 00:00:00,21,16,1,4,9.9
ATT007676,EMP0640,2025-08-01 00:00:00,23,21,1,1,15.8
ATT007677,EMP0640,2025-09-01 00:00:00,20,17,2,1,0
ATT007678,EMP0640,2025-10-01 00:00:00,21,20,0,1,5.2
ATT007679,EMP0640,2025-11-01 00:00:00,21,19,1,1,20.9
ATT007680,EMP0640,2025-12-01 00:00:00,21,19,1,1,13.1
ATT007681,EMP0641,2025-01-01 00:00:00,22,21,1,0,1.2
ATT007682,EMP0641,2025-02-01 00:00:00,22,20,2,0,0
ATT007683,EMP0641,2025-03-01 00:00:00,22,19,2,1,15.3
ATT007684,EMP0641,2025-04-01 00:00:00,23,23,0,0,1.3
ATT007685,EMP0641,2025-05-01 00:00:00,22,21,0,1,9.4
ATT007686,EMP0641,2025-06-01 00:00:00,20,18,2,0,9.4
ATT007687,EMP0641,2025-07-01 00:00:00,20,19,1,0,12.7
ATT007688,EMP0641,2025-08-01 00:00:00,21,19,2,0,9.7
ATT007689,EMP0641,2025-09-01 00:00:00,23,23,0,0,7.6
ATT007690,EMP0641,2025-10-01 00:00:00,22,20,0,2,5.8
ATT007691,EMP0641,2025-11-01 00:00:00,20,18,0,2,15.4
ATT007692,EMP0641,2025-12-01 00:00:00,21,15,3,3,4.9
ATT007693,EMP0642,2025-01-01 00:00:00,21,16,2,3,2.9
ATT007694,EMP0642,2025-02-01 00:00:00,23,21,0,2,8.9
ATT007695,EMP0642,2025-03-01 00:00:00,22,16,2,4,10
ATT007696,EMP0642,2025-04-01 00:00:00,21,20,0,1,19
ATT007697,EMP0642,2025-05-01 00:00:00,22,20,0,2,7.3
ATT007698,EMP0642,2025-06-01 00:00:00,22,22,0,0,7.2
ATT007699,EMP0642,2025-07-01 00:00:00,23,20,1,2,1.5
ATT007700,EMP0642,2025-08-01 00:00:00,21,18,0,3,18
ATT007701,EMP0642,2025-09-01 00:00:00,23,17,2,4,4.6
ATT007702,EMP0642,2025-10-01 00:00:00,22,20,2,0,1.7
ATT007703,EMP0642,2025-11-01 00:00:00,21,16,3,2,11
ATT007704,EMP0642,2025-12-01 00:00:00,22,18,1,3,13.5
ATT007705,EMP0643,2025-01-01 00:00:00,22,21,1,0,21
ATT007706,EMP0643,2025-02-01 00:00:00,22,21,1,0,3.2
ATT007707,EMP0643,2025-03-01 00:00:00,22,18,1,3,15.2
ATT007708,EMP0643,2025-04-01 00:00:00,21,20,0,1,0
ATT007709,EMP0643,2025-05-01 00:00:00,22,17,2,3,7.1
ATT007710,EMP0643,2025-06-01 00:00:00,21,20,0,1,9.6
ATT007711,EMP0643,2025-07-01 00:00:00,21,18,1,2,14.3
ATT007712,EMP0643,2025-08-01 00:00:00,21,19,1,1,10.2
ATT007713,EMP0643,2025-09-01 00:00:00,22,22,0,0,11.4
ATT007714,EMP0643,2025-10-01 00:00:00,21,19,0,2,2.3
ATT007715,EMP0643,2025-11-01 00:00:00,22,20,1,1,10.7
ATT007716,EMP0643,2025-12-01 00:00:00,22,20,0,2,11.3
ATT007717,EMP0644,2025-01-01 00:00:00,22,22,0,0,12.7
ATT007718,EMP0644,2025-02-01 00:00:00,23,22,1,0,6.7
ATT007719,EMP0644,2025-03-01 00:00:00,22,18,3,1,9.1
ATT007720,EMP0644,2025-04-01 00:00:00,21,16,1,4,0
ATT007721,EMP0644,2025-05-01 00:00:00,22,21,0,1,19.5
ATT007722,EMP0644,2025-06-01 00:00:00,21,18,0,3,0.7
ATT007723,EMP0644,2025-07-01 00:00:00,22,19,1,2,12.8
ATT007724,EMP0644,2025-08-01 00:00:00,20,15,1,4,12.1
ATT007725,EMP0644,2025-09-01 00:00:00,22,18,1,3,4.6
ATT007726,EMP0644,2025-10-01 00:00:00,21,20,1,0,11.7
ATT007727,EMP0644,2025-11-01 00:00:00,22,17,1,4,9.6
ATT007728,EMP0644,2025-12-01 00:00:00,22,21,0,1,13
ATT007729,EMP0645,2025-01-01 00:00:00,22,20,2,0,9.8
ATT007730,EMP0645,2025-02-01 00:00:00,23,22,0,1,7
ATT007731,EMP0645,2025-03-01 00:00:00,22,19,0,3,1.7
ATT007732,EMP0645,2025-04-01 00:00:00,23,21,1,1,11.3
ATT007733,EMP0645,2025-05-01 00:00:00,22,21,0,1,7.2
ATT007734,EMP0645,2025-06-01 00:00:00,22,20,1,1,14.8
ATT007735,EMP0645,2025-07-01 00:00:00,22,22,0,0,10.2
ATT007736,EMP0645,2025-08-01 00:00:00,23,22,0,1,10.6
ATT007737,EMP0645,2025-09-01 00:00:00,22,17,2,3,11.1
ATT007738,EMP0645,2025-10-01 00:00:00,22,19,2,1,11.5
ATT007739,EMP0645,2025-11-01 00:00:00,22,19,0,3,6.6
ATT007740,EMP0645,2025-12-01 00:00:00,21,19,2,0,3
ATT007741,EMP0646,2025-01-01 00:00:00,22,19,1,2,28.4
ATT007742,EMP0646,2025-02-01 00:00:00,22,22,0,0,12.1
ATT007743,EMP0646,2025-03-01 00:00:00,22,18,0,4,11.8
ATT007744,EMP0646,2025-04-01 00:00:00,22,17,2,3,1.1
ATT007745,EMP0646,2025-05-01 00:00:00,21,19,1,1,8
ATT007746,EMP0646,2025-06-01 00:00:00,21,17,1,3,17.8
ATT007747,EMP0646,2025-07-01 00:00:00,22,20,0,2,8
ATT007748,EMP0646,2025-08-01 00:00:00,20,20,0,0,8.2
ATT007749,EMP0646,2025-09-01 00:00:00,20,17,0,3,9.9
ATT007750,EMP0646,2025-10-01 00:00:00,22,20,0,2,6.4
ATT007751,EMP0646,2025-11-01 00:00:00,20,18,1,1,3.8
ATT007752,EMP0646,2025-12-01 00:00:00,21,19,1,1,3.8
ATT007753,EMP0647,2025-01-01 00:00:00,21,20,0,1,0.2
ATT007754,EMP0647,2025-02-01 00:00:00,21,20,0,1,10.4
ATT007755,EMP0647,2025-03-01 00:00:00,22,18,2,2,15.5
ATT007756,EMP0647,2025-04-01 00:00:00,22,21,0,1,12.7
ATT007757,EMP0647,2025-05-01 00:00:00,22,18,2,2,9.4
ATT007758,EMP0647,2025-06-01 00:00:00,21,16,0,5,19.8
ATT007759,EMP0647,2025-07-01 00:00:00,21,21,0,0,4.6
ATT007760,EMP0647,2025-08-01 00:00:00,22,20,0,2,8.5
ATT007761,EMP0647,2025-09-01 00:00:00,23,18,0,5,16.7
ATT007762,EMP0647,2025-10-01 00:00:00,22,18,3,1,22.3
ATT007763,EMP0647,2025-11-01 00:00:00,22,21,1,0,2.4
ATT007764,EMP0647,2025-12-01 00:00:00,21,18,2,1,4.1
ATT007765,EMP0648,2025-01-01 00:00:00,21,19,0,2,13.8
ATT007766,EMP0648,2025-02-01 00:00:00,21,21,0,0,3.2
ATT007767,EMP0648,2025-03-01 00:00:00,22,18,0,4,6.1
ATT007768,EMP0648,2025-04-01 00:00:00,22,21,0,1,3.3
ATT007769,EMP0648,2025-05-01 00:00:00,21,20,0,1,7.4
ATT007770,EMP0648,2025-06-01 00:00:00,23,20,0,3,2.7
ATT007771,EMP0648,2025-07-01 00:00:00,20,15,1,4,5.4
ATT007772,EMP0648,2025-08-01 00:00:00,20,18,1,1,4.7
ATT007773,EMP0648,2025-09-01 00:00:00,23,21,1,1,9.7
ATT007774,EMP0648,2025-10-01 00:00:00,20,20,0,0,17.8
ATT007775,EMP0648,2025-11-01 00:00:00,21,17,1,3,0
ATT007776,EMP0648,2025-12-01 00:00:00,23,22,0,1,5.3
ATT007777,EMP0649,2025-01-01 00:00:00,20,19,0,1,13.9
ATT007778,EMP0649,2025-02-01 00:00:00,21,17,3,1,0
ATT007779,EMP0649,2025-03-01 00:00:00,22,19,0,3,11.8
ATT007780,EMP0649,2025-04-01 00:00:00,23,21,1,1,0
ATT007781,EMP0649,2025-05-01 00:00:00,23,18,0,5,0
ATT007782,EMP0649,2025-06-01 00:00:00,21,20,1,0,8.5
ATT007783,EMP0649,2025-07-01 00:00:00,21,20,1,0,2.9
ATT007784,EMP0649,2025-08-01 00:00:00,23,22,1,0,14.2
ATT007785,EMP0649,2025-09-01 00:00:00,21,18,0,3,14.7
ATT007786,EMP0649,2025-10-01 00:00:00,23,20,1,2,7
ATT007787,EMP0649,2025-11-01 00:00:00,23,22,0,1,10.5
ATT007788,EMP0649,2025-12-01 00:00:00,21,19,0,2,5.9
ATT007789,EMP0650,2025-01-01 00:00:00,23,20,2,1,2.7
ATT007790,EMP0650,2025-02-01 00:00:00,22,18,2,2,8.5
ATT007791,EMP0650,2025-03-01 00:00:00,23,21,0,2,7
ATT007792,EMP0650,2025-04-01 00:00:00,20,17,1,2,1.3
ATT007793,EMP0650,2025-05-01 00:00:00,21,17,0,4,0
ATT007794,EMP0650,2025-06-01 00:00:00,21,19,1,1,10.3
ATT007795,EMP0650,2025-07-01 00:00:00,22,21,1,0,12.5
ATT007796,EMP0650,2025-08-01 00:00:00,22,19,2,1,8.3
ATT007797,EMP0650,2025-09-01 00:00:00,21,17,1,3,7.2
ATT007798,EMP0650,2025-10-01 00:00:00,21,18,2,1,16
ATT007799,EMP0650,2025-11-01 00:00:00,22,21,1,0,13.8
ATT007800,EMP0650,2025-12-01 00:00:00,21,21,0,0,0
ATT007801,EMP0651,2025-01-01 00:00:00,21,19,2,0,2
ATT007802,EMP0651,2025-02-01 00:00:00,22,17,1,4,7.7
ATT007803,EMP0651,2025-03-01 00:00:00,21,18,1,2,8.4
ATT007804,EMP0651,2025-04-01 00:00:00,20,19,0,1,5.8
ATT007805,EMP0651,2025-05-01 00:00:00,21,19,1,1,5.8
ATT007806,EMP0651,2025-06-01 00:00:00,22,21,0,1,12.2
ATT007807,EMP0651,2025-07-01 00:00:00,22,16,2,4,0
ATT007808,EMP0651,2025-08-01 00:00:00,22,21,1,0,10.9
ATT007809,EMP0651,2025-09-01 00:00:00,21,19,0,2,11.2
ATT007810,EMP0651,2025-10-01 00:00:00,22,21,0,1,13.2
ATT007811,EMP0651,2025-11-01 00:00:00,22,20,0,2,7.7
ATT007812,EMP0651,2025-12-01 00:00:00,22,19,1,2,15.5
ATT007813,EMP0652,2025-01-01 00:00:00,21,20,1,0,8.9
ATT007814,EMP0652,2025-02-01 00:00:00,21,17,1,3,10.3
ATT007815,EMP0652,2025-03-01 00:00:00,23,22,1,0,7
ATT007816,EMP0652,2025-04-01 00:00:00,21,18,2,1,5
ATT007817,EMP0652,2025-05-01 00:00:00,22,18,0,4,11
ATT007818,EMP0652,2025-06-01 00:00:00,23,20,1,2,8.8
ATT007819,EMP0652,2025-07-01 00:00:00,20,20,0,0,7.3
ATT007820,EMP0652,2025-08-01 00:00:00,21,18,1,2,4.3
ATT007821,EMP0652,2025-09-01 00:00:00,22,19,2,1,6.2
ATT007822,EMP0652,2025-10-01 00:00:00,22,22,0,0,5.6
ATT007823,EMP0652,2025-11-01 00:00:00,21,16,2,3,9.2
ATT007824,EMP0652,2025-12-01 00:00:00,21,19,0,2,16.5
ATT007825,EMP0653,2025-01-01 00:00:00,20,16,1,3,4.9
ATT007826,EMP0653,2025-02-01 00:00:00,22,22,0,0,17.5
ATT007827,EMP0653,2025-03-01 00:00:00,23,16,2,5,12.6
ATT007828,EMP0653,2025-04-01 00:00:00,22,20,1,1,14.5
ATT007829,EMP0653,2025-05-01 00:00:00,22,20,2,0,0.8
ATT007830,EMP0653,2025-06-01 00:00:00,21,21,0,0,16.1
ATT007831,EMP0653,2025-07-01 00:00:00,22,20,2,0,12.8
ATT007832,EMP0653,2025-08-01 00:00:00,23,20,3,0,10.4
ATT007833,EMP0653,2025-09-01 00:00:00,22,21,1,0,0
ATT007834,EMP0653,2025-10-01 00:00:00,23,19,1,3,13.7
ATT007835,EMP0653,2025-11-01 00:00:00,21,16,0,5,12.4
ATT007836,EMP0653,2025-12-01 00:00:00,21,19,0,2,5.8
ATT007837,EMP0654,2025-01-01 00:00:00,22,20,1,1,9.7
ATT007838,EMP0654,2025-02-01 00:00:00,23,21,0,2,6.1
ATT007839,EMP0654,2025-03-01 00:00:00,21,17,0,4,6.5
ATT007840,EMP0654,2025-04-01 00:00:00,22,18,1,3,8.5
ATT007841,EMP0654,2025-05-01 00:00:00,21,17,1,3,18
ATT007842,EMP0654,2025-06-01 00:00:00,23,21,0,2,0
ATT007843,EMP0654,2025-07-01 00:00:00,21,21,0,0,13.2
ATT007844,EMP0654,2025-08-01 00:00:00,22,19,2,1,0
ATT007845,EMP0654,2025-09-01 00:00:00,22,18,3,1,6.8
ATT007846,EMP0654,2025-10-01 00:00:00,20,17,3,0,12.3
ATT007847,EMP0654,2025-11-01 00:00:00,22,21,0,1,7.8
ATT007848,EMP0654,2025-12-01 00:00:00,22,18,1,3,17
ATT007849,EMP0655,2025-01-01 00:00:00,22,18,1,3,19.4
ATT007850,EMP0655,2025-02-01 00:00:00,21,17,1,3,9.2
ATT007851,EMP0655,2025-03-01 00:00:00,23,19,1,3,4.5
ATT007852,EMP0655,2025-04-01 00:00:00,22,22,0,0,9.5
ATT007853,EMP0655,2025-05-01 00:00:00,23,21,1,1,0
ATT007854,EMP0655,2025-06-01 00:00:00,21,18,3,0,0
ATT007855,EMP0655,2025-07-01 00:00:00,23,22,0,1,5.1
ATT007856,EMP0655,2025-08-01 00:00:00,21,18,2,1,15.5
ATT007857,EMP0655,2025-09-01 00:00:00,23,20,1,2,11.6
ATT007858,EMP0655,2025-10-01 00:00:00,21,16,0,5,0
ATT007859,EMP0655,2025-11-01 00:00:00,22,20,1,1,2.4
ATT007860,EMP0655,2025-12-01 00:00:00,22,16,1,5,17.2
ATT007861,EMP0656,2025-01-01 00:00:00,22,22,0,0,19.2
ATT007862,EMP0656,2025-02-01 00:00:00,21,19,0,2,9.6
ATT007863,EMP0656,2025-03-01 00:00:00,22,19,0,3,3.3
ATT007864,EMP0656,2025-04-01 00:00:00,21,20,0,1,0
ATT007865,EMP0656,2025-05-01 00:00:00,22,19,2,1,6.7
ATT007866,EMP0656,2025-06-01 00:00:00,21,20,1,0,5.2
ATT007867,EMP0656,2025-07-01 00:00:00,22,21,1,0,0
ATT007868,EMP0656,2025-08-01 00:00:00,23,23,0,0,5.1
ATT007869,EMP0656,2025-09-01 00:00:00,21,19,0,2,2.3
ATT007870,EMP0656,2025-10-01 00:00:00,21,21,0,0,10.8
ATT007871,EMP0656,2025-11-01 00:00:00,22,16,3,3,6.2
ATT007872,EMP0656,2025-12-01 00:00:00,21,18,1,2,15.7
ATT007873,EMP0657,2025-01-01 00:00:00,21,21,0,0,11.3
ATT007874,EMP0657,2025-02-01 00:00:00,23,22,1,0,6.7
ATT007875,EMP0657,2025-03-01 00:00:00,22,19,2,1,9.2
ATT007876,EMP0657,2025-04-01 00:00:00,21,18,1,2,17.2
ATT007877,EMP0657,2025-05-01 00:00:00,20,19,0,1,19.5
ATT007878,EMP0657,2025-06-01 00:00:00,22,21,0,1,14.3
ATT007879,EMP0657,2025-07-01 00:00:00,22,20,0,2,5.8
ATT007880,EMP0657,2025-08-01 00:00:00,21,20,0,1,15.7
ATT007881,EMP0657,2025-09-01 00:00:00,22,21,1,0,8.3
ATT007882,EMP0657,2025-10-01 00:00:00,22,20,2,0,6.4
ATT007883,EMP0657,2025-11-01 00:00:00,22,19,0,3,2.4
ATT007884,EMP0657,2025-12-01 00:00:00,21,18,2,1,20
ATT007885,EMP0658,2025-01-01 00:00:00,21,21,0,0,3.3
ATT007886,EMP0658,2025-02-01 00:00:00,21,19,2,0,3.3
ATT007887,EMP0658,2025-03-01 00:00:00,23,20,2,1,8.7
ATT007888,EMP0658,2025-04-01 00:00:00,22,21,0,1,13.6
ATT007889,EMP0658,2025-05-01 00:00:00,22,21,1,0,9
ATT007890,EMP0658,2025-06-01 00:00:00,23,21,0,2,0
ATT007891,EMP0658,2025-07-01 00:00:00,22,21,1,0,15.5
ATT007892,EMP0658,2025-08-01 00:00:00,21,21,0,0,0
ATT007893,EMP0658,2025-09-01 00:00:00,20,16,2,2,1.1
ATT007894,EMP0658,2025-10-01 00:00:00,22,18,0,4,2.1
ATT007895,EMP0658,2025-11-01 00:00:00,20,17,1,2,9.8
ATT007896,EMP0658,2025-12-01 00:00:00,23,21,1,1,26.5
ATT007897,EMP0659,2025-01-01 00:00:00,21,21,0,0,3.2
ATT007898,EMP0659,2025-02-01 00:00:00,21,21,0,0,12.7
ATT007899,EMP0659,2025-03-01 00:00:00,21,17,1,3,10.9
ATT007900,EMP0659,2025-04-01 00:00:00,22,21,1,0,12.1
ATT007901,EMP0659,2025-05-01 00:00:00,20,18,0,2,4.3
ATT007902,EMP0659,2025-06-01 00:00:00,22,20,1,1,3.4
ATT007903,EMP0659,2025-07-01 00:00:00,22,21,1,0,4.8
ATT007904,EMP0659,2025-08-01 00:00:00,22,19,1,2,0
ATT007905,EMP0659,2025-09-01 00:00:00,23,21,0,2,9.1
ATT007906,EMP0659,2025-10-01 00:00:00,22,19,0,3,0
ATT007907,EMP0659,2025-11-01 00:00:00,21,20,0,1,10.2
ATT007908,EMP0659,2025-12-01 00:00:00,22,20,1,1,0
ATT007909,EMP0660,2025-01-01 00:00:00,22,22,0,0,10
ATT007910,EMP0660,2025-02-01 00:00:00,21,17,1,3,9.8
ATT007911,EMP0660,2025-03-01 00:00:00,22,20,0,2,13
ATT007912,EMP0660,2025-04-01 00:00:00,23,19,1,3,15.1
ATT007913,EMP0660,2025-05-01 00:00:00,23,21,2,0,0
ATT007914,EMP0660,2025-06-01 00:00:00,22,20,1,1,0
ATT007915,EMP0660,2025-07-01 00:00:00,20,16,1,3,2.5
ATT007916,EMP0660,2025-08-01 00:00:00,22,18,1,3,14.1
ATT007917,EMP0660,2025-09-01 00:00:00,20,19,0,1,7.2
ATT007918,EMP0660,2025-10-01 00:00:00,22,19,0,3,6.9
ATT007919,EMP0660,2025-11-01 00:00:00,22,18,2,2,17.7
ATT007920,EMP0660,2025-12-01 00:00:00,22,21,0,1,1.2
ATT007921,EMP0661,2025-01-01 00:00:00,22,15,2,5,6
ATT007922,EMP0661,2025-02-01 00:00:00,21,17,0,4,1.1
ATT007923,EMP0661,2025-03-01 00:00:00,20,19,0,1,8.3
ATT007924,EMP0661,2025-04-01 00:00:00,23,20,0,3,4
ATT007925,EMP0661,2025-05-01 00:00:00,22,20,1,1,11.2
ATT007926,EMP0661,2025-06-01 00:00:00,21,20,1,0,17.7
ATT007927,EMP0661,2025-07-01 00:00:00,21,20,0,1,14.7
ATT007928,EMP0661,2025-08-01 00:00:00,23,23,0,0,0
ATT007929,EMP0661,2025-09-01 00:00:00,22,19,0,3,5.5
ATT007930,EMP0661,2025-10-01 00:00:00,21,19,1,1,5.7
ATT007931,EMP0661,2025-11-01 00:00:00,21,20,1,0,10.4
ATT007932,EMP0661,2025-12-01 00:00:00,21,20,0,1,16.9
ATT007933,EMP0662,2025-01-01 00:00:00,22,18,1,3,10
ATT007934,EMP0662,2025-02-01 00:00:00,21,20,0,1,6.2
ATT007935,EMP0662,2025-03-01 00:00:00,22,19,2,1,5.3
ATT007936,EMP0662,2025-04-01 00:00:00,22,20,0,2,10.3
ATT007937,EMP0662,2025-05-01 00:00:00,22,21,0,1,5.5
ATT007938,EMP0662,2025-06-01 00:00:00,22,18,2,2,2.1
ATT007939,EMP0662,2025-07-01 00:00:00,20,19,0,1,7.5
ATT007940,EMP0662,2025-08-01 00:00:00,21,17,0,4,9.9
ATT007941,EMP0662,2025-09-01 00:00:00,22,22,0,0,6.3
ATT007942,EMP0662,2025-10-01 00:00:00,22,20,1,1,7.4
ATT007943,EMP0662,2025-11-01 00:00:00,23,18,1,4,2.9
ATT007944,EMP0662,2025-12-01 00:00:00,22,19,0,3,10
ATT007945,EMP0663,2025-01-01 00:00:00,20,16,1,3,0
ATT007946,EMP0663,2025-02-01 00:00:00,22,18,0,4,13.7
ATT007947,EMP0663,2025-03-01 00:00:00,22,22,0,0,12.3
ATT007948,EMP0663,2025-04-01 00:00:00,20,18,1,1,9.9
ATT007949,EMP0663,2025-05-01 00:00:00,21,19,0,2,11.1
ATT007950,EMP0663,2025-06-01 00:00:00,21,20,0,1,11.2
ATT007951,EMP0663,2025-07-01 00:00:00,22,20,0,2,3
ATT007952,EMP0663,2025-08-01 00:00:00,22,21,0,1,12.3
ATT007953,EMP0663,2025-09-01 00:00:00,21,19,0,2,12.5
ATT007954,EMP0663,2025-10-01 00:00:00,22,18,2,2,7.7
ATT007955,EMP0663,2025-11-01 00:00:00,21,17,3,1,4
ATT007956,EMP0663,2025-12-01 00:00:00,22,21,1,0,0
ATT007957,EMP0664,2025-01-01 00:00:00,22,20,1,1,0
ATT007958,EMP0664,2025-02-01 00:00:00,21,18,1,2,0
ATT007959,EMP0664,2025-03-01 00:00:00,21,18,1,2,3.4
ATT007960,EMP0664,2025-04-01 00:00:00,22,22,0,0,12.8
ATT007961,EMP0664,2025-05-01 00:00:00,22,21,1,0,15.5
ATT007962,EMP0664,2025-06-01 00:00:00,22,18,1,3,7.6
ATT007963,EMP0664,2025-07-01 00:00:00,22,21,0,1,14
ATT007964,EMP0664,2025-08-01 00:00:00,20,18,1,1,3.7
ATT007965,EMP0664,2025-09-01 00:00:00,23,21,0,2,9.5
ATT007966,EMP0664,2025-10-01 00:00:00,21,20,0,1,7.5
ATT007967,EMP0664,2025-11-01 00:00:00,23,18,1,4,2.5
ATT007968,EMP0664,2025-12-01 00:00:00,22,22,0,0,3
ATT007969,EMP0665,2025-01-01 00:00:00,22,21,1,0,12
ATT007970,EMP0665,2025-02-01 00:00:00,21,20,0,1,8.2
ATT007971,EMP0665,2025-03-01 00:00:00,23,22,1,0,16.2
ATT007972,EMP0665,2025-04-01 00:00:00,23,20,3,0,7.2
ATT007973,EMP0665,2025-05-01 00:00:00,21,17,0,4,4
ATT007974,EMP0665,2025-06-01 00:00:00,20,15,0,5,15.1
ATT007975,EMP0665,2025-07-01 00:00:00,21,19,0,2,4
ATT007976,EMP0665,2025-08-01 00:00:00,21,16,3,2,4.4
ATT007977,EMP0665,2025-09-01 00:00:00,21,21,0,0,0
ATT007978,EMP0665,2025-10-01 00:00:00,21,20,1,0,0
ATT007979,EMP0665,2025-11-01 00:00:00,22,20,0,2,1.7
ATT007980,EMP0665,2025-12-01 00:00:00,22,22,0,0,2.6
ATT007981,EMP0666,2025-01-01 00:00:00,22,21,1,0,0
ATT007982,EMP0666,2025-02-01 00:00:00,23,21,0,2,0
ATT007983,EMP0666,2025-03-01 00:00:00,23,20,1,2,3.1
ATT007984,EMP0666,2025-04-01 00:00:00,22,21,0,1,11.3
ATT007985,EMP0666,2025-05-01 00:00:00,22,18,1,3,13.5
ATT007986,EMP0666,2025-06-01 00:00:00,20,19,1,0,9.2
ATT007987,EMP0666,2025-07-01 00:00:00,22,19,2,1,10.8
ATT007988,EMP0666,2025-08-01 00:00:00,23,23,0,0,0
ATT007989,EMP0666,2025-09-01 00:00:00,21,17,1,3,5.9
ATT007990,EMP0666,2025-10-01 00:00:00,22,21,1,0,16.9
ATT007991,EMP0666,2025-11-01 00:00:00,23,20,1,2,3.4
ATT007992,EMP0666,2025-12-01 00:00:00,21,19,2,0,16.1
ATT007993,EMP0667,2025-01-01 00:00:00,23,22,1,0,5.8
ATT007994,EMP0667,2025-02-01 00:00:00,21,19,1,1,13.7
ATT007995,EMP0667,2025-03-01 00:00:00,21,18,0,3,7.6
ATT007996,EMP0667,2025-04-01 00:00:00,22,20,1,1,10.9
ATT007997,EMP0667,2025-05-01 00:00:00,20,14,1,5,16.2
ATT007998,EMP0667,2025-06-01 00:00:00,22,22,0,0,5.7
ATT007999,EMP0667,2025-07-01 00:00:00,23,21,1,1,1.5
ATT008000,EMP0667,2025-08-01 00:00:00,22,20,0,2,0
ATT008001,EMP0667,2025-09-01 00:00:00,21,18,1,2,4.8
ATT008002,EMP0667,2025-10-01 00:00:00,22,18,3,1,14.9
ATT008003,EMP0667,2025-11-01 00:00:00,22,19,2,1,7.2
ATT008004,EMP0667,2025-12-01 00:00:00,22,22,0,0,9.5
ATT008005,EMP0668,2025-01-01 00:00:00,20,20,0,0,6.1
ATT008006,EMP0668,2025-02-01 00:00:00,22,19,2,1,10.2
ATT008007,EMP0668,2025-03-01 00:00:00,22,15,3,4,7
ATT008008,EMP0668,2025-04-01 00:00:00,22,20,2,0,9.8
ATT008009,EMP0668,2025-05-01 00:00:00,23,23,0,0,0
ATT008010,EMP0668,2025-06-01 00:00:00,20,15,3,2,10
ATT008011,EMP0668,2025-07-01 00:00:00,23,20,1,2,9.5
ATT008012,EMP0668,2025-08-01 00:00:00,21,20,0,1,13.7
ATT008013,EMP0668,2025-09-01 00:00:00,22,19,0,3,8.3
ATT008014,EMP0668,2025-10-01 00:00:00,22,21,0,1,0.3
ATT008015,EMP0668,2025-11-01 00:00:00,22,19,1,2,8.4
ATT008016,EMP0668,2025-12-01 00:00:00,20,15,1,4,6.9
ATT008017,EMP0669,2025-01-01 00:00:00,23,23,0,0,0
ATT008018,EMP0669,2025-02-01 00:00:00,21,21,0,0,15.1
ATT008019,EMP0669,2025-03-01 00:00:00,21,17,0,4,2.1
ATT008020,EMP0669,2025-04-01 00:00:00,22,21,0,1,10.6
ATT008021,EMP0669,2025-05-01 00:00:00,23,20,3,0,0
ATT008022,EMP0669,2025-06-01 00:00:00,22,18,2,2,0.9
ATT008023,EMP0669,2025-07-01 00:00:00,22,22,0,0,8.2
ATT008024,EMP0669,2025-08-01 00:00:00,20,17,0,3,6.3
ATT008025,EMP0669,2025-09-01 00:00:00,22,19,2,1,23.6
ATT008026,EMP0669,2025-10-01 00:00:00,23,17,1,5,6.7
ATT008027,EMP0669,2025-11-01 00:00:00,22,22,0,0,16.2
ATT008028,EMP0669,2025-12-01 00:00:00,22,20,0,2,2.3
ATT008029,EMP0670,2025-01-01 00:00:00,22,19,0,3,5.6
ATT008030,EMP0670,2025-02-01 00:00:00,22,19,1,2,0.2
ATT008031,EMP0670,2025-03-01 00:00:00,21,21,0,0,10.3
ATT008032,EMP0670,2025-04-01 00:00:00,23,20,1,2,8.7
ATT008033,EMP0670,2025-05-01 00:00:00,20,18,1,1,11.4
ATT008034,EMP0670,2025-06-01 00:00:00,22,19,1,2,3.7
ATT008035,EMP0670,2025-07-01 00:00:00,21,19,0,2,5.1
ATT008036,EMP0670,2025-08-01 00:00:00,22,19,2,1,11.2
ATT008037,EMP0670,2025-09-01 00:00:00,22,18,2,2,0
ATT008038,EMP0670,2025-10-01 00:00:00,22,21,0,1,7.5
ATT008039,EMP0670,2025-11-01 00:00:00,22,15,3,4,0
ATT008040,EMP0670,2025-12-01 00:00:00,22,17,1,4,0.4
ATT008041,EMP0671,2025-01-01 00:00:00,22,19,3,0,0
ATT008042,EMP0671,2025-02-01 00:00:00,21,19,0,2,14.6
ATT008043,EMP0671,2025-03-01 00:00:00,22,20,2,0,6.9
ATT008044,EMP0671,2025-04-01 00:00:00,22,20,1,1,8.9
ATT008045,EMP0671,2025-05-01 00:00:00,22,16,1,5,6.4
ATT008046,EMP0671,2025-06-01 00:00:00,23,22,1,0,11.6
ATT008047,EMP0671,2025-07-01 00:00:00,22,21,0,1,15.1
ATT008048,EMP0671,2025-08-01 00:00:00,21,18,0,3,5.2
ATT008049,EMP0671,2025-09-01 00:00:00,21,17,1,3,12.4
ATT008050,EMP0671,2025-10-01 00:00:00,21,18,0,3,8.5
ATT008051,EMP0671,2025-11-01 00:00:00,22,21,0,1,17.3
ATT008052,EMP0671,2025-12-01 00:00:00,22,21,1,0,12.3
ATT008053,EMP0672,2025-01-01 00:00:00,22,21,1,0,4.8
ATT008054,EMP0672,2025-02-01 00:00:00,23,21,0,2,13
ATT008055,EMP0672,2025-03-01 00:00:00,20,20,0,0,15.4
ATT008056,EMP0672,2025-04-01 00:00:00,23,17,2,4,9.5
ATT008057,EMP0672,2025-05-01 00:00:00,22,20,2,0,12
ATT008058,EMP0672,2025-06-01 00:00:00,23,20,1,2,21.4
ATT008059,EMP0672,2025-07-01 00:00:00,22,21,0,1,4.2
ATT008060,EMP0672,2025-08-01 00:00:00,20,17,0,3,8
ATT008061,EMP0672,2025-09-01 00:00:00,21,21,0,0,7.4
ATT008062,EMP0672,2025-10-01 00:00:00,22,19,1,2,10.7
ATT008063,EMP0672,2025-11-01 00:00:00,22,21,0,1,14
ATT008064,EMP0672,2025-12-01 00:00:00,22,20,2,0,0
ATT008065,EMP0673,2025-01-01 00:00:00,22,21,0,1,3.7
ATT008066,EMP0673,2025-02-01 00:00:00,22,20,1,1,8.2
ATT008067,EMP0673,2025-03-01 00:00:00,22,22,0,0,13.9
ATT008068,EMP0673,2025-04-01 00:00:00,22,20,2,0,13.3
ATT008069,EMP0673,2025-05-01 00:00:00,21,20,0,1,14.4
ATT008070,EMP0673,2025-06-01 00:00:00,22,18,1,3,11.3
ATT008071,EMP0673,2025-07-01 00:00:00,22,22,0,0,8.1
ATT008072,EMP0673,2025-08-01 00:00:00,23,21,2,0,0.8
ATT008073,EMP0673,2025-09-01 00:00:00,21,19,0,2,9.5
ATT008074,EMP0673,2025-10-01 00:00:00,21,21,0,0,10.5
ATT008075,EMP0673,2025-11-01 00:00:00,20,19,1,0,5.5
ATT008076,EMP0673,2025-12-01 00:00:00,21,19,2,0,12.5
ATT008077,EMP0674,2025-01-01 00:00:00,22,20,1,1,5.3
ATT008078,EMP0674,2025-02-01 00:00:00,21,20,0,1,10.2
ATT008079,EMP0674,2025-03-01 00:00:00,21,19,1,1,21.3
ATT008080,EMP0674,2025-04-01 00:00:00,21,21,0,0,3.4
ATT008081,EMP0674,2025-05-01 00:00:00,23,17,2,4,6.9
ATT008082,EMP0674,2025-06-01 00:00:00,21,15,2,4,17.8
ATT008083,EMP0674,2025-07-01 00:00:00,22,21,1,0,6
ATT008084,EMP0674,2025-08-01 00:00:00,22,19,1,2,7.4
ATT008085,EMP0674,2025-09-01 00:00:00,21,19,1,1,12.2
ATT008086,EMP0674,2025-10-01 00:00:00,22,19,2,1,10.3
ATT008087,EMP0674,2025-11-01 00:00:00,23,20,1,2,8.9
ATT008088,EMP0674,2025-12-01 00:00:00,22,20,0,2,8.2
ATT008089,EMP0675,2025-01-01 00:00:00,22,20,0,2,0
ATT008090,EMP0675,2025-02-01 00:00:00,21,18,0,3,15.5
ATT008091,EMP0675,2025-03-01 00:00:00,21,18,0,3,11.5
ATT008092,EMP0675,2025-04-01 00:00:00,20,19,1,0,6.9
ATT008093,EMP0675,2025-05-01 00:00:00,21,17,2,2,19
ATT008094,EMP0675,2025-06-01 00:00:00,23,18,2,3,0
ATT008095,EMP0675,2025-07-01 00:00:00,22,22,0,0,12
ATT008096,EMP0675,2025-08-01 00:00:00,21,20,0,1,15.9
ATT008097,EMP0675,2025-09-01 00:00:00,22,20,0,2,6.5
ATT008098,EMP0675,2025-10-01 00:00:00,22,22,0,0,12.4
ATT008099,EMP0675,2025-11-01 00:00:00,22,17,1,4,0.1
ATT008100,EMP0675,2025-12-01 00:00:00,22,18,2,2,12
ATT008101,EMP0676,2025-01-01 00:00:00,20,18,0,2,6.2
ATT008102,EMP0676,2025-02-01 00:00:00,21,19,1,1,2.2
ATT008103,EMP0676,2025-03-01 00:00:00,23,22,0,1,7.6
ATT008104,EMP0676,2025-04-01 00:00:00,22,20,1,1,1.7
ATT008105,EMP0676,2025-05-01 00:00:00,22,20,1,1,15.4
ATT008106,EMP0676,2025-06-01 00:00:00,22,19,1,2,2.3
ATT008107,EMP0676,2025-07-01 00:00:00,21,20,1,0,2.9
ATT008108,EMP0676,2025-08-01 00:00:00,22,15,2,5,4.2
ATT008109,EMP0676,2025-09-01 00:00:00,20,19,1,0,21.5
ATT008110,EMP0676,2025-10-01 00:00:00,23,22,1,0,16.5
ATT008111,EMP0676,2025-11-01 00:00:00,22,22,0,0,13.6
ATT008112,EMP0676,2025-12-01 00:00:00,22,21,1,0,7.5
ATT008113,EMP0677,2025-01-01 00:00:00,20,16,3,1,18.4
ATT008114,EMP0677,2025-02-01 00:00:00,22,19,0,3,17.7
ATT008115,EMP0677,2025-03-01 00:00:00,21,19,0,2,14
ATT008116,EMP0677,2025-04-01 00:00:00,21,18,1,2,7.8
ATT008117,EMP0677,2025-05-01 00:00:00,22,20,1,1,1.9
ATT008118,EMP0677,2025-06-01 00:00:00,22,18,0,4,1.5
ATT008119,EMP0677,2025-07-01 00:00:00,22,15,2,5,3.5
ATT008120,EMP0677,2025-08-01 00:00:00,22,22,0,0,4.7
ATT008121,EMP0677,2025-09-01 00:00:00,23,21,2,0,13.7
ATT008122,EMP0677,2025-10-01 00:00:00,21,17,2,2,0
ATT008123,EMP0677,2025-11-01 00:00:00,23,22,0,1,15.3
ATT008124,EMP0677,2025-12-01 00:00:00,20,17,3,0,6.2
ATT008125,EMP0678,2025-01-01 00:00:00,23,18,0,5,4.8
ATT008126,EMP0678,2025-02-01 00:00:00,22,17,1,4,13.9
ATT008127,EMP0678,2025-03-01 00:00:00,23,21,1,1,13.9
ATT008128,EMP0678,2025-04-01 00:00:00,22,21,1,0,0
ATT008129,EMP0678,2025-05-01 00:00:00,22,20,1,1,4.1
ATT008130,EMP0678,2025-06-01 00:00:00,22,19,0,3,15.7
ATT008131,EMP0678,2025-07-01 00:00:00,22,21,0,1,16.2
ATT008132,EMP0678,2025-08-01 00:00:00,21,16,0,5,0
ATT008133,EMP0678,2025-09-01 00:00:00,22,20,2,0,7.4
ATT008134,EMP0678,2025-10-01 00:00:00,20,18,0,2,5
ATT008135,EMP0678,2025-11-01 00:00:00,22,20,2,0,16.6
ATT008136,EMP0678,2025-12-01 00:00:00,22,18,1,3,11.9
ATT008137,EMP0679,2025-01-01 00:00:00,22,16,2,4,12.4
ATT008138,EMP0679,2025-02-01 00:00:00,22,18,1,3,13.8
ATT008139,EMP0679,2025-03-01 00:00:00,21,21,0,0,13.1
ATT008140,EMP0679,2025-04-01 00:00:00,23,22,0,1,4.1
ATT008141,EMP0679,2025-05-01 00:00:00,22,17,3,2,18.3
ATT008142,EMP0679,2025-06-01 00:00:00,22,21,1,0,12.8
ATT008143,EMP0679,2025-07-01 00:00:00,20,18,2,0,12.4
ATT008144,EMP0679,2025-08-01 00:00:00,22,20,0,2,15.8
ATT008145,EMP0679,2025-09-01 00:00:00,21,19,0,2,15.2
ATT008146,EMP0679,2025-10-01 00:00:00,21,17,0,4,4.3
ATT008147,EMP0679,2025-11-01 00:00:00,21,19,2,0,10.9
ATT008148,EMP0679,2025-12-01 00:00:00,22,19,0,3,16.3
ATT008149,EMP0680,2025-01-01 00:00:00,20,19,0,1,0
ATT008150,EMP0680,2025-02-01 00:00:00,22,20,0,2,2.5
ATT008151,EMP0680,2025-03-01 00:00:00,23,21,2,0,17.8
ATT008152,EMP0680,2025-04-01 00:00:00,23,17,1,5,0.6
ATT008153,EMP0680,2025-05-01 00:00:00,21,19,2,0,0
ATT008154,EMP0680,2025-06-01 00:00:00,21,18,1,2,11.1
ATT008155,EMP0680,2025-07-01 00:00:00,22,18,1,3,5.4
ATT008156,EMP0680,2025-08-01 00:00:00,21,21,0,0,2.9
ATT008157,EMP0680,2025-09-01 00:00:00,23,19,1,3,14.2
ATT008158,EMP0680,2025-10-01 00:00:00,20,19,0,1,8
ATT008159,EMP0680,2025-11-01 00:00:00,22,20,2,0,4.2
ATT008160,EMP0680,2025-12-01 00:00:00,21,19,1,1,23.9
ATT008161,EMP0681,2025-01-01 00:00:00,22,19,0,3,6
ATT008162,EMP0681,2025-02-01 00:00:00,21,18,0,3,4.2
ATT008163,EMP0681,2025-03-01 00:00:00,22,21,0,1,0
ATT008164,EMP0681,2025-04-01 00:00:00,21,18,0,3,3.3
ATT008165,EMP0681,2025-05-01 00:00:00,21,18,0,3,11.3
ATT008166,EMP0681,2025-06-01 00:00:00,23,21,0,2,9
ATT008167,EMP0681,2025-07-01 00:00:00,22,20,0,2,12.8
ATT008168,EMP0681,2025-08-01 00:00:00,22,19,0,3,8.9
ATT008169,EMP0681,2025-09-01 00:00:00,22,20,0,2,20.3
ATT008170,EMP0681,2025-10-01 00:00:00,22,21,0,1,0
ATT008171,EMP0681,2025-11-01 00:00:00,20,19,1,0,3.2
ATT008172,EMP0681,2025-12-01 00:00:00,22,20,2,0,6.2
ATT008173,EMP0682,2025-01-01 00:00:00,22,20,0,2,2.3
ATT008174,EMP0682,2025-02-01 00:00:00,22,21,0,1,16.1
ATT008175,EMP0682,2025-03-01 00:00:00,21,18,2,1,17.2
ATT008176,EMP0682,2025-04-01 00:00:00,22,20,2,0,7.1
ATT008177,EMP0682,2025-05-01 00:00:00,22,19,1,2,10.9
ATT008178,EMP0682,2025-06-01 00:00:00,23,23,0,0,5.6
ATT008179,EMP0682,2025-07-01 00:00:00,20,20,0,0,9.7
ATT008180,EMP0682,2025-08-01 00:00:00,22,18,1,3,10.2
ATT008181,EMP0682,2025-09-01 00:00:00,21,17,0,4,10.5
ATT008182,EMP0682,2025-10-01 00:00:00,20,17,1,2,1.3
ATT008183,EMP0682,2025-11-01 00:00:00,21,20,0,1,6.9
ATT008184,EMP0682,2025-12-01 00:00:00,20,18,1,1,14.4
ATT008185,EMP0683,2025-01-01 00:00:00,21,16,0,5,1
ATT008186,EMP0683,2025-02-01 00:00:00,22,19,1,2,9.2
ATT008187,EMP0683,2025-03-01 00:00:00,23,19,1,3,1.4
ATT008188,EMP0683,2025-04-01 00:00:00,22,22,0,0,7.6
ATT008189,EMP0683,2025-05-01 00:00:00,22,21,1,0,7.9
ATT008190,EMP0683,2025-06-01 00:00:00,22,21,0,1,9.8
ATT008191,EMP0683,2025-07-01 00:00:00,22,17,0,5,7.5
ATT008192,EMP0683,2025-08-01 00:00:00,21,18,1,2,0
ATT008193,EMP0683,2025-09-01 00:00:00,22,21,0,1,7.6
ATT008194,EMP0683,2025-10-01 00:00:00,21,19,0,2,21.7
ATT008195,EMP0683,2025-11-01 00:00:00,21,18,2,1,6.3
ATT008196,EMP0683,2025-12-01 00:00:00,22,20,2,0,9.5
ATT008197,EMP0684,2025-01-01 00:00:00,20,18,0,2,13.8
ATT008198,EMP0684,2025-02-01 00:00:00,22,21,0,1,2.7
ATT008199,EMP0684,2025-03-01 00:00:00,22,21,0,1,4.5
ATT008200,EMP0684,2025-04-01 00:00:00,22,19,2,1,15.4
ATT008201,EMP0684,2025-05-01 00:00:00,22,19,0,3,2
ATT008202,EMP0684,2025-06-01 00:00:00,20,14,1,5,5.7
ATT008203,EMP0684,2025-07-01 00:00:00,22,20,1,1,18.8
ATT008204,EMP0684,2025-08-01 00:00:00,20,20,0,0,10.9
ATT008205,EMP0684,2025-09-01 00:00:00,22,20,1,1,21.4
ATT008206,EMP0684,2025-10-01 00:00:00,22,19,1,2,7
ATT008207,EMP0684,2025-11-01 00:00:00,22,21,0,1,16.6
ATT008208,EMP0684,2025-12-01 00:00:00,22,21,1,0,16.2
ATT008209,EMP0685,2025-01-01 00:00:00,23,23,0,0,0
ATT008210,EMP0685,2025-02-01 00:00:00,23,19,3,1,6.3
ATT008211,EMP0685,2025-03-01 00:00:00,22,18,1,3,13.6
ATT008212,EMP0685,2025-04-01 00:00:00,22,19,0,3,7.2
ATT008213,EMP0685,2025-05-01 00:00:00,22,19,1,2,13.4
ATT008214,EMP0685,2025-06-01 00:00:00,22,20,2,0,17
ATT008215,EMP0685,2025-07-01 00:00:00,22,20,2,0,17.9
ATT008216,EMP0685,2025-08-01 00:00:00,22,18,2,2,11
ATT008217,EMP0685,2025-09-01 00:00:00,21,18,2,1,9.6
ATT008218,EMP0685,2025-10-01 00:00:00,22,21,0,1,19.6
ATT008219,EMP0685,2025-11-01 00:00:00,22,19,2,1,0.2
ATT008220,EMP0685,2025-12-01 00:00:00,22,20,0,2,4.5
ATT008221,EMP0686,2025-01-01 00:00:00,22,21,0,1,10.4
ATT008222,EMP0686,2025-02-01 00:00:00,21,18,1,2,10.1
ATT008223,EMP0686,2025-03-01 00:00:00,22,18,1,3,12.1
ATT008224,EMP0686,2025-04-01 00:00:00,23,18,3,2,1.7
ATT008225,EMP0686,2025-05-01 00:00:00,20,18,1,1,0
ATT008226,EMP0686,2025-06-01 00:00:00,22,22,0,0,21.6
ATT008227,EMP0686,2025-07-01 00:00:00,21,19,1,1,3.6
ATT008228,EMP0686,2025-08-01 00:00:00,22,19,3,0,6.1
ATT008229,EMP0686,2025-09-01 00:00:00,22,16,2,4,9.2
ATT008230,EMP0686,2025-10-01 00:00:00,23,22,0,1,14.7
ATT008231,EMP0686,2025-11-01 00:00:00,22,20,1,1,21.7
ATT008232,EMP0686,2025-12-01 00:00:00,23,20,0,3,8.9
ATT008233,EMP0687,2025-01-01 00:00:00,23,21,0,2,7.1
ATT008234,EMP0687,2025-02-01 00:00:00,21,21,0,0,0
ATT008235,EMP0687,2025-03-01 00:00:00,22,17,2,3,7.1
ATT008236,EMP0687,2025-04-01 00:00:00,21,20,0,1,0
ATT008237,EMP0687,2025-05-01 00:00:00,22,21,1,0,4.6
ATT008238,EMP0687,2025-06-01 00:00:00,22,20,1,1,1.4
ATT008239,EMP0687,2025-07-01 00:00:00,23,19,1,3,6.5
ATT008240,EMP0687,2025-08-01 00:00:00,21,15,3,3,11.9
ATT008241,EMP0687,2025-09-01 00:00:00,21,19,2,0,2.7
ATT008242,EMP0687,2025-10-01 00:00:00,22,18,1,3,9.9
ATT008243,EMP0687,2025-11-01 00:00:00,21,17,1,3,9.5
ATT008244,EMP0687,2025-12-01 00:00:00,21,17,1,3,13.4
ATT008245,EMP0688,2025-01-01 00:00:00,21,20,0,1,9.9
ATT008246,EMP0688,2025-02-01 00:00:00,22,20,1,1,14.2
ATT008247,EMP0688,2025-03-01 00:00:00,22,20,1,1,7.4
ATT008248,EMP0688,2025-04-01 00:00:00,23,19,2,2,1.2
ATT008249,EMP0688,2025-05-01 00:00:00,22,22,0,0,7.4
ATT008250,EMP0688,2025-06-01 00:00:00,21,16,0,5,5.5
ATT008251,EMP0688,2025-07-01 00:00:00,22,16,1,5,18.3
ATT008252,EMP0688,2025-08-01 00:00:00,22,20,1,1,12.4
ATT008253,EMP0688,2025-09-01 00:00:00,22,18,3,1,12.9
ATT008254,EMP0688,2025-10-01 00:00:00,21,19,0,2,3.1
ATT008255,EMP0688,2025-11-01 00:00:00,22,20,0,2,8.4
ATT008256,EMP0688,2025-12-01 00:00:00,22,22,0,0,5.6
ATT008257,EMP0689,2025-01-01 00:00:00,22,20,0,2,15.6
ATT008258,EMP0689,2025-02-01 00:00:00,22,20,1,1,5.1
ATT008259,EMP0689,2025-03-01 00:00:00,23,21,0,2,4.7
ATT008260,EMP0689,2025-04-01 00:00:00,21,18,0,3,0
ATT008261,EMP0689,2025-05-01 00:00:00,21,16,3,2,11.5
ATT008262,EMP0689,2025-06-01 00:00:00,21,17,2,2,0.9
ATT008263,EMP0689,2025-07-01 00:00:00,22,21,1,0,5.3
ATT008264,EMP0689,2025-08-01 00:00:00,22,21,0,1,0.5
ATT008265,EMP0689,2025-09-01 00:00:00,21,19,2,0,10.3
ATT008266,EMP0689,2025-10-01 00:00:00,21,19,1,1,8.2
ATT008267,EMP0689,2025-11-01 00:00:00,21,21,0,0,9.6
ATT008268,EMP0689,2025-12-01 00:00:00,23,21,0,2,10.6
ATT008269,EMP0690,2025-01-01 00:00:00,22,18,1,3,9.3
ATT008270,EMP0690,2025-02-01 00:00:00,22,20,0,2,13.7
ATT008271,EMP0690,2025-03-01 00:00:00,20,14,2,4,7.3
ATT008272,EMP0690,2025-04-01 00:00:00,23,21,1,1,4.4
ATT008273,EMP0690,2025-05-01 00:00:00,20,17,0,3,6.5
ATT008274,EMP0690,2025-06-01 00:00:00,21,19,0,2,14
ATT008275,EMP0690,2025-07-01 00:00:00,22,21,1,0,11.9
ATT008276,EMP0690,2025-08-01 00:00:00,22,19,3,0,8.5
ATT008277,EMP0690,2025-09-01 00:00:00,22,20,1,1,18.2
ATT008278,EMP0690,2025-10-01 00:00:00,21,19,1,1,6.4
ATT008279,EMP0690,2025-11-01 00:00:00,21,16,1,4,10.1
ATT008280,EMP0690,2025-12-01 00:00:00,23,22,1,0,19.9
ATT008281,EMP0691,2025-01-01 00:00:00,21,19,0,2,0.1
ATT008282,EMP0691,2025-02-01 00:00:00,21,20,1,0,14
ATT008283,EMP0691,2025-03-01 00:00:00,20,19,0,1,6
ATT008284,EMP0691,2025-04-01 00:00:00,20,19,0,1,13.3
ATT008285,EMP0691,2025-05-01 00:00:00,23,22,0,1,0
ATT008286,EMP0691,2025-06-01 00:00:00,21,16,1,4,13.5
ATT008287,EMP0691,2025-07-01 00:00:00,21,19,1,1,11
ATT008288,EMP0691,2025-08-01 00:00:00,22,17,2,3,8.6
ATT008289,EMP0691,2025-09-01 00:00:00,22,20,1,1,0
ATT008290,EMP0691,2025-10-01 00:00:00,22,19,1,2,8.2
ATT008291,EMP0691,2025-11-01 00:00:00,22,17,2,3,10.2
ATT008292,EMP0691,2025-12-01 00:00:00,20,16,2,2,7.7
ATT008293,EMP0692,2025-01-01 00:00:00,20,20,0,0,10.9
ATT008294,EMP0692,2025-02-01 00:00:00,22,22,0,0,7.2
ATT008295,EMP0692,2025-03-01 00:00:00,22,16,1,5,10.5
ATT008296,EMP0692,2025-04-01 00:00:00,20,18,0,2,14.8
ATT008297,EMP0692,2025-05-01 00:00:00,22,21,0,1,5
ATT008298,EMP0692,2025-06-01 00:00:00,21,19,1,1,5.8
ATT008299,EMP0692,2025-07-01 00:00:00,21,16,0,5,5.6
ATT008300,EMP0692,2025-08-01 00:00:00,22,22,0,0,10.6
ATT008301,EMP0692,2025-09-01 00:00:00,23,21,1,1,5.5
ATT008302,EMP0692,2025-10-01 00:00:00,22,21,1,0,0
ATT008303,EMP0692,2025-11-01 00:00:00,22,19,0,3,17.1
ATT008304,EMP0692,2025-12-01 00:00:00,22,16,2,4,9.2
ATT008305,EMP0693,2025-01-01 00:00:00,22,20,0,2,0.4
ATT008306,EMP0693,2025-02-01 00:00:00,22,17,0,5,11
ATT008307,EMP0693,2025-03-01 00:00:00,22,21,0,1,7.4
ATT008308,EMP0693,2025-04-01 00:00:00,22,18,2,2,9.9
ATT008309,EMP0693,2025-05-01 00:00:00,20,18,2,0,13.3
ATT008310,EMP0693,2025-06-01 00:00:00,23,20,1,2,0
ATT008311,EMP0693,2025-07-01 00:00:00,22,21,0,1,3.5
ATT008312,EMP0693,2025-08-01 00:00:00,20,16,0,4,11.6
ATT008313,EMP0693,2025-09-01 00:00:00,23,20,1,2,2.1
ATT008314,EMP0693,2025-10-01 00:00:00,23,22,0,1,21.3
ATT008315,EMP0693,2025-11-01 00:00:00,21,20,0,1,6.5
ATT008316,EMP0693,2025-12-01 00:00:00,22,19,1,2,4.1
ATT008317,EMP0694,2025-01-01 00:00:00,22,20,0,2,1
ATT008318,EMP0694,2025-02-01 00:00:00,21,20,1,0,0
ATT008319,EMP0694,2025-03-01 00:00:00,22,19,0,3,17.1
ATT008320,EMP0694,2025-04-01 00:00:00,22,21,1,0,1.2
ATT008321,EMP0694,2025-05-01 00:00:00,23,20,1,2,5.6
ATT008322,EMP0694,2025-06-01 00:00:00,23,18,1,4,13.1
ATT008323,EMP0694,2025-07-01 00:00:00,21,18,0,3,12
ATT008324,EMP0694,2025-08-01 00:00:00,20,18,2,0,8.5
ATT008325,EMP0694,2025-09-01 00:00:00,21,15,1,5,0
ATT008326,EMP0694,2025-10-01 00:00:00,22,17,1,4,0
ATT008327,EMP0694,2025-11-01 00:00:00,21,20,1,0,6.2
ATT008328,EMP0694,2025-12-01 00:00:00,21,20,0,1,7.4
ATT008329,EMP0695,2025-01-01 00:00:00,22,21,0,1,2.1
ATT008330,EMP0695,2025-02-01 00:00:00,22,19,2,1,0
ATT008331,EMP0695,2025-03-01 00:00:00,20,19,1,0,3.9
ATT008332,EMP0695,2025-04-01 00:00:00,22,22,0,0,10.5
ATT008333,EMP0695,2025-05-01 00:00:00,22,21,0,1,2.8
ATT008334,EMP0695,2025-06-01 00:00:00,22,20,0,2,14.3
ATT008335,EMP0695,2025-07-01 00:00:00,22,20,1,1,5.6
ATT008336,EMP0695,2025-08-01 00:00:00,22,19,3,0,8.2
ATT008337,EMP0695,2025-09-01 00:00:00,22,19,2,1,9.1
ATT008338,EMP0695,2025-10-01 00:00:00,22,21,0,1,11.7
ATT008339,EMP0695,2025-11-01 00:00:00,21,21,0,0,5.6
ATT008340,EMP0695,2025-12-01 00:00:00,21,21,0,0,16
ATT008341,EMP0696,2025-01-01 00:00:00,23,21,0,2,0
ATT008342,EMP0696,2025-02-01 00:00:00,22,21,0,1,10.3
ATT008343,EMP0696,2025-03-01 00:00:00,22,21,0,1,2.9
ATT008344,EMP0696,2025-04-01 00:00:00,22,22,0,0,12.9
ATT008345,EMP0696,2025-05-01 00:00:00,22,17,1,4,15.6
ATT008346,EMP0696,2025-06-01 00:00:00,22,19,1,2,7.5
ATT008347,EMP0696,2025-07-01 00:00:00,21,19,1,1,2.1
ATT008348,EMP0696,2025-08-01 00:00:00,22,22,0,0,14.7
ATT008349,EMP0696,2025-09-01 00:00:00,23,21,1,1,8.4
ATT008350,EMP0696,2025-10-01 00:00:00,22,20,1,1,5.3
ATT008351,EMP0696,2025-11-01 00:00:00,22,22,0,0,1.5
ATT008352,EMP0696,2025-12-01 00:00:00,21,17,3,1,13.8
ATT008353,EMP0697,2025-01-01 00:00:00,23,20,3,0,0.4
ATT008354,EMP0697,2025-02-01 00:00:00,21,20,1,0,0
ATT008355,EMP0697,2025-03-01 00:00:00,20,19,1,0,0.1
ATT008356,EMP0697,2025-04-01 00:00:00,20,17,0,3,5.6
ATT008357,EMP0697,2025-05-01 00:00:00,23,21,0,2,4.7
ATT008358,EMP0697,2025-06-01 00:00:00,21,17,1,3,11.3
ATT008359,EMP0697,2025-07-01 00:00:00,23,23,0,0,9.7
ATT008360,EMP0697,2025-08-01 00:00:00,23,18,1,4,0
ATT008361,EMP0697,2025-09-01 00:00:00,22,22,0,0,10
ATT008362,EMP0697,2025-10-01 00:00:00,21,19,1,1,0.9
ATT008363,EMP0697,2025-11-01 00:00:00,21,18,2,1,0
ATT008364,EMP0697,2025-12-01 00:00:00,22,21,0,1,1.9
ATT008365,EMP0698,2025-01-01 00:00:00,22,18,1,3,14.5
ATT008366,EMP0698,2025-02-01 00:00:00,21,20,1,0,2
ATT008367,EMP0698,2025-03-01 00:00:00,22,19,0,3,4.6
ATT008368,EMP0698,2025-04-01 00:00:00,22,22,0,0,1.6
ATT008369,EMP0698,2025-05-01 00:00:00,21,19,1,1,2.6
ATT008370,EMP0698,2025-06-01 00:00:00,22,20,1,1,12.4
ATT008371,EMP0698,2025-07-01 00:00:00,20,19,0,1,0
ATT008372,EMP0698,2025-08-01 00:00:00,21,16,3,2,12
ATT008373,EMP0698,2025-09-01 00:00:00,22,19,2,1,15.2
ATT008374,EMP0698,2025-10-01 00:00:00,23,19,0,4,14
ATT008375,EMP0698,2025-11-01 00:00:00,22,17,1,4,9
ATT008376,EMP0698,2025-12-01 00:00:00,22,19,1,2,9.7
ATT008377,EMP0699,2025-01-01 00:00:00,21,20,1,0,4.8
ATT008378,EMP0699,2025-02-01 00:00:00,22,15,2,5,13
ATT008379,EMP0699,2025-03-01 00:00:00,22,18,0,4,9.8
ATT008380,EMP0699,2025-04-01 00:00:00,21,18,0,3,10
ATT008381,EMP0699,2025-05-01 00:00:00,22,20,0,2,8.8
ATT008382,EMP0699,2025-06-01 00:00:00,21,17,0,4,1.9
ATT008383,EMP0699,2025-07-01 00:00:00,23,19,1,3,9
ATT008384,EMP0699,2025-08-01 00:00:00,22,18,1,3,11.7
ATT008385,EMP0699,2025-09-01 00:00:00,22,20,0,2,9.1
ATT008386,EMP0699,2025-10-01 00:00:00,22,21,0,1,10.5
ATT008387,EMP0699,2025-11-01 00:00:00,22,20,0,2,7.9
ATT008388,EMP0699,2025-12-01 00:00:00,20,19,1,0,11.4
ATT008389,EMP0700,2025-01-01 00:00:00,22,17,2,3,5.7
ATT008390,EMP0700,2025-02-01 00:00:00,22,16,1,5,17.4
ATT008391,EMP0700,2025-03-01 00:00:00,23,22,0,1,3.8
ATT008392,EMP0700,2025-04-01 00:00:00,21,15,2,4,12.7
ATT008393,EMP0700,2025-05-01 00:00:00,22,21,0,1,11.2
ATT008394,EMP0700,2025-06-01 00:00:00,21,18,0,3,7.2
ATT008395,EMP0700,2025-07-01 00:00:00,21,19,1,1,15.2
ATT008396,EMP0700,2025-08-01 00:00:00,21,20,1,0,10.4
ATT008397,EMP0700,2025-09-01 00:00:00,21,21,0,0,6.2
ATT008398,EMP0700,2025-10-01 00:00:00,21,20,0,1,6.3
ATT008399,EMP0700,2025-11-01 00:00:00,21,20,1,0,0
ATT008400,EMP0700,2025-12-01 00:00:00,22,21,1,0,13.9
ATT008401,EMP0701,2025-01-01 00:00:00,21,19,0,2,9.2
ATT008402,EMP0701,2025-02-01 00:00:00,22,18,1,3,0
ATT008403,EMP0701,2025-03-01 00:00:00,21,20,1,0,15.4
ATT008404,EMP0701,2025-04-01 00:00:00,22,20,1,1,3.4
ATT008405,EMP0701,2025-05-01 00:00:00,23,20,2,1,10
ATT008406,EMP0701,2025-06-01 00:00:00,21,19,1,1,13.7
ATT008407,EMP0701,2025-07-01 00:00:00,22,20,2,0,8.6
ATT008408,EMP0701,2025-08-01 00:00:00,21,20,0,1,18.6
ATT008409,EMP0701,2025-09-01 00:00:00,22,20,1,1,9
ATT008410,EMP0701,2025-10-01 00:00:00,20,19,0,1,8.6
ATT008411,EMP0701,2025-11-01 00:00:00,21,20,0,1,15.5
ATT008412,EMP0701,2025-12-01 00:00:00,21,16,2,3,17.9
ATT008413,EMP0702,2025-01-01 00:00:00,20,13,2,5,1.3
ATT008414,EMP0702,2025-02-01 00:00:00,23,21,1,1,14.7
ATT008415,EMP0702,2025-03-01 00:00:00,23,22,0,1,5
ATT008416,EMP0702,2025-04-01 00:00:00,20,17,1,2,16.6
ATT008417,EMP0702,2025-05-01 00:00:00,22,21,0,1,6.1
ATT008418,EMP0702,2025-06-01 00:00:00,22,21,0,1,9.7
ATT008419,EMP0702,2025-07-01 00:00:00,21,20,1,0,11.7
ATT008420,EMP0702,2025-08-01 00:00:00,21,19,2,0,18.5
ATT008421,EMP0702,2025-09-01 00:00:00,22,19,0,3,6.2
ATT008422,EMP0702,2025-10-01 00:00:00,20,15,2,3,7.3
ATT008423,EMP0702,2025-11-01 00:00:00,22,21,0,1,0
ATT008424,EMP0702,2025-12-01 00:00:00,22,17,0,5,13.7
ATT008425,EMP0703,2025-01-01 00:00:00,22,21,1,0,2.9
ATT008426,EMP0703,2025-02-01 00:00:00,21,18,0,3,21.5
ATT008427,EMP0703,2025-03-01 00:00:00,21,16,3,2,10.5
ATT008428,EMP0703,2025-04-01 00:00:00,20,18,1,1,9.6
ATT008429,EMP0703,2025-05-01 00:00:00,20,18,1,1,13.8
ATT008430,EMP0703,2025-06-01 00:00:00,20,17,1,2,11.2
ATT008431,EMP0703,2025-07-01 00:00:00,22,18,0,4,1.1
ATT008432,EMP0703,2025-08-01 00:00:00,23,21,1,1,1.6
ATT008433,EMP0703,2025-09-01 00:00:00,21,17,1,3,0
ATT008434,EMP0703,2025-10-01 00:00:00,21,18,0,3,12.2
ATT008435,EMP0703,2025-11-01 00:00:00,22,21,1,0,4.6
ATT008436,EMP0703,2025-12-01 00:00:00,23,20,2,1,16.2
ATT008437,EMP0704,2025-01-01 00:00:00,22,22,0,0,5.3
ATT008438,EMP0704,2025-02-01 00:00:00,22,22,0,0,13.3
ATT008439,EMP0704,2025-03-01 00:00:00,23,20,2,1,0
ATT008440,EMP0704,2025-04-01 00:00:00,22,22,0,0,4.1
ATT008441,EMP0704,2025-05-01 00:00:00,22,17,2,3,14.1
ATT008442,EMP0704,2025-06-01 00:00:00,23,19,2,2,8.4
ATT008443,EMP0704,2025-07-01 00:00:00,22,17,2,3,10.1
ATT008444,EMP0704,2025-08-01 00:00:00,20,15,1,4,10.3
ATT008445,EMP0704,2025-09-01 00:00:00,22,21,0,1,13.7
ATT008446,EMP0704,2025-10-01 00:00:00,21,18,1,2,11.4
ATT008447,EMP0704,2025-11-01 00:00:00,22,22,0,0,15.6
ATT008448,EMP0704,2025-12-01 00:00:00,22,21,0,1,5.3
ATT008449,EMP0705,2025-01-01 00:00:00,20,18,0,2,4.4
ATT008450,EMP0705,2025-02-01 00:00:00,22,21,1,0,3.8
ATT008451,EMP0705,2025-03-01 00:00:00,21,17,0,4,0
ATT008452,EMP0705,2025-04-01 00:00:00,21,20,0,1,7.9
ATT008453,EMP0705,2025-05-01 00:00:00,23,23,0,0,7.1
ATT008454,EMP0705,2025-06-01 00:00:00,22,21,1,0,9.8
ATT008455,EMP0705,2025-07-01 00:00:00,21,20,0,1,7.9
ATT008456,EMP0705,2025-08-01 00:00:00,21,18,0,3,17.4
ATT008457,EMP0705,2025-09-01 00:00:00,22,19,0,3,8
ATT008458,EMP0705,2025-10-01 00:00:00,23,22,1,0,10.5
ATT008459,EMP0705,2025-11-01 00:00:00,21,19,1,1,7.8
ATT008460,EMP0705,2025-12-01 00:00:00,22,19,0,3,3.7
ATT008461,EMP0706,2025-01-01 00:00:00,22,21,0,1,14
ATT008462,EMP0706,2025-02-01 00:00:00,21,18,1,2,15.2
ATT008463,EMP0706,2025-03-01 00:00:00,22,19,0,3,11.3
ATT008464,EMP0706,2025-04-01 00:00:00,21,14,3,4,9.5
ATT008465,EMP0706,2025-05-01 00:00:00,20,15,3,2,10.1
ATT008466,EMP0706,2025-06-01 00:00:00,20,19,0,1,8.3
ATT008467,EMP0706,2025-07-01 00:00:00,22,20,0,2,8.2
ATT008468,EMP0706,2025-08-01 00:00:00,23,23,0,0,11.4
ATT008469,EMP0706,2025-09-01 00:00:00,22,20,2,0,0.5
ATT008470,EMP0706,2025-10-01 00:00:00,23,21,1,1,12.1
ATT008471,EMP0706,2025-11-01 00:00:00,22,19,3,0,11.9
ATT008472,EMP0706,2025-12-01 00:00:00,23,21,1,1,12.4
ATT008473,EMP0707,2025-01-01 00:00:00,21,17,0,4,12.3
ATT008474,EMP0707,2025-02-01 00:00:00,22,19,2,1,9.2
ATT008475,EMP0707,2025-03-01 00:00:00,21,20,0,1,1.4
ATT008476,EMP0707,2025-04-01 00:00:00,22,20,1,1,7.9
ATT008477,EMP0707,2025-05-01 00:00:00,23,23,0,0,10.4
ATT008478,EMP0707,2025-06-01 00:00:00,23,18,2,3,0
ATT008479,EMP0707,2025-07-01 00:00:00,21,20,1,0,5.1
ATT008480,EMP0707,2025-08-01 00:00:00,21,18,1,2,2.1
ATT008481,EMP0707,2025-09-01 00:00:00,20,19,0,1,7.1
ATT008482,EMP0707,2025-10-01 00:00:00,22,20,2,0,10.3
ATT008483,EMP0707,2025-11-01 00:00:00,22,18,1,3,10.8
ATT008484,EMP0707,2025-12-01 00:00:00,23,17,1,5,0
ATT008485,EMP0708,2025-01-01 00:00:00,22,20,0,2,6
ATT008486,EMP0708,2025-02-01 00:00:00,22,19,1,2,10.6
ATT008487,EMP0708,2025-03-01 00:00:00,23,20,1,2,12.2
ATT008488,EMP0708,2025-04-01 00:00:00,22,18,0,4,14.3
ATT008489,EMP0708,2025-05-01 00:00:00,20,17,1,2,5.9
ATT008490,EMP0708,2025-06-01 00:00:00,21,20,0,1,15.8
ATT008491,EMP0708,2025-07-01 00:00:00,22,22,0,0,5.4
ATT008492,EMP0708,2025-08-01 00:00:00,22,17,0,5,0
ATT008493,EMP0708,2025-09-01 00:00:00,21,16,2,3,2.2
ATT008494,EMP0708,2025-10-01 00:00:00,20,18,1,1,2.1
ATT008495,EMP0708,2025-11-01 00:00:00,22,20,1,1,12.1
ATT008496,EMP0708,2025-12-01 00:00:00,21,19,1,1,7.8
ATT008497,EMP0709,2025-01-01 00:00:00,21,19,0,2,14.7
ATT008498,EMP0709,2025-02-01 00:00:00,21,21,0,0,11.6
ATT008499,EMP0709,2025-03-01 00:00:00,21,17,0,4,12.8
ATT008500,EMP0709,2025-04-01 00:00:00,22,19,1,2,13
ATT008501,EMP0709,2025-05-01 00:00:00,22,22,0,0,1.1
ATT008502,EMP0709,2025-06-01 00:00:00,22,18,2,2,5.2
ATT008503,EMP0709,2025-07-01 00:00:00,23,17,3,3,11.5
ATT008504,EMP0709,2025-08-01 00:00:00,22,19,3,0,0
ATT008505,EMP0709,2025-09-01 00:00:00,21,21,0,0,0.7
ATT008506,EMP0709,2025-10-01 00:00:00,22,21,0,1,16.4
ATT008507,EMP0709,2025-11-01 00:00:00,22,18,1,3,12.4
ATT008508,EMP0709,2025-12-01 00:00:00,21,16,1,4,10.9
ATT008509,EMP0710,2025-01-01 00:00:00,22,19,1,2,2.6
ATT008510,EMP0710,2025-02-01 00:00:00,21,20,0,1,15.9
ATT008511,EMP0710,2025-03-01 00:00:00,22,22,0,0,2.6
ATT008512,EMP0710,2025-04-01 00:00:00,23,23,0,0,0
ATT008513,EMP0710,2025-05-01 00:00:00,21,18,0,3,13.5
ATT008514,EMP0710,2025-06-01 00:00:00,23,21,0,2,11.9
ATT008515,EMP0710,2025-07-01 00:00:00,21,15,1,5,8.6
ATT008516,EMP0710,2025-08-01 00:00:00,22,16,2,4,12.7
ATT008517,EMP0710,2025-09-01 00:00:00,20,14,1,5,2.2
ATT008518,EMP0710,2025-10-01 00:00:00,22,19,1,2,11.9
ATT008519,EMP0710,2025-11-01 00:00:00,21,17,1,3,5.5
ATT008520,EMP0710,2025-12-01 00:00:00,22,17,0,5,2.5
ATT008521,EMP0711,2025-01-01 00:00:00,21,18,0,3,12.5
ATT008522,EMP0711,2025-02-01 00:00:00,23,20,1,2,0
ATT008523,EMP0711,2025-03-01 00:00:00,21,20,0,1,2.9
ATT008524,EMP0711,2025-04-01 00:00:00,20,15,0,5,2.7
ATT008525,EMP0711,2025-05-01 00:00:00,22,21,1,0,8.5
ATT008526,EMP0711,2025-06-01 00:00:00,22,21,1,0,4.8
ATT008527,EMP0711,2025-07-01 00:00:00,21,20,1,0,3.6
ATT008528,EMP0711,2025-08-01 00:00:00,22,20,1,1,6.6
ATT008529,EMP0711,2025-09-01 00:00:00,22,21,0,1,21.1
ATT008530,EMP0711,2025-10-01 00:00:00,22,16,2,4,0
ATT008531,EMP0711,2025-11-01 00:00:00,21,20,1,0,11.4
ATT008532,EMP0711,2025-12-01 00:00:00,20,16,0,4,13.8
ATT008533,EMP0712,2025-01-01 00:00:00,22,20,1,1,5.6
ATT008534,EMP0712,2025-02-01 00:00:00,22,20,0,2,0
ATT008535,EMP0712,2025-03-01 00:00:00,20,19,1,0,0.6
ATT008536,EMP0712,2025-04-01 00:00:00,21,17,2,2,4.9
ATT008537,EMP0712,2025-05-01 00:00:00,22,18,3,1,10.6
ATT008538,EMP0712,2025-06-01 00:00:00,22,16,2,4,7.9
ATT008539,EMP0712,2025-07-01 00:00:00,21,19,2,0,14.1
ATT008540,EMP0712,2025-08-01 00:00:00,22,20,1,1,25.3
ATT008541,EMP0712,2025-09-01 00:00:00,21,18,1,2,9
ATT008542,EMP0712,2025-10-01 00:00:00,21,21,0,0,6.5
ATT008543,EMP0712,2025-11-01 00:00:00,22,20,1,1,0.3
ATT008544,EMP0712,2025-12-01 00:00:00,22,21,1,0,13.7
ATT008545,EMP0713,2025-01-01 00:00:00,21,20,0,1,6
ATT008546,EMP0713,2025-02-01 00:00:00,21,19,1,1,0
ATT008547,EMP0713,2025-03-01 00:00:00,22,20,2,0,4.1
ATT008548,EMP0713,2025-04-01 00:00:00,22,20,1,1,6.9
ATT008549,EMP0713,2025-05-01 00:00:00,23,21,1,1,2.5
ATT008550,EMP0713,2025-06-01 00:00:00,21,19,1,1,5.5
ATT008551,EMP0713,2025-07-01 00:00:00,22,22,0,0,9.8
ATT008552,EMP0713,2025-08-01 00:00:00,22,19,1,2,2.2
ATT008553,EMP0713,2025-09-01 00:00:00,21,17,0,4,5.1
ATT008554,EMP0713,2025-10-01 00:00:00,22,19,1,2,0.8
ATT008555,EMP0713,2025-11-01 00:00:00,21,17,1,3,10.4
ATT008556,EMP0713,2025-12-01 00:00:00,23,22,0,1,10.8
ATT008557,EMP0714,2025-01-01 00:00:00,21,20,0,1,11.9
ATT008558,EMP0714,2025-02-01 00:00:00,22,18,3,1,5.4
ATT008559,EMP0714,2025-03-01 00:00:00,22,17,2,3,0
ATT008560,EMP0714,2025-04-01 00:00:00,21,21,0,0,8.8
ATT008561,EMP0714,2025-05-01 00:00:00,21,17,2,2,10.2
ATT008562,EMP0714,2025-06-01 00:00:00,23,20,1,2,9.7
ATT008563,EMP0714,2025-07-01 00:00:00,22,21,0,1,7.9
ATT008564,EMP0714,2025-08-01 00:00:00,22,18,2,2,11.4
ATT008565,EMP0714,2025-09-01 00:00:00,20,19,1,0,5.1
ATT008566,EMP0714,2025-10-01 00:00:00,20,16,2,2,0
ATT008567,EMP0714,2025-11-01 00:00:00,23,22,1,0,2.7
ATT008568,EMP0714,2025-12-01 00:00:00,23,21,1,1,3.1
ATT008569,EMP0715,2025-01-01 00:00:00,21,17,1,3,14.8
ATT008570,EMP0715,2025-02-01 00:00:00,22,22,0,0,5.8
ATT008571,EMP0715,2025-03-01 00:00:00,21,21,0,0,11.4
ATT008572,EMP0715,2025-04-01 00:00:00,22,21,0,1,7.5
ATT008573,EMP0715,2025-05-01 00:00:00,21,19,1,1,11.7
ATT008574,EMP0715,2025-06-01 00:00:00,22,16,2,4,0
ATT008575,EMP0715,2025-07-01 00:00:00,21,18,1,2,7.8
ATT008576,EMP0715,2025-08-01 00:00:00,22,20,1,1,15.2
ATT008577,EMP0715,2025-09-01 00:00:00,21,18,2,1,6.8
ATT008578,EMP0715,2025-10-01 00:00:00,23,22,1,0,4.2
ATT008579,EMP0715,2025-11-01 00:00:00,20,19,0,1,9.1
ATT008580,EMP0715,2025-12-01 00:00:00,22,18,0,4,5.6
ATT008581,EMP0716,2025-01-01 00:00:00,20,16,3,1,9.1
ATT008582,EMP0716,2025-02-01 00:00:00,22,22,0,0,11.6
ATT008583,EMP0716,2025-03-01 00:00:00,23,22,1,0,14.2
ATT008584,EMP0716,2025-04-01 00:00:00,21,15,2,4,15.4
ATT008585,EMP0716,2025-05-01 00:00:00,20,16,1,3,9.1
ATT008586,EMP0716,2025-06-01 00:00:00,21,20,0,1,6.8
ATT008587,EMP0716,2025-07-01 00:00:00,22,20,1,1,8.8
ATT008588,EMP0716,2025-08-01 00:00:00,22,18,3,1,4.7
ATT008589,EMP0716,2025-09-01 00:00:00,22,20,0,2,1.7
ATT008590,EMP0716,2025-10-01 00:00:00,23,21,1,1,0
ATT008591,EMP0716,2025-11-01 00:00:00,22,21,0,1,12.2
ATT008592,EMP0716,2025-12-01 00:00:00,22,20,0,2,8.8
ATT008593,EMP0717,2025-01-01 00:00:00,21,20,0,1,0.8
ATT008594,EMP0717,2025-02-01 00:00:00,22,21,0,1,10.6
ATT008595,EMP0717,2025-03-01 00:00:00,22,19,1,2,0
ATT008596,EMP0717,2025-04-01 00:00:00,22,22,0,0,10.9
ATT008597,EMP0717,2025-05-01 00:00:00,21,19,1,1,13.9
ATT008598,EMP0717,2025-06-01 00:00:00,22,21,0,1,1.3
ATT008599,EMP0717,2025-07-01 00:00:00,21,17,0,4,5.5
ATT008600,EMP0717,2025-08-01 00:00:00,23,21,0,2,10
ATT008601,EMP0717,2025-09-01 00:00:00,21,20,1,0,8.4
ATT008602,EMP0717,2025-10-01 00:00:00,21,19,1,1,8.6
ATT008603,EMP0717,2025-11-01 00:00:00,22,18,2,2,4.6
ATT008604,EMP0717,2025-12-01 00:00:00,22,21,0,1,18.1
ATT008605,EMP0718,2025-01-01 00:00:00,22,19,1,2,7.7
ATT008606,EMP0718,2025-02-01 00:00:00,22,18,0,4,13.7
ATT008607,EMP0718,2025-03-01 00:00:00,21,17,2,2,9.6
ATT008608,EMP0718,2025-04-01 00:00:00,21,18,3,0,13.1
ATT008609,EMP0718,2025-05-01 00:00:00,22,20,0,2,4.7
ATT008610,EMP0718,2025-06-01 00:00:00,21,19,0,2,4.4
ATT008611,EMP0718,2025-07-01 00:00:00,21,18,1,2,9.1
ATT008612,EMP0718,2025-08-01 00:00:00,22,19,2,1,11.6
ATT008613,EMP0718,2025-09-01 00:00:00,22,21,1,0,5.1
ATT008614,EMP0718,2025-10-01 00:00:00,21,19,2,0,4.5
ATT008615,EMP0718,2025-11-01 00:00:00,22,19,1,2,14.1
ATT008616,EMP0718,2025-12-01 00:00:00,22,19,1,2,7
ATT008617,EMP0719,2025-01-01 00:00:00,21,20,0,1,3.9
ATT008618,EMP0719,2025-02-01 00:00:00,22,18,0,4,7.8
ATT008619,EMP0719,2025-03-01 00:00:00,20,18,1,1,6.4
ATT008620,EMP0719,2025-04-01 00:00:00,21,19,0,2,11.6
ATT008621,EMP0719,2025-05-01 00:00:00,22,17,0,5,9.6
ATT008622,EMP0719,2025-06-01 00:00:00,22,20,0,2,18.9
ATT008623,EMP0719,2025-07-01 00:00:00,21,19,1,1,8.1
ATT008624,EMP0719,2025-08-01 00:00:00,22,20,2,0,15.5
ATT008625,EMP0719,2025-09-01 00:00:00,21,20,1,0,8.5
ATT008626,EMP0719,2025-10-01 00:00:00,22,21,1,0,6.6
ATT008627,EMP0719,2025-11-01 00:00:00,22,20,2,0,10.2
ATT008628,EMP0719,2025-12-01 00:00:00,22,18,1,3,10.1
ATT008629,EMP0720,2025-01-01 00:00:00,23,17,2,4,6.9
ATT008630,EMP0720,2025-02-01 00:00:00,21,20,1,0,0
ATT008631,EMP0720,2025-03-01 00:00:00,23,22,0,1,5.7
ATT008632,EMP0720,2025-04-01 00:00:00,21,17,0,4,12.2
ATT008633,EMP0720,2025-05-01 00:00:00,22,22,0,0,8.5
ATT008634,EMP0720,2025-06-01 00:00:00,23,19,3,1,25.1
ATT008635,EMP0720,2025-07-01 00:00:00,21,19,1,1,0
ATT008636,EMP0720,2025-08-01 00:00:00,22,22,0,0,8.4
ATT008637,EMP0720,2025-09-01 00:00:00,22,22,0,0,8.5
ATT008638,EMP0720,2025-10-01 00:00:00,22,19,0,3,8.5
ATT008639,EMP0720,2025-11-01 00:00:00,21,19,2,0,0.3
ATT008640,EMP0720,2025-12-01 00:00:00,21,21,0,0,5.8
ATT008641,EMP0721,2025-01-01 00:00:00,22,22,0,0,10.1
ATT008642,EMP0721,2025-02-01 00:00:00,22,22,0,0,13.1
ATT008643,EMP0721,2025-03-01 00:00:00,20,17,1,2,4.7
ATT008644,EMP0721,2025-04-01 00:00:00,22,18,2,2,6.4
ATT008645,EMP0721,2025-05-01 00:00:00,22,22,0,0,0
ATT008646,EMP0721,2025-06-01 00:00:00,23,20,1,2,8.3
ATT008647,EMP0721,2025-07-01 00:00:00,22,17,0,5,3.8
ATT008648,EMP0721,2025-08-01 00:00:00,22,18,1,3,4.1
ATT008649,EMP0721,2025-09-01 00:00:00,21,17,1,3,3.8
ATT008650,EMP0721,2025-10-01 00:00:00,21,17,2,2,5.7
ATT008651,EMP0721,2025-11-01 00:00:00,22,21,0,1,3.2
ATT008652,EMP0721,2025-12-01 00:00:00,22,21,0,1,6.1
ATT008653,EMP0722,2025-01-01 00:00:00,21,18,1,2,9.6
ATT008654,EMP0722,2025-02-01 00:00:00,22,19,2,1,15.3
ATT008655,EMP0722,2025-03-01 00:00:00,20,16,2,2,9.7
ATT008656,EMP0722,2025-04-01 00:00:00,22,18,1,3,5.8
ATT008657,EMP0722,2025-05-01 00:00:00,22,19,0,3,15.4
ATT008658,EMP0722,2025-06-01 00:00:00,23,21,1,1,18.1
ATT008659,EMP0722,2025-07-01 00:00:00,22,17,1,4,8.1
ATT008660,EMP0722,2025-08-01 00:00:00,23,22,1,0,8.9
ATT008661,EMP0722,2025-09-01 00:00:00,21,20,0,1,4.4
ATT008662,EMP0722,2025-10-01 00:00:00,22,20,0,2,4.5
ATT008663,EMP0722,2025-11-01 00:00:00,22,20,2,0,8.4
ATT008664,EMP0722,2025-12-01 00:00:00,21,20,0,1,5.4
ATT008665,EMP0723,2025-01-01 00:00:00,20,18,0,2,0
ATT008666,EMP0723,2025-02-01 00:00:00,21,17,1,3,6.1
ATT008667,EMP0723,2025-03-01 00:00:00,23,22,0,1,0
ATT008668,EMP0723,2025-04-01 00:00:00,23,16,3,4,4.6
ATT008669,EMP0723,2025-05-01 00:00:00,22,16,1,5,13.5
ATT008670,EMP0723,2025-06-01 00:00:00,22,18,1,3,2.9
ATT008671,EMP0723,2025-07-01 00:00:00,22,15,2,5,15.9
ATT008672,EMP0723,2025-08-01 00:00:00,22,19,0,3,6.9
ATT008673,EMP0723,2025-09-01 00:00:00,21,21,0,0,12
ATT008674,EMP0723,2025-10-01 00:00:00,23,17,3,3,10.8
ATT008675,EMP0723,2025-11-01 00:00:00,21,19,2,0,0
ATT008676,EMP0723,2025-12-01 00:00:00,22,19,2,1,5.8
ATT008677,EMP0724,2025-01-01 00:00:00,23,19,0,4,3.4
ATT008678,EMP0724,2025-02-01 00:00:00,22,18,1,3,7.1
ATT008679,EMP0724,2025-03-01 00:00:00,21,20,1,0,12.6
ATT008680,EMP0724,2025-04-01 00:00:00,22,19,0,3,11.3
ATT008681,EMP0724,2025-05-01 00:00:00,23,18,1,4,2.2
ATT008682,EMP0724,2025-06-01 00:00:00,23,22,1,0,9.2
ATT008683,EMP0724,2025-07-01 00:00:00,21,20,0,1,21.2
ATT008684,EMP0724,2025-08-01 00:00:00,23,20,1,2,13.3
ATT008685,EMP0724,2025-09-01 00:00:00,21,20,0,1,0.4
ATT008686,EMP0724,2025-10-01 00:00:00,23,17,3,3,0
ATT008687,EMP0724,2025-11-01 00:00:00,20,19,1,0,2.1
ATT008688,EMP0724,2025-12-01 00:00:00,22,20,0,2,12.4
ATT008689,EMP0725,2025-01-01 00:00:00,21,16,3,2,13.2
ATT008690,EMP0725,2025-02-01 00:00:00,23,20,3,0,2.1
ATT008691,EMP0725,2025-03-01 00:00:00,21,19,1,1,0
ATT008692,EMP0725,2025-04-01 00:00:00,21,18,1,2,7.7
ATT008693,EMP0725,2025-05-01 00:00:00,21,18,0,3,0
ATT008694,EMP0725,2025-06-01 00:00:00,22,19,0,3,3.8
ATT008695,EMP0725,2025-07-01 00:00:00,21,19,1,1,1.4
ATT008696,EMP0725,2025-08-01 00:00:00,22,22,0,0,0.1
ATT008697,EMP0725,2025-09-01 00:00:00,21,20,1,0,14.1
ATT008698,EMP0725,2025-10-01 00:00:00,21,19,2,0,9.5
ATT008699,EMP0725,2025-11-01 00:00:00,20,16,0,4,8
ATT008700,EMP0725,2025-12-01 00:00:00,21,19,0,2,17.1
ATT008701,EMP0726,2025-01-01 00:00:00,21,19,0,2,13.8
ATT008702,EMP0726,2025-02-01 00:00:00,23,19,0,4,2.2
ATT008703,EMP0726,2025-03-01 00:00:00,21,20,1,0,1.7
ATT008704,EMP0726,2025-04-01 00:00:00,22,21,1,0,6.8
ATT008705,EMP0726,2025-05-01 00:00:00,22,21,1,0,14.5
ATT008706,EMP0726,2025-06-01 00:00:00,21,17,0,4,16.7
ATT008707,EMP0726,2025-07-01 00:00:00,22,22,0,0,10.1
ATT008708,EMP0726,2025-08-01 00:00:00,23,21,0,2,2.9
ATT008709,EMP0726,2025-09-01 00:00:00,21,18,1,2,7.4
ATT008710,EMP0726,2025-10-01 00:00:00,21,17,1,3,8.3
ATT008711,EMP0726,2025-11-01 00:00:00,21,16,1,4,14.8
ATT008712,EMP0726,2025-12-01 00:00:00,23,22,0,1,22.9
ATT008713,EMP0727,2025-01-01 00:00:00,21,19,2,0,3.9
ATT008714,EMP0727,2025-02-01 00:00:00,21,17,0,4,3.4
ATT008715,EMP0727,2025-03-01 00:00:00,21,19,0,2,11.9
ATT008716,EMP0727,2025-04-01 00:00:00,23,22,0,1,13
ATT008717,EMP0727,2025-05-01 00:00:00,22,18,0,4,2.1
ATT008718,EMP0727,2025-06-01 00:00:00,22,20,1,1,7.5
ATT008719,EMP0727,2025-07-01 00:00:00,21,16,3,2,0.6
ATT008720,EMP0727,2025-08-01 00:00:00,20,15,2,3,12.3
ATT008721,EMP0727,2025-09-01 00:00:00,21,21,0,0,17.9
ATT008722,EMP0727,2025-10-01 00:00:00,23,21,0,2,6.2
ATT008723,EMP0727,2025-11-01 00:00:00,22,18,2,2,0
ATT008724,EMP0727,2025-12-01 00:00:00,21,20,0,1,5.7
ATT008725,EMP0728,2025-01-01 00:00:00,22,22,0,0,7.1
ATT008726,EMP0728,2025-02-01 00:00:00,21,21,0,0,5.4
ATT008727,EMP0728,2025-03-01 00:00:00,23,18,2,3,2.1
ATT008728,EMP0728,2025-04-01 00:00:00,20,17,0,3,14.6
ATT008729,EMP0728,2025-05-01 00:00:00,21,20,1,0,9.3
ATT008730,EMP0728,2025-06-01 00:00:00,20,17,2,1,13.8
ATT008731,EMP0728,2025-07-01 00:00:00,21,16,2,3,2.5
ATT008732,EMP0728,2025-08-01 00:00:00,22,19,1,2,12.9
ATT008733,EMP0728,2025-09-01 00:00:00,21,20,0,1,19.6
ATT008734,EMP0728,2025-10-01 00:00:00,22,19,0,3,2.9
ATT008735,EMP0728,2025-11-01 00:00:00,21,19,1,1,13.4
ATT008736,EMP0728,2025-12-01 00:00:00,22,19,1,2,12.6
ATT008737,EMP0729,2025-01-01 00:00:00,21,18,3,0,0.5
ATT008738,EMP0729,2025-02-01 00:00:00,22,20,1,1,10.6
ATT008739,EMP0729,2025-03-01 00:00:00,22,21,1,0,11.7
ATT008740,EMP0729,2025-04-01 00:00:00,22,22,0,0,4.9
ATT008741,EMP0729,2025-05-01 00:00:00,21,18,0,3,8.9
ATT008742,EMP0729,2025-06-01 00:00:00,21,17,1,3,4.9
ATT008743,EMP0729,2025-07-01 00:00:00,22,20,1,1,2.8
ATT008744,EMP0729,2025-08-01 00:00:00,20,14,2,4,14.2
ATT008745,EMP0729,2025-09-01 00:00:00,22,21,0,1,17.3
ATT008746,EMP0729,2025-10-01 00:00:00,21,18,1,2,10.2
ATT008747,EMP0729,2025-11-01 00:00:00,23,21,1,1,1.2
ATT008748,EMP0729,2025-12-01 00:00:00,20,17,1,2,5.8
ATT008749,EMP0730,2025-01-01 00:00:00,22,16,1,5,5.9
ATT008750,EMP0730,2025-02-01 00:00:00,21,19,1,1,9.3
ATT008751,EMP0730,2025-03-01 00:00:00,21,17,3,1,3
ATT008752,EMP0730,2025-04-01 00:00:00,22,18,0,4,4.7
ATT008753,EMP0730,2025-05-01 00:00:00,22,22,0,0,5.6
ATT008754,EMP0730,2025-06-01 00:00:00,23,20,3,0,0
ATT008755,EMP0730,2025-07-01 00:00:00,22,19,1,2,20.3
ATT008756,EMP0730,2025-08-01 00:00:00,20,17,1,2,0
ATT008757,EMP0730,2025-09-01 00:00:00,23,22,0,1,10.5
ATT008758,EMP0730,2025-10-01 00:00:00,21,21,0,0,0
ATT008759,EMP0730,2025-11-01 00:00:00,22,17,1,4,14.1
ATT008760,EMP0730,2025-12-01 00:00:00,21,17,0,4,10.8
ATT008761,EMP0731,2025-01-01 00:00:00,20,17,0,3,8.6
ATT008762,EMP0731,2025-02-01 00:00:00,22,18,1,3,3.4
ATT008763,EMP0731,2025-03-01 00:00:00,22,19,0,3,7.9
ATT008764,EMP0731,2025-04-01 00:00:00,22,20,0,2,8.5
ATT008765,EMP0731,2025-05-01 00:00:00,21,20,1,0,3.1
ATT008766,EMP0731,2025-06-01 00:00:00,22,21,0,1,17.5
ATT008767,EMP0731,2025-07-01 00:00:00,20,17,1,2,19.8
ATT008768,EMP0731,2025-08-01 00:00:00,20,18,2,0,14.6
ATT008769,EMP0731,2025-09-01 00:00:00,22,22,0,0,3.2
ATT008770,EMP0731,2025-10-01 00:00:00,22,21,0,1,7.5
ATT008771,EMP0731,2025-11-01 00:00:00,22,16,3,3,4.4
ATT008772,EMP0731,2025-12-01 00:00:00,21,20,0,1,5
ATT008773,EMP0732,2025-01-01 00:00:00,22,18,1,3,11.2
ATT008774,EMP0732,2025-02-01 00:00:00,22,20,2,0,6
ATT008775,EMP0732,2025-03-01 00:00:00,23,20,1,2,8.6
ATT008776,EMP0732,2025-04-01 00:00:00,21,21,0,0,17.3
ATT008777,EMP0732,2025-05-01 00:00:00,21,20,1,0,0
ATT008778,EMP0732,2025-06-01 00:00:00,20,17,1,2,0
ATT008779,EMP0732,2025-07-01 00:00:00,23,21,1,1,5.5
ATT008780,EMP0732,2025-08-01 00:00:00,22,18,0,4,13.3
ATT008781,EMP0732,2025-09-01 00:00:00,21,18,3,0,13.5
ATT008782,EMP0732,2025-10-01 00:00:00,22,19,2,1,11.5
ATT008783,EMP0732,2025-11-01 00:00:00,20,18,0,2,12.8
ATT008784,EMP0732,2025-12-01 00:00:00,21,17,2,2,4.2
ATT008785,EMP0733,2025-01-01 00:00:00,22,18,3,1,10.5
ATT008786,EMP0733,2025-02-01 00:00:00,22,22,0,0,11.4
ATT008787,EMP0733,2025-03-01 00:00:00,21,20,0,1,11.9
ATT008788,EMP0733,2025-04-01 00:00:00,23,21,1,1,14.1
ATT008789,EMP0733,2025-05-01 00:00:00,22,20,1,1,2.6
ATT008790,EMP0733,2025-06-01 00:00:00,22,20,2,0,9.1
ATT008791,EMP0733,2025-07-01 00:00:00,21,20,0,1,6.6
ATT008792,EMP0733,2025-08-01 00:00:00,21,19,0,2,4.9
ATT008793,EMP0733,2025-09-01 00:00:00,22,15,2,5,1.8
ATT008794,EMP0733,2025-10-01 00:00:00,22,20,0,2,4.5
ATT008795,EMP0733,2025-11-01 00:00:00,21,18,1,2,14.4
ATT008796,EMP0733,2025-12-01 00:00:00,21,19,0,2,9.1
ATT008797,EMP0734,2025-01-01 00:00:00,21,17,2,2,12.3
ATT008798,EMP0734,2025-02-01 00:00:00,22,18,2,2,0
ATT008799,EMP0734,2025-03-01 00:00:00,23,22,0,1,15.3
ATT008800,EMP0734,2025-04-01 00:00:00,23,22,1,0,17.8
ATT008801,EMP0734,2025-05-01 00:00:00,23,22,1,0,11.5
ATT008802,EMP0734,2025-06-01 00:00:00,22,19,2,1,5.5
ATT008803,EMP0734,2025-07-01 00:00:00,23,21,0,2,18.6
ATT008804,EMP0734,2025-08-01 00:00:00,21,19,2,0,17.9
ATT008805,EMP0734,2025-09-01 00:00:00,22,19,2,1,0
ATT008806,EMP0734,2025-10-01 00:00:00,22,20,1,1,3.5
ATT008807,EMP0734,2025-11-01 00:00:00,22,17,0,5,8.9
ATT008808,EMP0734,2025-12-01 00:00:00,23,20,2,1,5.8
ATT008809,EMP0735,2025-01-01 00:00:00,21,20,0,1,9.1
ATT008810,EMP0735,2025-02-01 00:00:00,21,20,0,1,1.6
ATT008811,EMP0735,2025-03-01 00:00:00,21,21,0,0,4.9
ATT008812,EMP0735,2025-04-01 00:00:00,23,19,1,3,22.8
ATT008813,EMP0735,2025-05-01 00:00:00,20,19,1,0,20.1
ATT008814,EMP0735,2025-06-01 00:00:00,23,22,0,1,5
ATT008815,EMP0735,2025-07-01 00:00:00,22,21,0,1,10
ATT008816,EMP0735,2025-08-01 00:00:00,21,20,1,0,13.2
ATT008817,EMP0735,2025-09-01 00:00:00,22,19,1,2,11
ATT008818,EMP0735,2025-10-01 00:00:00,22,22,0,0,5.5
ATT008819,EMP0735,2025-11-01 00:00:00,23,22,0,1,5.8
ATT008820,EMP0735,2025-12-01 00:00:00,23,19,1,3,3.6
ATT008821,EMP0736,2025-01-01 00:00:00,22,17,2,3,0
ATT008822,EMP0736,2025-02-01 00:00:00,22,20,0,2,5.9
ATT008823,EMP0736,2025-03-01 00:00:00,22,20,1,1,17
ATT008824,EMP0736,2025-04-01 00:00:00,22,19,3,0,8
ATT008825,EMP0736,2025-05-01 00:00:00,21,16,2,3,14.4
ATT008826,EMP0736,2025-06-01 00:00:00,22,21,0,1,5.5
ATT008827,EMP0736,2025-07-01 00:00:00,21,20,0,1,12.4
ATT008828,EMP0736,2025-08-01 00:00:00,23,20,2,1,15.1
ATT008829,EMP0736,2025-09-01 00:00:00,22,20,2,0,1.6
ATT008830,EMP0736,2025-10-01 00:00:00,21,16,1,4,10.6
ATT008831,EMP0736,2025-11-01 00:00:00,20,18,1,1,13
ATT008832,EMP0736,2025-12-01 00:00:00,22,20,0,2,10.9
ATT008833,EMP0737,2025-01-01 00:00:00,23,22,1,0,18.1
ATT008834,EMP0737,2025-02-01 00:00:00,21,20,0,1,10.9
ATT008835,EMP0737,2025-03-01 00:00:00,22,20,1,1,2.8
ATT008836,EMP0737,2025-04-01 00:00:00,22,21,0,1,10.1
ATT008837,EMP0737,2025-05-01 00:00:00,21,21,0,0,22.8
ATT008838,EMP0737,2025-06-01 00:00:00,20,17,1,2,16.2
ATT008839,EMP0737,2025-07-01 00:00:00,20,18,0,2,0
ATT008840,EMP0737,2025-08-01 00:00:00,22,18,1,3,12.9
ATT008841,EMP0737,2025-09-01 00:00:00,22,20,1,1,13.6
ATT008842,EMP0737,2025-10-01 00:00:00,22,21,1,0,10
ATT008843,EMP0737,2025-11-01 00:00:00,21,18,2,1,13.9
ATT008844,EMP0737,2025-12-01 00:00:00,22,21,1,0,18
ATT008845,EMP0738,2025-01-01 00:00:00,22,21,1,0,21.5
ATT008846,EMP0738,2025-02-01 00:00:00,22,20,1,1,3.9
ATT008847,EMP0738,2025-03-01 00:00:00,21,16,2,3,6.3
ATT008848,EMP0738,2025-04-01 00:00:00,21,21,0,0,12.2
ATT008849,EMP0738,2025-05-01 00:00:00,22,18,2,2,0
ATT008850,EMP0738,2025-06-01 00:00:00,22,20,0,2,0
ATT008851,EMP0738,2025-07-01 00:00:00,22,21,0,1,7.4
ATT008852,EMP0738,2025-08-01 00:00:00,21,18,1,2,12.1
ATT008853,EMP0738,2025-09-01 00:00:00,22,21,1,0,6.3
ATT008854,EMP0738,2025-10-01 00:00:00,22,19,1,2,13.9
ATT008855,EMP0738,2025-11-01 00:00:00,22,15,2,5,13.1
ATT008856,EMP0738,2025-12-01 00:00:00,22,17,2,3,7
ATT008857,EMP0739,2025-01-01 00:00:00,21,19,0,2,0
ATT008858,EMP0739,2025-02-01 00:00:00,22,16,2,4,3.4
ATT008859,EMP0739,2025-03-01 00:00:00,21,18,0,3,18
ATT008860,EMP0739,2025-04-01 00:00:00,22,19,1,2,0.3
ATT008861,EMP0739,2025-05-01 00:00:00,22,20,2,0,4.4
ATT008862,EMP0739,2025-06-01 00:00:00,23,22,0,1,16.7
ATT008863,EMP0739,2025-07-01 00:00:00,22,20,1,1,0
ATT008864,EMP0739,2025-08-01 00:00:00,23,21,1,1,10.9
ATT008865,EMP0739,2025-09-01 00:00:00,21,21,0,0,13
ATT008866,EMP0739,2025-10-01 00:00:00,22,20,2,0,10.5
ATT008867,EMP0739,2025-11-01 00:00:00,22,20,1,1,12.4
ATT008868,EMP0739,2025-12-01 00:00:00,20,19,1,0,4.3
ATT008869,EMP0740,2025-01-01 00:00:00,22,20,0,2,6.6
ATT008870,EMP0740,2025-02-01 00:00:00,22,19,1,2,3.9
ATT008871,EMP0740,2025-03-01 00:00:00,21,18,0,3,14
ATT008872,EMP0740,2025-04-01 00:00:00,22,20,0,2,17.8
ATT008873,EMP0740,2025-05-01 00:00:00,21,19,1,1,0
ATT008874,EMP0740,2025-06-01 00:00:00,22,20,1,1,16.1
ATT008875,EMP0740,2025-07-01 00:00:00,23,23,0,0,8.3
ATT008876,EMP0740,2025-08-01 00:00:00,21,20,1,0,19.4
ATT008877,EMP0740,2025-09-01 00:00:00,22,20,0,2,5.4
ATT008878,EMP0740,2025-10-01 00:00:00,23,19,1,3,0
ATT008879,EMP0740,2025-11-01 00:00:00,20,16,0,4,0
ATT008880,EMP0740,2025-12-01 00:00:00,21,18,1,2,17.2
ATT008881,EMP0741,2025-01-01 00:00:00,20,15,3,2,15.5
ATT008882,EMP0741,2025-02-01 00:00:00,21,19,1,1,12.8
ATT008883,EMP0741,2025-03-01 00:00:00,22,19,1,2,8.3
ATT008884,EMP0741,2025-04-01 00:00:00,20,19,0,1,9.2
ATT008885,EMP0741,2025-05-01 00:00:00,23,21,0,2,3.6
ATT008886,EMP0741,2025-06-01 00:00:00,20,15,2,3,8.6
ATT008887,EMP0741,2025-07-01 00:00:00,22,17,1,4,5.1
ATT008888,EMP0741,2025-08-01 00:00:00,20,19,0,1,1
ATT008889,EMP0741,2025-09-01 00:00:00,21,17,2,2,18.2
ATT008890,EMP0741,2025-10-01 00:00:00,22,19,0,3,14.3
ATT008891,EMP0741,2025-11-01 00:00:00,22,20,0,2,8.4
ATT008892,EMP0741,2025-12-01 00:00:00,20,15,2,3,5.9
ATT008893,EMP0742,2025-01-01 00:00:00,22,19,0,3,18.8
ATT008894,EMP0742,2025-02-01 00:00:00,22,22,0,0,0
ATT008895,EMP0742,2025-03-01 00:00:00,21,19,0,2,7.3
ATT008896,EMP0742,2025-04-01 00:00:00,22,20,2,0,0.5
ATT008897,EMP0742,2025-05-01 00:00:00,22,20,1,1,0
ATT008898,EMP0742,2025-06-01 00:00:00,21,19,0,2,0.7
ATT008899,EMP0742,2025-07-01 00:00:00,21,19,0,2,8.6
ATT008900,EMP0742,2025-08-01 00:00:00,22,19,2,1,4.6
ATT008901,EMP0742,2025-09-01 00:00:00,22,17,0,5,0
ATT008902,EMP0742,2025-10-01 00:00:00,20,16,1,3,7.9
ATT008903,EMP0742,2025-11-01 00:00:00,22,22,0,0,6.9
ATT008904,EMP0742,2025-12-01 00:00:00,23,20,1,2,12
ATT008905,EMP0743,2025-01-01 00:00:00,23,18,3,2,2
ATT008906,EMP0743,2025-02-01 00:00:00,22,18,2,2,7.1
ATT008907,EMP0743,2025-03-01 00:00:00,21,21,0,0,0
ATT008908,EMP0743,2025-04-01 00:00:00,21,19,1,1,8.9
ATT008909,EMP0743,2025-05-01 00:00:00,22,22,0,0,0
ATT008910,EMP0743,2025-06-01 00:00:00,23,22,1,0,13.1
ATT008911,EMP0743,2025-07-01 00:00:00,22,17,2,3,14.8
ATT008912,EMP0743,2025-08-01 00:00:00,22,20,1,1,5.4
ATT008913,EMP0743,2025-09-01 00:00:00,21,18,1,2,7
ATT008914,EMP0743,2025-10-01 00:00:00,22,19,1,2,14.4
ATT008915,EMP0743,2025-11-01 00:00:00,21,19,0,2,17.8
ATT008916,EMP0743,2025-12-01 00:00:00,22,18,0,4,11
ATT008917,EMP0744,2025-01-01 00:00:00,23,20,3,0,15.1
ATT008918,EMP0744,2025-02-01 00:00:00,22,19,0,3,14.2
ATT008919,EMP0744,2025-03-01 00:00:00,21,19,1,1,1.3
ATT008920,EMP0744,2025-04-01 00:00:00,22,19,2,1,18.7
ATT008921,EMP0744,2025-05-01 00:00:00,21,16,3,2,9.9
ATT008922,EMP0744,2025-06-01 00:00:00,21,21,0,0,4.9
ATT008923,EMP0744,2025-07-01 00:00:00,23,22,0,1,16.8
ATT008924,EMP0744,2025-08-01 00:00:00,22,19,1,2,2.9
ATT008925,EMP0744,2025-09-01 00:00:00,22,21,0,1,6.2
ATT008926,EMP0744,2025-10-01 00:00:00,22,20,0,2,2
ATT008927,EMP0744,2025-11-01 00:00:00,22,18,2,2,6.6
ATT008928,EMP0744,2025-12-01 00:00:00,21,20,1,0,7.5
ATT008929,EMP0745,2025-01-01 00:00:00,23,22,0,1,12
ATT008930,EMP0745,2025-02-01 00:00:00,21,14,3,4,7.8
ATT008931,EMP0745,2025-03-01 00:00:00,22,21,0,1,0
ATT008932,EMP0745,2025-04-01 00:00:00,22,20,2,0,9
ATT008933,EMP0745,2025-05-01 00:00:00,21,19,0,2,0
ATT008934,EMP0745,2025-06-01 00:00:00,22,21,1,0,0
ATT008935,EMP0745,2025-07-01 00:00:00,22,19,1,2,4.5
ATT008936,EMP0745,2025-08-01 00:00:00,22,19,0,3,3.4
ATT008937,EMP0745,2025-09-01 00:00:00,23,21,2,0,4.5
ATT008938,EMP0745,2025-10-01 00:00:00,21,20,0,1,1.2
ATT008939,EMP0745,2025-11-01 00:00:00,21,17,1,3,13.6
ATT008940,EMP0745,2025-12-01 00:00:00,23,19,0,4,11.6
ATT008941,EMP0746,2025-01-01 00:00:00,22,21,1,0,0
ATT008942,EMP0746,2025-02-01 00:00:00,22,19,3,0,8.3
ATT008943,EMP0746,2025-03-01 00:00:00,20,17,2,1,6.2
ATT008944,EMP0746,2025-04-01 00:00:00,22,21,0,1,12
ATT008945,EMP0746,2025-05-01 00:00:00,21,18,2,1,9.4
ATT008946,EMP0746,2025-06-01 00:00:00,22,20,0,2,8.4
ATT008947,EMP0746,2025-07-01 00:00:00,22,20,1,1,7.5
ATT008948,EMP0746,2025-08-01 00:00:00,21,18,2,1,5.7
ATT008949,EMP0746,2025-09-01 00:00:00,22,21,0,1,6.5
ATT008950,EMP0746,2025-10-01 00:00:00,23,21,1,1,5.7
ATT008951,EMP0746,2025-11-01 00:00:00,20,18,0,2,12.1
ATT008952,EMP0746,2025-12-01 00:00:00,22,21,0,1,11.2
ATT008953,EMP0747,2025-01-01 00:00:00,23,19,2,2,1.7
ATT008954,EMP0747,2025-02-01 00:00:00,22,21,0,1,6.9
ATT008955,EMP0747,2025-03-01 00:00:00,20,18,1,1,3.9
ATT008956,EMP0747,2025-04-01 00:00:00,22,18,2,2,12
ATT008957,EMP0747,2025-05-01 00:00:00,23,23,0,0,8.3
ATT008958,EMP0747,2025-06-01 00:00:00,21,20,1,0,11.4
ATT008959,EMP0747,2025-07-01 00:00:00,21,19,0,2,9.3
ATT008960,EMP0747,2025-08-01 00:00:00,21,18,2,1,5.7
ATT008961,EMP0747,2025-09-01 00:00:00,22,19,1,2,0.8
ATT008962,EMP0747,2025-10-01 00:00:00,21,21,0,0,7.6
ATT008963,EMP0747,2025-11-01 00:00:00,21,14,3,4,15.7
ATT008964,EMP0747,2025-12-01 00:00:00,20,16,0,4,21.2
ATT008965,EMP0748,2025-01-01 00:00:00,23,22,1,0,2.2
ATT008966,EMP0748,2025-02-01 00:00:00,21,16,2,3,5.9
ATT008967,EMP0748,2025-03-01 00:00:00,21,20,0,1,1.4
ATT008968,EMP0748,2025-04-01 00:00:00,23,23,0,0,1.7
ATT008969,EMP0748,2025-05-01 00:00:00,21,20,0,1,6.6
ATT008970,EMP0748,2025-06-01 00:00:00,22,21,0,1,18.8
ATT008971,EMP0748,2025-07-01 00:00:00,21,17,0,4,9.9
ATT008972,EMP0748,2025-08-01 00:00:00,22,22,0,0,3.3
ATT008973,EMP0748,2025-09-01 00:00:00,23,20,2,1,9.7
ATT008974,EMP0748,2025-10-01 00:00:00,22,20,1,1,20.2
ATT008975,EMP0748,2025-11-01 00:00:00,21,18,3,0,10.8
ATT008976,EMP0748,2025-12-01 00:00:00,23,19,1,3,2.8
ATT008977,EMP0749,2025-01-01 00:00:00,22,17,1,4,7.6
ATT008978,EMP0749,2025-02-01 00:00:00,20,19,1,0,11
ATT008979,EMP0749,2025-03-01 00:00:00,23,21,0,2,1.6
ATT008980,EMP0749,2025-04-01 00:00:00,22,21,0,1,0.3
ATT008981,EMP0749,2025-05-01 00:00:00,22,20,1,1,9.9
ATT008982,EMP0749,2025-06-01 00:00:00,23,19,0,4,13.1
ATT008983,EMP0749,2025-07-01 00:00:00,23,21,0,2,18
ATT008984,EMP0749,2025-08-01 00:00:00,21,18,2,1,11.3
ATT008985,EMP0749,2025-09-01 00:00:00,21,20,0,1,14.3
ATT008986,EMP0749,2025-10-01 00:00:00,20,19,1,0,16.3
ATT008987,EMP0749,2025-11-01 00:00:00,23,21,0,2,9.7
ATT008988,EMP0749,2025-12-01 00:00:00,22,19,2,1,4.5
ATT008989,EMP0750,2025-01-01 00:00:00,21,20,1,0,7.5
ATT008990,EMP0750,2025-02-01 00:00:00,21,21,0,0,2.2
ATT008991,EMP0750,2025-03-01 00:00:00,21,20,0,1,7.7
ATT008992,EMP0750,2025-04-01 00:00:00,21,19,0,2,11.3
ATT008993,EMP0750,2025-05-01 00:00:00,23,18,1,4,21.6
ATT008994,EMP0750,2025-06-01 00:00:00,22,21,0,1,6.8
ATT008995,EMP0750,2025-07-01 00:00:00,22,17,2,3,10.1
ATT008996,EMP0750,2025-08-01 00:00:00,21,19,1,1,5.5
ATT008997,EMP0750,2025-09-01 00:00:00,23,21,1,1,11.8
ATT008998,EMP0750,2025-10-01 00:00:00,21,20,0,1,21
ATT008999,EMP0750,2025-11-01 00:00:00,23,20,1,2,6.4
ATT009000,EMP0750,2025-12-01 00:00:00,22,21,0,1,8.3
ATT009001,EMP0751,2025-01-01 00:00:00,21,17,2,2,6.4
ATT009002,EMP0751,2025-02-01 00:00:00,21,20,1,0,16.1
ATT009003,EMP0751,2025-03-01 00:00:00,21,21,0,0,10.9
ATT009004,EMP0751,2025-04-01 00:00:00,22,18,1,3,2.9
ATT009005,EMP0751,2025-05-01 00:00:00,20,20,0,0,7.6
ATT009006,EMP0751,2025-06-01 00:00:00,22,21,0,1,13.9
ATT009007,EMP0751,2025-07-01 00:00:00,22,20,0,2,5.7
ATT009008,EMP0751,2025-08-01 00:00:00,22,21,0,1,0
ATT009009,EMP0751,2025-09-01 00:00:00,22,22,0,0,18.4
ATT009010,EMP0751,2025-10-01 00:00:00,23,21,1,1,2.5
ATT009011,EMP0751,2025-11-01 00:00:00,21,19,1,1,12.8
ATT009012,EMP0751,2025-12-01 00:00:00,21,20,1,0,2.2
ATT009013,EMP0752,2025-01-01 00:00:00,22,20,1,1,8.3
ATT009014,EMP0752,2025-02-01 00:00:00,21,18,1,2,0
ATT009015,EMP0752,2025-03-01 00:00:00,22,21,1,0,2.6
ATT009016,EMP0752,2025-04-01 00:00:00,21,18,0,3,10.8
ATT009017,EMP0752,2025-05-01 00:00:00,23,21,1,1,8.4
ATT009018,EMP0752,2025-06-01 00:00:00,21,18,1,2,9.7
ATT009019,EMP0752,2025-07-01 00:00:00,22,18,2,2,7.2
ATT009020,EMP0752,2025-08-01 00:00:00,21,17,1,3,6.6
ATT009021,EMP0752,2025-09-01 00:00:00,22,18,0,4,5.5
ATT009022,EMP0752,2025-10-01 00:00:00,22,19,1,2,9.6
ATT009023,EMP0752,2025-11-01 00:00:00,23,23,0,0,0
ATT009024,EMP0752,2025-12-01 00:00:00,22,20,1,1,8.6
ATT009025,EMP0753,2025-01-01 00:00:00,21,18,1,2,13.5
ATT009026,EMP0753,2025-02-01 00:00:00,22,21,0,1,10.5
ATT009027,EMP0753,2025-03-01 00:00:00,22,21,1,0,10.6
ATT009028,EMP0753,2025-04-01 00:00:00,22,20,0,2,9.6
ATT009029,EMP0753,2025-05-01 00:00:00,21,18,0,3,7.8
ATT009030,EMP0753,2025-06-01 00:00:00,20,18,1,1,16.6
ATT009031,EMP0753,2025-07-01 00:00:00,23,23,0,0,8.3
ATT009032,EMP0753,2025-08-01 00:00:00,20,19,0,1,6.4
ATT009033,EMP0753,2025-09-01 00:00:00,22,19,0,3,6.4
ATT009034,EMP0753,2025-10-01 00:00:00,21,21,0,0,13.3
ATT009035,EMP0753,2025-11-01 00:00:00,22,20,1,1,5.8
ATT009036,EMP0753,2025-12-01 00:00:00,22,20,1,1,3.2
ATT009037,EMP0754,2025-01-01 00:00:00,23,20,1,2,0
ATT009038,EMP0754,2025-02-01 00:00:00,22,16,2,4,16.4
ATT009039,EMP0754,2025-03-01 00:00:00,22,22,0,0,14.6
ATT009040,EMP0754,2025-04-01 00:00:00,21,19,1,1,0.4
ATT009041,EMP0754,2025-05-01 00:00:00,23,19,2,2,7.9
ATT009042,EMP0754,2025-06-01 00:00:00,22,20,0,2,14.1
ATT009043,EMP0754,2025-07-01 00:00:00,22,21,1,0,16.8
ATT009044,EMP0754,2025-08-01 00:00:00,23,17,1,5,4.5
ATT009045,EMP0754,2025-09-01 00:00:00,23,22,0,1,0
ATT009046,EMP0754,2025-10-01 00:00:00,22,19,0,3,18
ATT009047,EMP0754,2025-11-01 00:00:00,21,21,0,0,12.9
ATT009048,EMP0754,2025-12-01 00:00:00,23,20,0,3,3
ATT009049,EMP0755,2025-01-01 00:00:00,22,16,1,5,12.4
ATT009050,EMP0755,2025-02-01 00:00:00,23,21,2,0,0.8
ATT009051,EMP0755,2025-03-01 00:00:00,23,20,2,1,5.1
ATT009052,EMP0755,2025-04-01 00:00:00,23,20,2,1,5.7
ATT009053,EMP0755,2025-05-01 00:00:00,22,21,1,0,5.2
ATT009054,EMP0755,2025-06-01 00:00:00,20,20,0,0,18
ATT009055,EMP0755,2025-07-01 00:00:00,22,19,1,2,7.2
ATT009056,EMP0755,2025-08-01 00:00:00,20,20,0,0,4.2
ATT009057,EMP0755,2025-09-01 00:00:00,21,16,3,2,18.6
ATT009058,EMP0755,2025-10-01 00:00:00,22,19,3,0,10.6
ATT009059,EMP0755,2025-11-01 00:00:00,23,19,0,4,1.2
ATT009060,EMP0755,2025-12-01 00:00:00,23,20,0,3,6.5
ATT009061,EMP0756,2025-01-01 00:00:00,21,18,2,1,5.4
ATT009062,EMP0756,2025-02-01 00:00:00,22,21,0,1,13.4
ATT009063,EMP0756,2025-03-01 00:00:00,23,23,0,0,5.4
ATT009064,EMP0756,2025-04-01 00:00:00,22,21,1,0,1.9
ATT009065,EMP0756,2025-05-01 00:00:00,22,19,0,3,4.2
ATT009066,EMP0756,2025-06-01 00:00:00,22,19,1,2,9.7
ATT009067,EMP0756,2025-07-01 00:00:00,22,21,1,0,0.6
ATT009068,EMP0756,2025-08-01 00:00:00,21,18,2,1,13.8
ATT009069,EMP0756,2025-09-01 00:00:00,22,18,3,1,11.5
ATT009070,EMP0756,2025-10-01 00:00:00,22,21,0,1,13.5
ATT009071,EMP0756,2025-11-01 00:00:00,21,20,0,1,5.4
ATT009072,EMP0756,2025-12-01 00:00:00,21,19,2,0,12
ATT009073,EMP0757,2025-01-01 00:00:00,21,20,1,0,13.8
ATT009074,EMP0757,2025-02-01 00:00:00,21,21,0,0,0.6
ATT009075,EMP0757,2025-03-01 00:00:00,22,17,0,5,1.7
ATT009076,EMP0757,2025-04-01 00:00:00,21,21,0,0,1.8
ATT009077,EMP0757,2025-05-01 00:00:00,23,23,0,0,6.1
ATT009078,EMP0757,2025-06-01 00:00:00,22,22,0,0,16.5
ATT009079,EMP0757,2025-07-01 00:00:00,21,21,0,0,14.2
ATT009080,EMP0757,2025-08-01 00:00:00,23,23,0,0,15.7
ATT009081,EMP0757,2025-09-01 00:00:00,22,16,2,4,5.1
ATT009082,EMP0757,2025-10-01 00:00:00,21,20,1,0,1.4
ATT009083,EMP0757,2025-11-01 00:00:00,22,22,0,0,9.2
ATT009084,EMP0757,2025-12-01 00:00:00,22,20,1,1,9.6
ATT009085,EMP0758,2025-01-01 00:00:00,22,22,0,0,5.4
ATT009086,EMP0758,2025-02-01 00:00:00,22,21,0,1,19.4
ATT009087,EMP0758,2025-03-01 00:00:00,22,20,1,1,1.6
ATT009088,EMP0758,2025-04-01 00:00:00,22,20,1,1,11.9
ATT009089,EMP0758,2025-05-01 00:00:00,23,20,2,1,12.5
ATT009090,EMP0758,2025-06-01 00:00:00,23,21,1,1,8.6
ATT009091,EMP0758,2025-07-01 00:00:00,23,21,1,1,6.2
ATT009092,EMP0758,2025-08-01 00:00:00,21,18,2,1,22.2
ATT009093,EMP0758,2025-09-01 00:00:00,22,17,1,4,6.3
ATT009094,EMP0758,2025-10-01 00:00:00,23,22,1,0,4.3
ATT009095,EMP0758,2025-11-01 00:00:00,23,19,1,3,1.7
ATT009096,EMP0758,2025-12-01 00:00:00,20,17,0,3,0
ATT009097,EMP0759,2025-01-01 00:00:00,21,19,0,2,8.8
ATT009098,EMP0759,2025-02-01 00:00:00,22,19,1,2,6.5
ATT009099,EMP0759,2025-03-01 00:00:00,23,20,0,3,4.9
ATT009100,EMP0759,2025-04-01 00:00:00,22,18,1,3,20.4
ATT009101,EMP0759,2025-05-01 00:00:00,21,19,1,1,7.4
ATT009102,EMP0759,2025-06-01 00:00:00,22,19,2,1,1.7
ATT009103,EMP0759,2025-07-01 00:00:00,22,19,2,1,9.6
ATT009104,EMP0759,2025-08-01 00:00:00,22,21,1,0,1.8
ATT009105,EMP0759,2025-09-01 00:00:00,23,18,2,3,8.7
ATT009106,EMP0759,2025-10-01 00:00:00,21,20,0,1,6.2
ATT009107,EMP0759,2025-11-01 00:00:00,22,19,1,2,4.5
ATT009108,EMP0759,2025-12-01 00:00:00,21,20,0,1,16
ATT009109,EMP0760,2025-01-01 00:00:00,22,19,1,2,13.6
ATT009110,EMP0760,2025-02-01 00:00:00,22,19,1,2,11.5
ATT009111,EMP0760,2025-03-01 00:00:00,22,21,0,1,6.4
ATT009112,EMP0760,2025-04-01 00:00:00,21,20,1,0,9.6
ATT009113,EMP0760,2025-05-01 00:00:00,21,20,0,1,8.5
ATT009114,EMP0760,2025-06-01 00:00:00,21,20,1,0,11.4
ATT009115,EMP0760,2025-07-01 00:00:00,21,17,2,2,26.8
ATT009116,EMP0760,2025-08-01 00:00:00,22,21,0,1,6.5
ATT009117,EMP0760,2025-09-01 00:00:00,22,21,1,0,14.7
ATT009118,EMP0760,2025-10-01 00:00:00,21,17,2,2,14.7
ATT009119,EMP0760,2025-11-01 00:00:00,22,19,2,1,0
ATT009120,EMP0760,2025-12-01 00:00:00,21,19,1,1,0
ATT009121,EMP0761,2025-01-01 00:00:00,23,22,0,1,2.7
ATT009122,EMP0761,2025-02-01 00:00:00,22,18,3,1,7.2
ATT009123,EMP0761,2025-03-01 00:00:00,23,23,0,0,9.9
ATT009124,EMP0761,2025-04-01 00:00:00,21,20,1,0,16.5
ATT009125,EMP0761,2025-05-01 00:00:00,23,21,2,0,4.3
ATT009126,EMP0761,2025-06-01 00:00:00,23,22,0,1,3.3
ATT009127,EMP0761,2025-07-01 00:00:00,22,19,2,1,8
ATT009128,EMP0761,2025-08-01 00:00:00,22,19,1,2,5.2
ATT009129,EMP0761,2025-09-01 00:00:00,21,18,1,2,10.3
ATT009130,EMP0761,2025-10-01 00:00:00,21,19,1,1,13.6
ATT009131,EMP0761,2025-11-01 00:00:00,21,21,0,0,0.3
ATT009132,EMP0761,2025-12-01 00:00:00,21,17,0,4,16.7
ATT009133,EMP0762,2025-01-01 00:00:00,22,21,1,0,9.8
ATT009134,EMP0762,2025-02-01 00:00:00,21,21,0,0,6
ATT009135,EMP0762,2025-03-01 00:00:00,20,18,1,1,5.8
ATT009136,EMP0762,2025-04-01 00:00:00,21,19,1,1,9.3
ATT009137,EMP0762,2025-05-01 00:00:00,21,21,0,0,0
ATT009138,EMP0762,2025-06-01 00:00:00,22,20,1,1,12.1
ATT009139,EMP0762,2025-07-01 00:00:00,22,18,0,4,18.7
ATT009140,EMP0762,2025-08-01 00:00:00,22,21,0,1,13.2
ATT009141,EMP0762,2025-09-01 00:00:00,22,18,1,3,6.7
ATT009142,EMP0762,2025-10-01 00:00:00,21,19,1,1,11.5
ATT009143,EMP0762,2025-11-01 00:00:00,22,21,1,0,0.3
ATT009144,EMP0762,2025-12-01 00:00:00,20,20,0,0,4.1
ATT009145,EMP0763,2025-01-01 00:00:00,21,19,0,2,7
ATT009146,EMP0763,2025-02-01 00:00:00,21,19,0,2,11.3
ATT009147,EMP0763,2025-03-01 00:00:00,22,19,0,3,8.8
ATT009148,EMP0763,2025-04-01 00:00:00,20,20,0,0,0.4
ATT009149,EMP0763,2025-05-01 00:00:00,23,19,0,4,20.5
ATT009150,EMP0763,2025-06-01 00:00:00,22,20,1,1,12.8
ATT009151,EMP0763,2025-07-01 00:00:00,22,19,0,3,8.4
ATT009152,EMP0763,2025-08-01 00:00:00,22,20,1,1,4.7
ATT009153,EMP0763,2025-09-01 00:00:00,21,20,1,0,23.7
ATT009154,EMP0763,2025-10-01 00:00:00,21,19,0,2,3.3
ATT009155,EMP0763,2025-11-01 00:00:00,21,20,0,1,10.1
ATT009156,EMP0763,2025-12-01 00:00:00,23,21,1,1,15.7
ATT009157,EMP0764,2025-01-01 00:00:00,20,19,0,1,4
ATT009158,EMP0764,2025-02-01 00:00:00,22,21,0,1,13.3
ATT009159,EMP0764,2025-03-01 00:00:00,22,20,1,1,12
ATT009160,EMP0764,2025-04-01 00:00:00,21,17,3,1,2.7
ATT009161,EMP0764,2025-05-01 00:00:00,21,19,0,2,5.9
ATT009162,EMP0764,2025-06-01 00:00:00,22,19,0,3,18.7
ATT009163,EMP0764,2025-07-01 00:00:00,22,21,0,1,17.8
ATT009164,EMP0764,2025-08-01 00:00:00,23,21,0,2,16.7
ATT009165,EMP0764,2025-09-01 00:00:00,22,19,3,0,12.3
ATT009166,EMP0764,2025-10-01 00:00:00,22,17,2,3,12.2
ATT009167,EMP0764,2025-11-01 00:00:00,22,21,0,1,9.7
ATT009168,EMP0764,2025-12-01 00:00:00,22,22,0,0,4.5
ATT009169,EMP0765,2025-01-01 00:00:00,22,21,1,0,14
ATT009170,EMP0765,2025-02-01 00:00:00,21,20,1,0,6.7
ATT009171,EMP0765,2025-03-01 00:00:00,21,19,0,2,21.6
ATT009172,EMP0765,2025-04-01 00:00:00,22,20,0,2,7.5
ATT009173,EMP0765,2025-05-01 00:00:00,23,23,0,0,10.1
ATT009174,EMP0765,2025-06-01 00:00:00,22,19,0,3,9.1
ATT009175,EMP0765,2025-07-01 00:00:00,21,19,0,2,3.8
ATT009176,EMP0765,2025-08-01 00:00:00,22,20,0,2,10.3
ATT009177,EMP0765,2025-09-01 00:00:00,22,19,1,2,14
ATT009178,EMP0765,2025-10-01 00:00:00,21,16,1,4,0.9
ATT009179,EMP0765,2025-11-01 00:00:00,22,21,0,1,5
ATT009180,EMP0765,2025-12-01 00:00:00,22,19,1,2,11.9
ATT009181,EMP0766,2025-01-01 00:00:00,22,21,1,0,10.6
ATT009182,EMP0766,2025-02-01 00:00:00,22,21,0,1,5.9
ATT009183,EMP0766,2025-03-01 00:00:00,22,21,1,0,25.6
ATT009184,EMP0766,2025-04-01 00:00:00,23,21,1,1,10.9
ATT009185,EMP0766,2025-05-01 00:00:00,22,21,0,1,8.9
ATT009186,EMP0766,2025-06-01 00:00:00,23,23,0,0,13.6
ATT009187,EMP0766,2025-07-01 00:00:00,21,21,0,0,20.4
ATT009188,EMP0766,2025-08-01 00:00:00,20,19,1,0,7.7
ATT009189,EMP0766,2025-09-01 00:00:00,22,22,0,0,9.3
ATT009190,EMP0766,2025-10-01 00:00:00,21,19,0,2,4.8
ATT009191,EMP0766,2025-11-01 00:00:00,23,20,0,3,0
ATT009192,EMP0766,2025-12-01 00:00:00,21,15,1,5,5.7
ATT009193,EMP0767,2025-01-01 00:00:00,22,15,2,5,2.3
ATT009194,EMP0767,2025-02-01 00:00:00,20,20,0,0,7.4
ATT009195,EMP0767,2025-03-01 00:00:00,23,19,0,4,10.5
ATT009196,EMP0767,2025-04-01 00:00:00,21,20,0,1,7.9
ATT009197,EMP0767,2025-05-01 00:00:00,22,20,1,1,9.7
ATT009198,EMP0767,2025-06-01 00:00:00,21,18,1,2,2.7
ATT009199,EMP0767,2025-07-01 00:00:00,23,22,0,1,0
ATT009200,EMP0767,2025-08-01 00:00:00,22,20,1,1,19.4
ATT009201,EMP0767,2025-09-01 00:00:00,21,18,1,2,8.2
ATT009202,EMP0767,2025-10-01 00:00:00,21,15,1,5,8.3
ATT009203,EMP0767,2025-11-01 00:00:00,22,21,0,1,10.7
ATT009204,EMP0767,2025-12-01 00:00:00,20,15,1,4,0
ATT009205,EMP0768,2025-01-01 00:00:00,20,18,0,2,8.5
ATT009206,EMP0768,2025-02-01 00:00:00,20,16,2,2,8.6
ATT009207,EMP0768,2025-03-01 00:00:00,22,16,2,4,2.8
ATT009208,EMP0768,2025-04-01 00:00:00,22,21,0,1,0.5
ATT009209,EMP0768,2025-05-01 00:00:00,23,21,0,2,0.5
ATT009210,EMP0768,2025-06-01 00:00:00,21,20,1,0,13.3
ATT009211,EMP0768,2025-07-01 00:00:00,23,18,0,5,12.4
ATT009212,EMP0768,2025-08-01 00:00:00,22,21,1,0,0
ATT009213,EMP0768,2025-09-01 00:00:00,20,18,0,2,8
ATT009214,EMP0768,2025-10-01 00:00:00,22,21,0,1,10.1
ATT009215,EMP0768,2025-11-01 00:00:00,20,14,1,5,7.3
ATT009216,EMP0768,2025-12-01 00:00:00,22,19,0,3,7.5
ATT009217,EMP0769,2025-01-01 00:00:00,23,20,2,1,8.5
ATT009218,EMP0769,2025-02-01 00:00:00,22,20,1,1,3.1
ATT009219,EMP0769,2025-03-01 00:00:00,22,18,0,4,16
ATT009220,EMP0769,2025-04-01 00:00:00,22,21,1,0,0
ATT009221,EMP0769,2025-05-01 00:00:00,22,19,0,3,0.4
ATT009222,EMP0769,2025-06-01 00:00:00,23,22,0,1,10.2
ATT009223,EMP0769,2025-07-01 00:00:00,20,18,1,1,11
ATT009224,EMP0769,2025-08-01 00:00:00,21,20,0,1,18.9
ATT009225,EMP0769,2025-09-01 00:00:00,21,21,0,0,1.7
ATT009226,EMP0769,2025-10-01 00:00:00,22,20,0,2,10.1
ATT009227,EMP0769,2025-11-01 00:00:00,22,19,1,2,3.5
ATT009228,EMP0769,2025-12-01 00:00:00,21,20,0,1,9.2
ATT009229,EMP0770,2025-01-01 00:00:00,21,17,0,4,4.7
ATT009230,EMP0770,2025-02-01 00:00:00,20,18,1,1,7.9
ATT009231,EMP0770,2025-03-01 00:00:00,22,21,0,1,0.7
ATT009232,EMP0770,2025-04-01 00:00:00,21,21,0,0,17.5
ATT009233,EMP0770,2025-05-01 00:00:00,22,20,0,2,0
ATT009234,EMP0770,2025-06-01 00:00:00,22,19,1,2,15.1
ATT009235,EMP0770,2025-07-01 00:00:00,23,19,1,3,11
ATT009236,EMP0770,2025-08-01 00:00:00,23,20,1,2,9.5
ATT009237,EMP0770,2025-09-01 00:00:00,22,20,2,0,20.2
ATT009238,EMP0770,2025-10-01 00:00:00,22,20,1,1,1.9
ATT009239,EMP0770,2025-11-01 00:00:00,22,21,0,1,0
ATT009240,EMP0770,2025-12-01 00:00:00,23,21,0,2,9.7
ATT009241,EMP0771,2025-01-01 00:00:00,22,21,1,0,14.8
ATT009242,EMP0771,2025-02-01 00:00:00,22,19,2,1,0
ATT009243,EMP0771,2025-03-01 00:00:00,21,17,1,3,8.2
ATT009244,EMP0771,2025-04-01 00:00:00,22,22,0,0,8.5
ATT009245,EMP0771,2025-05-01 00:00:00,22,17,2,3,19.3
ATT009246,EMP0771,2025-06-01 00:00:00,22,19,0,3,7.1
ATT009247,EMP0771,2025-07-01 00:00:00,22,20,0,2,7.5
ATT009248,EMP0771,2025-08-01 00:00:00,21,19,1,1,4.6
ATT009249,EMP0771,2025-09-01 00:00:00,21,19,1,1,9.2
ATT009250,EMP0771,2025-10-01 00:00:00,22,19,0,3,0
ATT009251,EMP0771,2025-11-01 00:00:00,22,17,2,3,13.9
ATT009252,EMP0771,2025-12-01 00:00:00,20,19,1,0,17.2
ATT009253,EMP0772,2025-01-01 00:00:00,21,19,0,2,6
ATT009254,EMP0772,2025-02-01 00:00:00,21,20,1,0,7.8
ATT009255,EMP0772,2025-03-01 00:00:00,23,22,1,0,11.7
ATT009256,EMP0772,2025-04-01 00:00:00,20,19,1,0,14.8
ATT009257,EMP0772,2025-05-01 00:00:00,22,20,1,1,2.1
ATT009258,EMP0772,2025-06-01 00:00:00,22,19,1,2,7.7
ATT009259,EMP0772,2025-07-01 00:00:00,23,19,1,3,4.7
ATT009260,EMP0772,2025-08-01 00:00:00,21,17,1,3,17.2
ATT009261,EMP0772,2025-09-01 00:00:00,21,20,0,1,8.3
ATT009262,EMP0772,2025-10-01 00:00:00,22,19,2,1,0.3
ATT009263,EMP0772,2025-11-01 00:00:00,22,18,1,3,14.1
ATT009264,EMP0772,2025-12-01 00:00:00,23,18,2,3,11.4
ATT009265,EMP0773,2025-01-01 00:00:00,21,16,2,3,11.1
ATT009266,EMP0773,2025-02-01 00:00:00,21,19,0,2,4.4
ATT009267,EMP0773,2025-03-01 00:00:00,22,19,1,2,3.8
ATT009268,EMP0773,2025-04-01 00:00:00,23,21,1,1,11.9
ATT009269,EMP0773,2025-05-01 00:00:00,21,18,1,2,11.4
ATT009270,EMP0773,2025-06-01 00:00:00,23,22,0,1,13
ATT009271,EMP0773,2025-07-01 00:00:00,22,19,2,1,0
ATT009272,EMP0773,2025-08-01 00:00:00,22,17,2,3,3
ATT009273,EMP0773,2025-09-01 00:00:00,22,21,1,0,3.9
ATT009274,EMP0773,2025-10-01 00:00:00,22,21,1,0,2.1
ATT009275,EMP0773,2025-11-01 00:00:00,23,20,1,2,9.2
ATT009276,EMP0773,2025-12-01 00:00:00,22,19,3,0,12.5
ATT009277,EMP0774,2025-01-01 00:00:00,22,18,0,4,13.9
ATT009278,EMP0774,2025-02-01 00:00:00,22,20,1,1,1.8
ATT009279,EMP0774,2025-03-01 00:00:00,22,21,0,1,14.6
ATT009280,EMP0774,2025-04-01 00:00:00,22,16,1,5,11.7
ATT009281,EMP0774,2025-05-01 00:00:00,22,20,2,0,11
ATT009282,EMP0774,2025-06-01 00:00:00,21,17,3,1,12.3
ATT009283,EMP0774,2025-07-01 00:00:00,21,18,2,1,3.4
ATT009284,EMP0774,2025-08-01 00:00:00,23,21,1,1,12.5
ATT009285,EMP0774,2025-09-01 00:00:00,21,16,0,5,0
ATT009286,EMP0774,2025-10-01 00:00:00,22,20,0,2,6
ATT009287,EMP0774,2025-11-01 00:00:00,21,19,1,1,10.6
ATT009288,EMP0774,2025-12-01 00:00:00,22,17,1,4,5.9
ATT009289,EMP0775,2025-01-01 00:00:00,22,20,0,2,17.6
ATT009290,EMP0775,2025-02-01 00:00:00,22,19,0,3,6.5
ATT009291,EMP0775,2025-03-01 00:00:00,22,21,1,0,7.6
ATT009292,EMP0775,2025-04-01 00:00:00,20,19,0,1,14.7
ATT009293,EMP0775,2025-05-01 00:00:00,21,20,1,0,5.5
ATT009294,EMP0775,2025-06-01 00:00:00,21,19,1,1,11.2
ATT009295,EMP0775,2025-07-01 00:00:00,20,16,0,4,3.4
ATT009296,EMP0775,2025-08-01 00:00:00,22,21,1,0,8.9
ATT009297,EMP0775,2025-09-01 00:00:00,22,20,1,1,0
ATT009298,EMP0775,2025-10-01 00:00:00,22,19,2,1,19.1
ATT009299,EMP0775,2025-11-01 00:00:00,20,18,1,1,6.9
ATT009300,EMP0775,2025-12-01 00:00:00,23,22,0,1,2.2
ATT009301,EMP0776,2025-01-01 00:00:00,21,20,0,1,9.1
ATT009302,EMP0776,2025-02-01 00:00:00,21,20,0,1,0
ATT009303,EMP0776,2025-03-01 00:00:00,22,19,1,2,15.1
ATT009304,EMP0776,2025-04-01 00:00:00,21,21,0,0,3.9
ATT009305,EMP0776,2025-05-01 00:00:00,22,21,0,1,6.5
ATT009306,EMP0776,2025-06-01 00:00:00,23,17,1,5,7.8
ATT009307,EMP0776,2025-07-01 00:00:00,22,20,1,1,15.7
ATT009308,EMP0776,2025-08-01 00:00:00,22,17,1,4,16.7
ATT009309,EMP0776,2025-09-01 00:00:00,22,19,3,0,11.3
ATT009310,EMP0776,2025-10-01 00:00:00,22,19,0,3,4.7
ATT009311,EMP0776,2025-11-01 00:00:00,21,19,1,1,9
ATT009312,EMP0776,2025-12-01 00:00:00,22,22,0,0,4.3
ATT009313,EMP0777,2025-01-01 00:00:00,21,20,1,0,16.1
ATT009314,EMP0777,2025-02-01 00:00:00,22,21,0,1,11.6
ATT009315,EMP0777,2025-03-01 00:00:00,21,15,2,4,11.5
ATT009316,EMP0777,2025-04-01 00:00:00,22,21,0,1,7.7
ATT009317,EMP0777,2025-05-01 00:00:00,22,21,0,1,6.9
ATT009318,EMP0777,2025-06-01 00:00:00,21,20,0,1,12.1
ATT009319,EMP0777,2025-07-01 00:00:00,21,21,0,0,6.1
ATT009320,EMP0777,2025-08-01 00:00:00,20,17,1,2,2.3
ATT009321,EMP0777,2025-09-01 00:00:00,22,21,0,1,6.8
ATT009322,EMP0777,2025-10-01 00:00:00,21,19,0,2,5.6
ATT009323,EMP0777,2025-11-01 00:00:00,22,17,3,2,0
ATT009324,EMP0777,2025-12-01 00:00:00,22,18,1,3,10.7
ATT009325,EMP0778,2025-01-01 00:00:00,22,19,0,3,10.4
ATT009326,EMP0778,2025-02-01 00:00:00,22,19,0,3,15
ATT009327,EMP0778,2025-03-01 00:00:00,21,18,0,3,8.6
ATT009328,EMP0778,2025-04-01 00:00:00,22,20,0,2,10.8
ATT009329,EMP0778,2025-05-01 00:00:00,23,22,1,0,5.8
ATT009330,EMP0778,2025-06-01 00:00:00,22,19,1,2,15.5
ATT009331,EMP0778,2025-07-01 00:00:00,21,19,1,1,14.7
ATT009332,EMP0778,2025-08-01 00:00:00,22,21,1,0,0
ATT009333,EMP0778,2025-09-01 00:00:00,22,18,1,3,5.7
ATT009334,EMP0778,2025-10-01 00:00:00,22,22,0,0,16.4
ATT009335,EMP0778,2025-11-01 00:00:00,22,21,0,1,3.7
ATT009336,EMP0778,2025-12-01 00:00:00,21,20,0,1,2.2
ATT009337,EMP0779,2025-01-01 00:00:00,22,22,0,0,2.4
ATT009338,EMP0779,2025-02-01 00:00:00,22,14,3,5,11.9
ATT009339,EMP0779,2025-03-01 00:00:00,21,14,2,5,18.7
ATT009340,EMP0779,2025-04-01 00:00:00,23,20,2,1,7.7
ATT009341,EMP0779,2025-05-01 00:00:00,21,20,1,0,6.6
ATT009342,EMP0779,2025-06-01 00:00:00,22,21,1,0,12.8
ATT009343,EMP0779,2025-07-01 00:00:00,22,20,2,0,9.9
ATT009344,EMP0779,2025-08-01 00:00:00,22,15,3,4,4.6
ATT009345,EMP0779,2025-09-01 00:00:00,21,19,0,2,13.7
ATT009346,EMP0779,2025-10-01 00:00:00,21,21,0,0,10.8
ATT009347,EMP0779,2025-11-01 00:00:00,21,18,2,1,14.5
ATT009348,EMP0779,2025-12-01 00:00:00,20,17,2,1,6.7
ATT009349,EMP0780,2025-01-01 00:00:00,22,18,2,2,3
ATT009350,EMP0780,2025-02-01 00:00:00,21,17,1,3,5.2
ATT009351,EMP0780,2025-03-01 00:00:00,23,22,0,1,0
ATT009352,EMP0780,2025-04-01 00:00:00,22,19,1,2,7
ATT009353,EMP0780,2025-05-01 00:00:00,21,18,2,1,9.2
ATT009354,EMP0780,2025-06-01 00:00:00,22,21,1,0,13.2
ATT009355,EMP0780,2025-07-01 00:00:00,23,22,0,1,0
ATT009356,EMP0780,2025-08-01 00:00:00,22,16,2,4,11
ATT009357,EMP0780,2025-09-01 00:00:00,22,22,0,0,1.7
ATT009358,EMP0780,2025-10-01 00:00:00,22,19,2,1,14
ATT009359,EMP0780,2025-11-01 00:00:00,22,21,1,0,9.8
ATT009360,EMP0780,2025-12-01 00:00:00,22,20,0,2,6.6
ATT009361,EMP0781,2025-01-01 00:00:00,21,18,0,3,2.2
ATT009362,EMP0781,2025-02-01 00:00:00,21,19,0,2,10.5
ATT009363,EMP0781,2025-03-01 00:00:00,21,20,0,1,5.4
ATT009364,EMP0781,2025-04-01 00:00:00,22,21,1,0,14.5
ATT009365,EMP0781,2025-05-01 00:00:00,23,22,1,0,13.9
ATT009366,EMP0781,2025-06-01 00:00:00,22,21,0,1,15.9
ATT009367,EMP0781,2025-07-01 00:00:00,22,20,1,1,0.2
ATT009368,EMP0781,2025-08-01 00:00:00,22,18,2,2,8.3
ATT009369,EMP0781,2025-09-01 00:00:00,23,19,1,3,4.3
ATT009370,EMP0781,2025-10-01 00:00:00,21,20,0,1,0
ATT009371,EMP0781,2025-11-01 00:00:00,21,18,1,2,13.6
ATT009372,EMP0781,2025-12-01 00:00:00,22,20,1,1,1.6
ATT009373,EMP0782,2025-01-01 00:00:00,20,17,1,2,13.4
ATT009374,EMP0782,2025-02-01 00:00:00,22,18,1,3,6.4
ATT009375,EMP0782,2025-03-01 00:00:00,21,18,1,2,1.6
ATT009376,EMP0782,2025-04-01 00:00:00,21,20,0,1,7.3
ATT009377,EMP0782,2025-05-01 00:00:00,21,21,0,0,4.9
ATT009378,EMP0782,2025-06-01 00:00:00,21,19,1,1,12.1
ATT009379,EMP0782,2025-07-01 00:00:00,21,18,1,2,14.3
ATT009380,EMP0782,2025-08-01 00:00:00,23,22,0,1,19
ATT009381,EMP0782,2025-09-01 00:00:00,21,19,0,2,0.4
ATT009382,EMP0782,2025-10-01 00:00:00,21,21,0,0,14.5
ATT009383,EMP0782,2025-11-01 00:00:00,20,20,0,0,7
ATT009384,EMP0782,2025-12-01 00:00:00,20,19,1,0,0
ATT009385,EMP0783,2025-01-01 00:00:00,20,18,0,2,8
ATT009386,EMP0783,2025-02-01 00:00:00,21,20,1,0,0
ATT009387,EMP0783,2025-03-01 00:00:00,22,20,1,1,7.6
ATT009388,EMP0783,2025-04-01 00:00:00,23,20,0,3,2
ATT009389,EMP0783,2025-05-01 00:00:00,21,18,2,1,12.6
ATT009390,EMP0783,2025-06-01 00:00:00,20,17,2,1,8.7
ATT009391,EMP0783,2025-07-01 00:00:00,23,23,0,0,6.1
ATT009392,EMP0783,2025-08-01 00:00:00,22,16,3,3,3.3
ATT009393,EMP0783,2025-09-01 00:00:00,22,22,0,0,0
ATT009394,EMP0783,2025-10-01 00:00:00,21,19,0,2,8.3
ATT009395,EMP0783,2025-11-01 00:00:00,22,20,0,2,4.3
ATT009396,EMP0783,2025-12-01 00:00:00,22,20,1,1,11.8
ATT009397,EMP0784,2025-01-01 00:00:00,22,19,1,2,10.6
ATT009398,EMP0784,2025-02-01 00:00:00,22,18,2,2,7.4
ATT009399,EMP0784,2025-03-01 00:00:00,23,21,0,2,10.6
ATT009400,EMP0784,2025-04-01 00:00:00,22,16,3,3,11.7
ATT009401,EMP0784,2025-05-01 00:00:00,23,20,2,1,4.1
ATT009402,EMP0784,2025-06-01 00:00:00,21,19,1,1,7.5
ATT009403,EMP0784,2025-07-01 00:00:00,23,22,0,1,0
ATT009404,EMP0784,2025-08-01 00:00:00,21,21,0,0,0
ATT009405,EMP0784,2025-09-01 00:00:00,22,21,0,1,13.6
ATT009406,EMP0784,2025-10-01 00:00:00,23,21,1,1,13.9
ATT009407,EMP0784,2025-11-01 00:00:00,21,21,0,0,7.7
ATT009408,EMP0784,2025-12-01 00:00:00,21,20,0,1,11.7
ATT009409,EMP0785,2025-01-01 00:00:00,20,17,2,1,6.6
ATT009410,EMP0785,2025-02-01 00:00:00,22,18,0,4,0.6
ATT009411,EMP0785,2025-03-01 00:00:00,23,20,2,1,0
ATT009412,EMP0785,2025-04-01 00:00:00,20,20,0,0,13
ATT009413,EMP0785,2025-05-01 00:00:00,21,19,1,1,18.6
ATT009414,EMP0785,2025-06-01 00:00:00,21,19,0,2,12.6
ATT009415,EMP0785,2025-07-01 00:00:00,21,19,1,1,12.5
ATT009416,EMP0785,2025-08-01 00:00:00,23,18,2,3,17.3
ATT009417,EMP0785,2025-09-01 00:00:00,20,17,1,2,6.7
ATT009418,EMP0785,2025-10-01 00:00:00,23,20,1,2,8
ATT009419,EMP0785,2025-11-01 00:00:00,21,20,1,0,7.5
ATT009420,EMP0785,2025-12-01 00:00:00,22,20,1,1,6.9
ATT009421,EMP0786,2025-01-01 00:00:00,20,13,3,4,1.9
ATT009422,EMP0786,2025-02-01 00:00:00,20,17,0,3,0
ATT009423,EMP0786,2025-03-01 00:00:00,22,19,2,1,2.8
ATT009424,EMP0786,2025-04-01 00:00:00,23,22,1,0,8.5
ATT009425,EMP0786,2025-05-01 00:00:00,21,16,2,3,6.5
ATT009426,EMP0786,2025-06-01 00:00:00,22,18,3,1,5.9
ATT009427,EMP0786,2025-07-01 00:00:00,22,21,1,0,10.1
ATT009428,EMP0786,2025-08-01 00:00:00,22,17,2,3,12.4
ATT009429,EMP0786,2025-09-01 00:00:00,22,20,1,1,12.2
ATT009430,EMP0786,2025-10-01 00:00:00,20,17,0,3,11.6
ATT009431,EMP0786,2025-11-01 00:00:00,21,17,1,3,8.1
ATT009432,EMP0786,2025-12-01 00:00:00,22,22,0,0,9.9
ATT009433,EMP0787,2025-01-01 00:00:00,22,19,1,2,3.4
ATT009434,EMP0787,2025-02-01 00:00:00,23,19,2,2,0
ATT009435,EMP0787,2025-03-01 00:00:00,21,21,0,0,9.1
ATT009436,EMP0787,2025-04-01 00:00:00,22,21,0,1,9.6
ATT009437,EMP0787,2025-05-01 00:00:00,22,20,1,1,16.2
ATT009438,EMP0787,2025-06-01 00:00:00,21,18,1,2,14.8
ATT009439,EMP0787,2025-07-01 00:00:00,22,20,1,1,4.1
ATT009440,EMP0787,2025-08-01 00:00:00,22,18,2,2,9.2
ATT009441,EMP0787,2025-09-01 00:00:00,22,19,0,3,5
ATT009442,EMP0787,2025-10-01 00:00:00,22,20,0,2,0
ATT009443,EMP0787,2025-11-01 00:00:00,22,19,2,1,2.7
ATT009444,EMP0787,2025-12-01 00:00:00,22,16,2,4,15.9
ATT009445,EMP0788,2025-01-01 00:00:00,22,18,3,1,3.7
ATT009446,EMP0788,2025-02-01 00:00:00,22,21,1,0,11.5
ATT009447,EMP0788,2025-03-01 00:00:00,23,22,0,1,3.8
ATT009448,EMP0788,2025-04-01 00:00:00,20,19,1,0,10.3
ATT009449,EMP0788,2025-05-01 00:00:00,20,20,0,0,10
ATT009450,EMP0788,2025-06-01 00:00:00,22,20,2,0,8.9
ATT009451,EMP0788,2025-07-01 00:00:00,22,21,0,1,9.4
ATT009452,EMP0788,2025-08-01 00:00:00,22,17,2,3,15.6
ATT009453,EMP0788,2025-09-01 00:00:00,22,19,0,3,13.8
ATT009454,EMP0788,2025-10-01 00:00:00,23,20,3,0,17.6
ATT009455,EMP0788,2025-11-01 00:00:00,20,20,0,0,8.7
ATT009456,EMP0788,2025-12-01 00:00:00,22,20,2,0,12.8
ATT009457,EMP0789,2025-01-01 00:00:00,22,20,1,1,14.4
ATT009458,EMP0789,2025-02-01 00:00:00,21,15,1,5,0.3
ATT009459,EMP0789,2025-03-01 00:00:00,21,15,2,4,7.3
ATT009460,EMP0789,2025-04-01 00:00:00,22,20,0,2,1.7
ATT009461,EMP0789,2025-05-01 00:00:00,22,22,0,0,3
ATT009462,EMP0789,2025-06-01 00:00:00,22,22,0,0,0.3
ATT009463,EMP0789,2025-07-01 00:00:00,22,22,0,0,5.7
ATT009464,EMP0789,2025-08-01 00:00:00,22,19,2,1,14.7
ATT009465,EMP0789,2025-09-01 00:00:00,21,16,2,3,17.3
ATT009466,EMP0789,2025-10-01 00:00:00,21,16,1,4,1.1
ATT009467,EMP0789,2025-11-01 00:00:00,21,21,0,0,7.2
ATT009468,EMP0789,2025-12-01 00:00:00,23,21,1,1,17.6
ATT009469,EMP0790,2025-01-01 00:00:00,22,21,1,0,0
ATT009470,EMP0790,2025-02-01 00:00:00,23,21,1,1,16
ATT009471,EMP0790,2025-03-01 00:00:00,21,18,2,1,12.4
ATT009472,EMP0790,2025-04-01 00:00:00,21,16,1,4,0
ATT009473,EMP0790,2025-05-01 00:00:00,22,20,1,1,22.2
ATT009474,EMP0790,2025-06-01 00:00:00,21,15,2,4,11.8
ATT009475,EMP0790,2025-07-01 00:00:00,22,21,0,1,2.4
ATT009476,EMP0790,2025-08-01 00:00:00,22,20,1,1,13.7
ATT009477,EMP0790,2025-09-01 00:00:00,21,20,0,1,0
ATT009478,EMP0790,2025-10-01 00:00:00,21,15,2,4,5.6
ATT009479,EMP0790,2025-11-01 00:00:00,21,18,2,1,0
ATT009480,EMP0790,2025-12-01 00:00:00,21,18,0,3,17.7
ATT009481,EMP0791,2025-01-01 00:00:00,22,19,2,1,13
ATT009482,EMP0791,2025-02-01 00:00:00,21,18,0,3,9.4
ATT009483,EMP0791,2025-03-01 00:00:00,22,18,0,4,14.7
ATT009484,EMP0791,2025-04-01 00:00:00,22,18,2,2,7
ATT009485,EMP0791,2025-05-01 00:00:00,23,21,1,1,14.2
ATT009486,EMP0791,2025-06-01 00:00:00,22,19,1,2,9.1
ATT009487,EMP0791,2025-07-01 00:00:00,21,18,2,1,12.9
ATT009488,EMP0791,2025-08-01 00:00:00,20,17,1,2,13.4
ATT009489,EMP0791,2025-09-01 00:00:00,22,17,1,4,2.2
ATT009490,EMP0791,2025-10-01 00:00:00,22,19,1,2,10.1
ATT009491,EMP0791,2025-11-01 00:00:00,22,21,0,1,5.1
ATT009492,EMP0791,2025-12-01 00:00:00,22,22,0,0,14.3
ATT009493,EMP0792,2025-01-01 00:00:00,22,22,0,0,7.2
ATT009494,EMP0792,2025-02-01 00:00:00,22,22,0,0,3.8
ATT009495,EMP0792,2025-03-01 00:00:00,21,20,1,0,13
ATT009496,EMP0792,2025-04-01 00:00:00,20,20,0,0,6.7
ATT009497,EMP0792,2025-05-01 00:00:00,21,20,0,1,8.9
ATT009498,EMP0792,2025-06-01 00:00:00,21,19,1,1,10.4
ATT009499,EMP0792,2025-07-01 00:00:00,23,18,2,3,1.8
ATT009500,EMP0792,2025-08-01 00:00:00,22,20,2,0,6.7
ATT009501,EMP0792,2025-09-01 00:00:00,21,19,0,2,2.1
ATT009502,EMP0792,2025-10-01 00:00:00,22,19,2,1,14.8
ATT009503,EMP0792,2025-11-01 00:00:00,23,22,0,1,5.9
ATT009504,EMP0792,2025-12-01 00:00:00,22,20,0,2,12.7
ATT009505,EMP0793,2025-01-01 00:00:00,22,20,1,1,19.7
ATT009506,EMP0793,2025-02-01 00:00:00,23,20,1,2,0
ATT009507,EMP0793,2025-03-01 00:00:00,23,20,1,2,1.3
ATT009508,EMP0793,2025-04-01 00:00:00,21,19,2,0,2.5
ATT009509,EMP0793,2025-05-01 00:00:00,23,21,1,1,11.9
ATT009510,EMP0793,2025-06-01 00:00:00,21,20,0,1,15.1
ATT009511,EMP0793,2025-07-01 00:00:00,23,21,1,1,18.5
ATT009512,EMP0793,2025-08-01 00:00:00,22,19,2,1,7.4
ATT009513,EMP0793,2025-09-01 00:00:00,22,21,0,1,14.7
ATT009514,EMP0793,2025-10-01 00:00:00,21,18,3,0,4.8
ATT009515,EMP0793,2025-11-01 00:00:00,22,17,2,3,6.9
ATT009516,EMP0793,2025-12-01 00:00:00,22,18,0,4,3.6
ATT009517,EMP0794,2025-01-01 00:00:00,22,19,1,2,15.7
ATT009518,EMP0794,2025-02-01 00:00:00,22,20,0,2,13.6
ATT009519,EMP0794,2025-03-01 00:00:00,23,23,0,0,4.5
ATT009520,EMP0794,2025-04-01 00:00:00,22,19,2,1,2.8
ATT009521,EMP0794,2025-05-01 00:00:00,21,21,0,0,8.3
ATT009522,EMP0794,2025-06-01 00:00:00,22,20,2,0,15.4
ATT009523,EMP0794,2025-07-01 00:00:00,23,22,0,1,3.3
ATT009524,EMP0794,2025-08-01 00:00:00,22,21,0,1,0
ATT009525,EMP0794,2025-09-01 00:00:00,22,20,1,1,5.1
ATT009526,EMP0794,2025-10-01 00:00:00,21,19,2,0,0.6
ATT009527,EMP0794,2025-11-01 00:00:00,22,21,0,1,15
ATT009528,EMP0794,2025-12-01 00:00:00,22,19,1,2,7.8
ATT009529,EMP0795,2025-01-01 00:00:00,22,19,1,2,3.8
ATT009530,EMP0795,2025-02-01 00:00:00,22,18,2,2,14.3
ATT009531,EMP0795,2025-03-01 00:00:00,22,19,0,3,3.4
ATT009532,EMP0795,2025-04-01 00:00:00,21,19,0,2,14.3
ATT009533,EMP0795,2025-05-01 00:00:00,21,16,0,5,0
ATT009534,EMP0795,2025-06-01 00:00:00,21,18,1,2,4.4
ATT009535,EMP0795,2025-07-01 00:00:00,21,19,2,0,5.1
ATT009536,EMP0795,2025-08-01 00:00:00,22,17,3,2,5.6
ATT009537,EMP0795,2025-09-01 00:00:00,21,18,0,3,0.8
ATT009538,EMP0795,2025-10-01 00:00:00,22,21,1,0,12.5
ATT009539,EMP0795,2025-11-01 00:00:00,23,22,0,1,0.1
ATT009540,EMP0795,2025-12-01 00:00:00,23,21,0,2,12.7
ATT009541,EMP0796,2025-01-01 00:00:00,23,17,2,4,0
ATT009542,EMP0796,2025-02-01 00:00:00,22,17,2,3,17.8
ATT009543,EMP0796,2025-03-01 00:00:00,20,19,0,1,13.5
ATT009544,EMP0796,2025-04-01 00:00:00,22,20,1,1,10
ATT009545,EMP0796,2025-05-01 00:00:00,22,22,0,0,14.1
ATT009546,EMP0796,2025-06-01 00:00:00,22,19,2,1,15.5
ATT009547,EMP0796,2025-07-01 00:00:00,21,18,1,2,1.8
ATT009548,EMP0796,2025-08-01 00:00:00,22,21,1,0,0.8
ATT009549,EMP0796,2025-09-01 00:00:00,20,20,0,0,17.5
ATT009550,EMP0796,2025-10-01 00:00:00,22,19,0,3,0
ATT009551,EMP0796,2025-11-01 00:00:00,22,21,1,0,10.4
ATT009552,EMP0796,2025-12-01 00:00:00,22,16,1,5,5.1
ATT009553,EMP0797,2025-01-01 00:00:00,20,20,0,0,5.9
ATT009554,EMP0797,2025-02-01 00:00:00,21,14,2,5,11.5
ATT009555,EMP0797,2025-03-01 00:00:00,21,19,0,2,8.7
ATT009556,EMP0797,2025-04-01 00:00:00,22,21,1,0,5.2
ATT009557,EMP0797,2025-05-01 00:00:00,21,18,1,2,16.4
ATT009558,EMP0797,2025-06-01 00:00:00,22,17,1,4,1.8
ATT009559,EMP0797,2025-07-01 00:00:00,22,20,0,2,4.2
ATT009560,EMP0797,2025-08-01 00:00:00,22,18,0,4,3.1
ATT009561,EMP0797,2025-09-01 00:00:00,23,17,2,4,3.3
ATT009562,EMP0797,2025-10-01 00:00:00,21,17,2,2,14.3
ATT009563,EMP0797,2025-11-01 00:00:00,22,19,0,3,9.7
ATT009564,EMP0797,2025-12-01 00:00:00,21,18,0,3,16.2
ATT009565,EMP0798,2025-01-01 00:00:00,22,19,1,2,14.9
ATT009566,EMP0798,2025-02-01 00:00:00,22,20,1,1,0
ATT009567,EMP0798,2025-03-01 00:00:00,23,21,1,1,25.2
ATT009568,EMP0798,2025-04-01 00:00:00,22,20,1,1,17.8
ATT009569,EMP0798,2025-05-01 00:00:00,22,16,2,4,13.8
ATT009570,EMP0798,2025-06-01 00:00:00,21,20,1,0,2.1
ATT009571,EMP0798,2025-07-01 00:00:00,22,21,1,0,12.1
ATT009572,EMP0798,2025-08-01 00:00:00,21,17,1,3,1.9
ATT009573,EMP0798,2025-09-01 00:00:00,22,20,2,0,0
ATT009574,EMP0798,2025-10-01 00:00:00,22,21,1,0,14
ATT009575,EMP0798,2025-11-01 00:00:00,23,21,2,0,14.4
ATT009576,EMP0798,2025-12-01 00:00:00,23,19,1,3,9.3
ATT009577,EMP0799,2025-01-01 00:00:00,21,18,2,1,8.8
ATT009578,EMP0799,2025-02-01 00:00:00,20,19,0,1,11
ATT009579,EMP0799,2025-03-01 00:00:00,22,21,0,1,7
ATT009580,EMP0799,2025-04-01 00:00:00,21,16,1,4,2
ATT009581,EMP0799,2025-05-01 00:00:00,23,20,1,2,3.4
ATT009582,EMP0799,2025-06-01 00:00:00,22,21,1,0,12.9
ATT009583,EMP0799,2025-07-01 00:00:00,22,17,1,4,0
ATT009584,EMP0799,2025-08-01 00:00:00,21,18,1,2,22.4
ATT009585,EMP0799,2025-09-01 00:00:00,23,19,2,2,10.5
ATT009586,EMP0799,2025-10-01 00:00:00,22,19,1,2,0.1
ATT009587,EMP0799,2025-11-01 00:00:00,23,21,2,0,1.6
ATT009588,EMP0799,2025-12-01 00:00:00,23,21,0,2,0
ATT009589,EMP0800,2025-01-01 00:00:00,22,20,2,0,11.8
ATT009590,EMP0800,2025-02-01 00:00:00,21,18,1,2,0.1
ATT009591,EMP0800,2025-03-01 00:00:00,22,17,2,3,1.6
ATT009592,EMP0800,2025-04-01 00:00:00,22,19,2,1,5
ATT009593,EMP0800,2025-05-01 00:00:00,22,21,0,1,17.4
ATT009594,EMP0800,2025-06-01 00:00:00,22,16,3,3,8.3
ATT009595,EMP0800,2025-07-01 00:00:00,21,21,0,0,6.7
ATT009596,EMP0800,2025-08-01 00:00:00,22,20,0,2,3.5
ATT009597,EMP0800,2025-09-01 00:00:00,22,18,0,4,16.4
ATT009598,EMP0800,2025-10-01 00:00:00,20,19,0,1,0
ATT009599,EMP0800,2025-11-01 00:00:00,23,17,1,5,4.2
ATT009600,EMP0800,2025-12-01 00:00:00,21,21,0,0,8.2
ATT009601,EMP0801,2025-01-01 00:00:00,21,19,1,1,6.8
ATT009602,EMP0801,2025-02-01 00:00:00,22,21,0,1,6.5
ATT009603,EMP0801,2025-03-01 00:00:00,22,18,3,1,3.8
ATT009604,EMP0801,2025-04-01 00:00:00,22,19,0,3,0
ATT009605,EMP0801,2025-05-01 00:00:00,21,19,2,0,2.5
ATT009606,EMP0801,2025-06-01 00:00:00,23,23,0,0,11.6
ATT009607,EMP0801,2025-07-01 00:00:00,22,19,1,2,11.7
ATT009608,EMP0801,2025-08-01 00:00:00,22,21,0,1,8.6
ATT009609,EMP0801,2025-09-01 00:00:00,21,21,0,0,2.2
ATT009610,EMP0801,2025-10-01 00:00:00,22,21,1,0,6.5
ATT009611,EMP0801,2025-11-01 00:00:00,23,22,0,1,0
ATT009612,EMP0801,2025-12-01 00:00:00,21,18,2,1,7
ATT009613,EMP0802,2025-01-01 00:00:00,22,21,0,1,4.4
ATT009614,EMP0802,2025-02-01 00:00:00,22,19,1,2,7.3
ATT009615,EMP0802,2025-03-01 00:00:00,20,19,0,1,9.1
ATT009616,EMP0802,2025-04-01 00:00:00,22,19,3,0,11.3
ATT009617,EMP0802,2025-05-01 00:00:00,22,21,1,0,4.2
ATT009618,EMP0802,2025-06-01 00:00:00,22,20,1,1,8.1
ATT009619,EMP0802,2025-07-01 00:00:00,22,22,0,0,0
ATT009620,EMP0802,2025-08-01 00:00:00,22,19,2,1,6.6
ATT009621,EMP0802,2025-09-01 00:00:00,22,18,2,2,17.2
ATT009622,EMP0802,2025-10-01 00:00:00,21,20,0,1,12.1
ATT009623,EMP0802,2025-11-01 00:00:00,22,22,0,0,2.6
ATT009624,EMP0802,2025-12-01 00:00:00,22,20,0,2,0
ATT009625,EMP0803,2025-01-01 00:00:00,21,21,0,0,18.3
ATT009626,EMP0803,2025-02-01 00:00:00,21,17,1,3,12.2
ATT009627,EMP0803,2025-03-01 00:00:00,21,20,0,1,3.8
ATT009628,EMP0803,2025-04-01 00:00:00,21,19,2,0,4.4
ATT009629,EMP0803,2025-05-01 00:00:00,22,21,1,0,10.7
ATT009630,EMP0803,2025-06-01 00:00:00,22,19,1,2,5.2
ATT009631,EMP0803,2025-07-01 00:00:00,22,19,2,1,11.6
ATT009632,EMP0803,2025-08-01 00:00:00,21,20,1,0,13.7
ATT009633,EMP0803,2025-09-01 00:00:00,23,22,0,1,16.8
ATT009634,EMP0803,2025-10-01 00:00:00,23,23,0,0,7.3
ATT009635,EMP0803,2025-11-01 00:00:00,22,16,2,4,13.8
ATT009636,EMP0803,2025-12-01 00:00:00,21,21,0,0,4.3
ATT009637,EMP0804,2025-01-01 00:00:00,21,19,1,1,0.8
ATT009638,EMP0804,2025-02-01 00:00:00,21,15,1,5,9.8
ATT009639,EMP0804,2025-03-01 00:00:00,23,23,0,0,4.3
ATT009640,EMP0804,2025-04-01 00:00:00,21,17,1,3,2.7
ATT009641,EMP0804,2025-05-01 00:00:00,22,18,3,1,16.4
ATT009642,EMP0804,2025-06-01 00:00:00,23,21,0,2,5.9
ATT009643,EMP0804,2025-07-01 00:00:00,22,19,1,2,7.1
ATT009644,EMP0804,2025-08-01 00:00:00,22,18,1,3,2
ATT009645,EMP0804,2025-09-01 00:00:00,21,19,0,2,5.4
ATT009646,EMP0804,2025-10-01 00:00:00,21,16,2,3,8.8
ATT009647,EMP0804,2025-11-01 00:00:00,22,21,0,1,17.3
ATT009648,EMP0804,2025-12-01 00:00:00,22,21,0,1,11.4
ATT009649,EMP0805,2025-01-01 00:00:00,21,19,1,1,7.5
ATT009650,EMP0805,2025-02-01 00:00:00,21,17,1,3,4.2
ATT009651,EMP0805,2025-03-01 00:00:00,23,20,2,1,15.8
ATT009652,EMP0805,2025-04-01 00:00:00,22,18,1,3,11.3
ATT009653,EMP0805,2025-05-01 00:00:00,22,18,3,1,22.9
ATT009654,EMP0805,2025-06-01 00:00:00,22,18,1,3,7.4
ATT009655,EMP0805,2025-07-01 00:00:00,21,21,0,0,0
ATT009656,EMP0805,2025-08-01 00:00:00,20,17,1,2,7.7
ATT009657,EMP0805,2025-09-01 00:00:00,22,17,1,4,4.1
ATT009658,EMP0805,2025-10-01 00:00:00,22,20,1,1,20.8
ATT009659,EMP0805,2025-11-01 00:00:00,22,21,1,0,6.8
ATT009660,EMP0805,2025-12-01 00:00:00,21,17,0,4,14.7
ATT009661,EMP0806,2025-01-01 00:00:00,23,21,2,0,9
ATT009662,EMP0806,2025-02-01 00:00:00,22,21,0,1,11.1
ATT009663,EMP0806,2025-03-01 00:00:00,22,20,0,2,16.7
ATT009664,EMP0806,2025-04-01 00:00:00,22,16,2,4,18.1
ATT009665,EMP0806,2025-05-01 00:00:00,21,18,0,3,8.1
ATT009666,EMP0806,2025-06-01 00:00:00,20,18,2,0,8.6
ATT009667,EMP0806,2025-07-01 00:00:00,20,19,0,1,9.4
ATT009668,EMP0806,2025-08-01 00:00:00,22,22,0,0,1.6
ATT009669,EMP0806,2025-09-01 00:00:00,22,18,1,3,21.2
ATT009670,EMP0806,2025-10-01 00:00:00,22,19,1,2,0.1
ATT009671,EMP0806,2025-11-01 00:00:00,21,21,0,0,13.5
ATT009672,EMP0806,2025-12-01 00:00:00,21,17,1,3,9.2
ATT009673,EMP0807,2025-01-01 00:00:00,22,21,1,0,18
ATT009674,EMP0807,2025-02-01 00:00:00,22,21,1,0,5.9
ATT009675,EMP0807,2025-03-01 00:00:00,22,21,0,1,0
ATT009676,EMP0807,2025-04-01 00:00:00,22,21,1,0,13.3
ATT009677,EMP0807,2025-05-01 00:00:00,22,18,1,3,17.5
ATT009678,EMP0807,2025-06-01 00:00:00,21,19,1,1,13.2
ATT009679,EMP0807,2025-07-01 00:00:00,20,18,2,0,1
ATT009680,EMP0807,2025-08-01 00:00:00,23,18,2,3,11.2
ATT009681,EMP0807,2025-09-01 00:00:00,22,18,0,4,8
ATT009682,EMP0807,2025-10-01 00:00:00,22,20,0,2,5.8
ATT009683,EMP0807,2025-11-01 00:00:00,21,18,0,3,14.9
ATT009684,EMP0807,2025-12-01 00:00:00,21,18,2,1,0
ATT009685,EMP0808,2025-01-01 00:00:00,21,20,0,1,11.5
ATT009686,EMP0808,2025-02-01 00:00:00,21,17,1,3,1.3
ATT009687,EMP0808,2025-03-01 00:00:00,23,20,0,3,10.2
ATT009688,EMP0808,2025-04-01 00:00:00,23,21,0,2,15.4
ATT009689,EMP0808,2025-05-01 00:00:00,22,19,1,2,18.7
ATT009690,EMP0808,2025-06-01 00:00:00,20,18,0,2,23.2
ATT009691,EMP0808,2025-07-01 00:00:00,22,21,1,0,13.9
ATT009692,EMP0808,2025-08-01 00:00:00,21,17,3,1,14.4
ATT009693,EMP0808,2025-09-01 00:00:00,23,19,1,3,11
ATT009694,EMP0808,2025-10-01 00:00:00,22,19,1,2,18.4
ATT009695,EMP0808,2025-11-01 00:00:00,21,17,1,3,7.7
ATT009696,EMP0808,2025-12-01 00:00:00,20,17,0,3,5.4
ATT009697,EMP0809,2025-01-01 00:00:00,21,20,0,1,12.8
ATT009698,EMP0809,2025-02-01 00:00:00,21,16,3,2,8.1
ATT009699,EMP0809,2025-03-01 00:00:00,22,20,2,0,6.7
ATT009700,EMP0809,2025-04-01 00:00:00,22,21,0,1,7.5
ATT009701,EMP0809,2025-05-01 00:00:00,21,16,2,3,4.9
ATT009702,EMP0809,2025-06-01 00:00:00,21,17,1,3,19.8
ATT009703,EMP0809,2025-07-01 00:00:00,21,15,2,4,0
ATT009704,EMP0809,2025-08-01 00:00:00,21,17,2,2,3.2
ATT009705,EMP0809,2025-09-01 00:00:00,20,17,0,3,5.1
ATT009706,EMP0809,2025-10-01 00:00:00,23,20,2,1,3.2
ATT009707,EMP0809,2025-11-01 00:00:00,22,21,1,0,3.7
ATT009708,EMP0809,2025-12-01 00:00:00,22,21,0,1,1.7
ATT009709,EMP0810,2025-01-01 00:00:00,23,21,1,1,8.1
ATT009710,EMP0810,2025-02-01 00:00:00,20,18,2,0,28.3
ATT009711,EMP0810,2025-03-01 00:00:00,22,20,0,2,2.5
ATT009712,EMP0810,2025-04-01 00:00:00,22,21,0,1,0.5
ATT009713,EMP0810,2025-05-01 00:00:00,20,19,0,1,4.3
ATT009714,EMP0810,2025-06-01 00:00:00,22,20,1,1,3.8
ATT009715,EMP0810,2025-07-01 00:00:00,23,17,1,5,2.3
ATT009716,EMP0810,2025-08-01 00:00:00,21,18,0,3,10.2
ATT009717,EMP0810,2025-09-01 00:00:00,22,18,1,3,6.1
ATT009718,EMP0810,2025-10-01 00:00:00,23,19,2,2,5.2
ATT009719,EMP0810,2025-11-01 00:00:00,22,20,1,1,10.1
ATT009720,EMP0810,2025-12-01 00:00:00,20,19,0,1,8.3
ATT009721,EMP0811,2025-01-01 00:00:00,21,19,1,1,15.5
ATT009722,EMP0811,2025-02-01 00:00:00,21,18,2,1,9.6
ATT009723,EMP0811,2025-03-01 00:00:00,22,19,2,1,9.3
ATT009724,EMP0811,2025-04-01 00:00:00,23,23,0,0,9.3
ATT009725,EMP0811,2025-05-01 00:00:00,21,18,0,3,2.2
ATT009726,EMP0811,2025-06-01 00:00:00,22,21,1,0,6
ATT009727,EMP0811,2025-07-01 00:00:00,23,23,0,0,16.7
ATT009728,EMP0811,2025-08-01 00:00:00,22,19,1,2,3.6
ATT009729,EMP0811,2025-09-01 00:00:00,22,16,3,3,9.7
ATT009730,EMP0811,2025-10-01 00:00:00,22,20,0,2,8.7
ATT009731,EMP0811,2025-11-01 00:00:00,22,18,2,2,9.7
ATT009732,EMP0811,2025-12-01 00:00:00,22,22,0,0,15.4
ATT009733,EMP0812,2025-01-01 00:00:00,21,18,0,3,13.4
ATT009734,EMP0812,2025-02-01 00:00:00,23,23,0,0,17.5
ATT009735,EMP0812,2025-03-01 00:00:00,21,17,1,3,14.4
ATT009736,EMP0812,2025-04-01 00:00:00,21,19,0,2,7.6
ATT009737,EMP0812,2025-05-01 00:00:00,22,21,0,1,2.5
ATT009738,EMP0812,2025-06-01 00:00:00,22,21,1,0,29
ATT009739,EMP0812,2025-07-01 00:00:00,21,19,1,1,7.9
ATT009740,EMP0812,2025-08-01 00:00:00,22,21,1,0,11.9
ATT009741,EMP0812,2025-09-01 00:00:00,22,19,0,3,11.8
ATT009742,EMP0812,2025-10-01 00:00:00,22,20,0,2,16.1
ATT009743,EMP0812,2025-11-01 00:00:00,20,17,0,3,0
ATT009744,EMP0812,2025-12-01 00:00:00,21,19,2,0,9.6
ATT009745,EMP0813,2025-01-01 00:00:00,21,20,1,0,12.4
ATT009746,EMP0813,2025-02-01 00:00:00,22,20,0,2,10.5
ATT009747,EMP0813,2025-03-01 00:00:00,22,21,0,1,6
ATT009748,EMP0813,2025-04-01 00:00:00,23,22,1,0,5.5
ATT009749,EMP0813,2025-05-01 00:00:00,22,18,3,1,5.6
ATT009750,EMP0813,2025-06-01 00:00:00,21,17,3,1,4.9
ATT009751,EMP0813,2025-07-01 00:00:00,22,19,0,3,14.3
ATT009752,EMP0813,2025-08-01 00:00:00,22,21,1,0,4.7
ATT009753,EMP0813,2025-09-01 00:00:00,22,14,3,5,3.1
ATT009754,EMP0813,2025-10-01 00:00:00,22,18,0,4,0
ATT009755,EMP0813,2025-11-01 00:00:00,22,18,0,4,3.5
ATT009756,EMP0813,2025-12-01 00:00:00,23,21,1,1,12
ATT009757,EMP0814,2025-01-01 00:00:00,21,17,2,2,8.2
ATT009758,EMP0814,2025-02-01 00:00:00,20,16,0,4,5
ATT009759,EMP0814,2025-03-01 00:00:00,22,18,0,4,11
ATT009760,EMP0814,2025-04-01 00:00:00,20,19,0,1,13.4
ATT009761,EMP0814,2025-05-01 00:00:00,20,19,0,1,8.7
ATT009762,EMP0814,2025-06-01 00:00:00,21,19,2,0,8.2
ATT009763,EMP0814,2025-07-01 00:00:00,21,21,0,0,14.3
ATT009764,EMP0814,2025-08-01 00:00:00,23,22,1,0,8.3
ATT009765,EMP0814,2025-09-01 00:00:00,23,21,1,1,1.6
ATT009766,EMP0814,2025-10-01 00:00:00,22,21,0,1,7.6
ATT009767,EMP0814,2025-11-01 00:00:00,22,18,0,4,10.4
ATT009768,EMP0814,2025-12-01 00:00:00,21,17,0,4,9.4
ATT009769,EMP0815,2025-01-01 00:00:00,20,17,0,3,10.6
ATT009770,EMP0815,2025-02-01 00:00:00,23,22,1,0,11
ATT009771,EMP0815,2025-03-01 00:00:00,21,18,0,3,2.9
ATT009772,EMP0815,2025-04-01 00:00:00,22,18,2,2,3.6
ATT009773,EMP0815,2025-05-01 00:00:00,21,17,2,2,9.6
ATT009774,EMP0815,2025-06-01 00:00:00,21,19,0,2,16.1
ATT009775,EMP0815,2025-07-01 00:00:00,21,17,1,3,10.1
ATT009776,EMP0815,2025-08-01 00:00:00,22,20,0,2,14.7
ATT009777,EMP0815,2025-09-01 00:00:00,22,20,2,0,10.7
ATT009778,EMP0815,2025-10-01 00:00:00,21,18,2,1,6.5
ATT009779,EMP0815,2025-11-01 00:00:00,21,19,1,1,9.6
ATT009780,EMP0815,2025-12-01 00:00:00,22,18,2,2,7.6
ATT009781,EMP0816,2025-01-01 00:00:00,22,21,0,1,1.9
ATT009782,EMP0816,2025-02-01 00:00:00,21,19,1,1,13.3
ATT009783,EMP0816,2025-03-01 00:00:00,22,19,1,2,5.5
ATT009784,EMP0816,2025-04-01 00:00:00,22,20,0,2,0
ATT009785,EMP0816,2025-05-01 00:00:00,20,19,0,1,4.7
ATT009786,EMP0816,2025-06-01 00:00:00,22,19,1,2,15.3
ATT009787,EMP0816,2025-07-01 00:00:00,22,21,0,1,7.8
ATT009788,EMP0816,2025-08-01 00:00:00,21,21,0,0,7.6
ATT009789,EMP0816,2025-09-01 00:00:00,20,17,2,1,3.1
ATT009790,EMP0816,2025-10-01 00:00:00,21,17,1,3,6.1
ATT009791,EMP0816,2025-11-01 00:00:00,22,21,0,1,0
ATT009792,EMP0816,2025-12-01 00:00:00,20,19,0,1,0
ATT009793,EMP0817,2025-01-01 00:00:00,22,22,0,0,0
ATT009794,EMP0817,2025-02-01 00:00:00,21,21,0,0,0.1
ATT009795,EMP0817,2025-03-01 00:00:00,22,21,0,1,3.2
ATT009796,EMP0817,2025-04-01 00:00:00,21,21,0,0,21.1
ATT009797,EMP0817,2025-05-01 00:00:00,21,20,0,1,11
ATT009798,EMP0817,2025-06-01 00:00:00,22,22,0,0,8.3
ATT009799,EMP0817,2025-07-01 00:00:00,22,18,3,1,3.8
ATT009800,EMP0817,2025-08-01 00:00:00,20,17,0,3,13.7
ATT009801,EMP0817,2025-09-01 00:00:00,22,19,1,2,7
ATT009802,EMP0817,2025-10-01 00:00:00,23,19,1,3,0
ATT009803,EMP0817,2025-11-01 00:00:00,20,18,0,2,12.3
ATT009804,EMP0817,2025-12-01 00:00:00,23,21,2,0,1
ATT009805,EMP0818,2025-01-01 00:00:00,21,18,3,0,8.8
ATT009806,EMP0818,2025-02-01 00:00:00,22,20,0,2,0
ATT009807,EMP0818,2025-03-01 00:00:00,21,17,0,4,5.7
ATT009808,EMP0818,2025-04-01 00:00:00,23,22,1,0,8.4
ATT009809,EMP0818,2025-05-01 00:00:00,22,21,1,0,0
ATT009810,EMP0818,2025-06-01 00:00:00,22,21,0,1,0
ATT009811,EMP0818,2025-07-01 00:00:00,21,18,1,2,15.1
ATT009812,EMP0818,2025-08-01 00:00:00,23,21,0,2,0
ATT009813,EMP0818,2025-09-01 00:00:00,22,15,2,5,17.5
ATT009814,EMP0818,2025-10-01 00:00:00,21,20,1,0,14.4
ATT009815,EMP0818,2025-11-01 00:00:00,21,17,0,4,17.5
ATT009816,EMP0818,2025-12-01 00:00:00,21,19,0,2,3.9
ATT009817,EMP0819,2025-01-01 00:00:00,21,20,1,0,2.4
ATT009818,EMP0819,2025-02-01 00:00:00,20,12,3,5,12.7
ATT009819,EMP0819,2025-03-01 00:00:00,22,20,0,2,20.5
ATT009820,EMP0819,2025-04-01 00:00:00,23,21,1,1,0.2
ATT009821,EMP0819,2025-05-01 00:00:00,22,18,2,2,12.1
ATT009822,EMP0819,2025-06-01 00:00:00,22,17,0,5,7.6
ATT009823,EMP0819,2025-07-01 00:00:00,21,18,1,2,11.7
ATT009824,EMP0819,2025-08-01 00:00:00,22,21,0,1,12.5
ATT009825,EMP0819,2025-09-01 00:00:00,21,19,0,2,3.4
ATT009826,EMP0819,2025-10-01 00:00:00,22,20,2,0,11.2
ATT009827,EMP0819,2025-11-01 00:00:00,20,19,1,0,23.5
ATT009828,EMP0819,2025-12-01 00:00:00,22,20,2,0,1.9
ATT009829,EMP0820,2025-01-01 00:00:00,23,22,0,1,8.6
ATT009830,EMP0820,2025-02-01 00:00:00,22,22,0,0,13.9
ATT009831,EMP0820,2025-03-01 00:00:00,23,21,1,1,13.6
ATT009832,EMP0820,2025-04-01 00:00:00,22,21,0,1,0
ATT009833,EMP0820,2025-05-01 00:00:00,22,19,0,3,3.8
ATT009834,EMP0820,2025-06-01 00:00:00,22,19,0,3,15.4
ATT009835,EMP0820,2025-07-01 00:00:00,22,17,2,3,2.8
ATT009836,EMP0820,2025-08-01 00:00:00,23,20,1,2,9.7
ATT009837,EMP0820,2025-09-01 00:00:00,21,18,0,3,4
ATT009838,EMP0820,2025-10-01 00:00:00,22,20,0,2,11
ATT009839,EMP0820,2025-11-01 00:00:00,21,21,0,0,5.5
ATT009840,EMP0820,2025-12-01 00:00:00,22,20,1,1,5.1
ATT009841,EMP0821,2025-01-01 00:00:00,23,17,3,3,12.8
ATT009842,EMP0821,2025-02-01 00:00:00,22,18,1,3,1.8
ATT009843,EMP0821,2025-03-01 00:00:00,23,23,0,0,0
ATT009844,EMP0821,2025-04-01 00:00:00,22,21,0,1,3.4
ATT009845,EMP0821,2025-05-01 00:00:00,22,19,1,2,0.1
ATT009846,EMP0821,2025-06-01 00:00:00,22,20,1,1,17
ATT009847,EMP0821,2025-07-01 00:00:00,23,18,3,2,0
ATT009848,EMP0821,2025-08-01 00:00:00,22,18,2,2,5.8
ATT009849,EMP0821,2025-09-01 00:00:00,22,20,0,2,13.5
ATT009850,EMP0821,2025-10-01 00:00:00,20,18,2,0,1.9
ATT009851,EMP0821,2025-11-01 00:00:00,21,20,0,1,12.4
ATT009852,EMP0821,2025-12-01 00:00:00,23,19,1,3,12
ATT009853,EMP0822,2025-01-01 00:00:00,22,20,0,2,9.9
ATT009854,EMP0822,2025-02-01 00:00:00,21,18,2,1,9.7
ATT009855,EMP0822,2025-03-01 00:00:00,22,20,1,1,0
ATT009856,EMP0822,2025-04-01 00:00:00,21,19,2,0,12.1
ATT009857,EMP0822,2025-05-01 00:00:00,22,19,0,3,4.5
ATT009858,EMP0822,2025-06-01 00:00:00,23,20,2,1,12.4
ATT009859,EMP0822,2025-07-01 00:00:00,22,20,2,0,1.9
ATT009860,EMP0822,2025-08-01 00:00:00,21,20,0,1,4
ATT009861,EMP0822,2025-09-01 00:00:00,22,20,0,2,4.8
ATT009862,EMP0822,2025-10-01 00:00:00,20,19,0,1,20.4
ATT009863,EMP0822,2025-11-01 00:00:00,21,20,1,0,12.6
ATT009864,EMP0822,2025-12-01 00:00:00,20,17,0,3,1.6
ATT009865,EMP0823,2025-01-01 00:00:00,23,21,1,1,13.1
ATT009866,EMP0823,2025-02-01 00:00:00,21,18,1,2,11.1
ATT009867,EMP0823,2025-03-01 00:00:00,22,21,1,0,1.7
ATT009868,EMP0823,2025-04-01 00:00:00,22,21,0,1,9.1
ATT009869,EMP0823,2025-05-01 00:00:00,23,18,2,3,8.7
ATT009870,EMP0823,2025-06-01 00:00:00,20,15,0,5,1.8
ATT009871,EMP0823,2025-07-01 00:00:00,23,20,2,1,10
ATT009872,EMP0823,2025-08-01 00:00:00,22,19,0,3,0
ATT009873,EMP0823,2025-09-01 00:00:00,22,16,2,4,10.7
ATT009874,EMP0823,2025-10-01 00:00:00,22,20,0,2,7.7
ATT009875,EMP0823,2025-11-01 00:00:00,21,20,0,1,20.9
ATT009876,EMP0823,2025-12-01 00:00:00,21,19,1,1,14.5
ATT009877,EMP0824,2025-01-01 00:00:00,21,19,0,2,14.4
ATT009878,EMP0824,2025-02-01 00:00:00,22,19,1,2,0
ATT009879,EMP0824,2025-03-01 00:00:00,22,17,0,5,17
ATT009880,EMP0824,2025-04-01 00:00:00,21,21,0,0,7.2
ATT009881,EMP0824,2025-05-01 00:00:00,23,22,0,1,12.3
ATT009882,EMP0824,2025-06-01 00:00:00,22,22,0,0,10.4
ATT009883,EMP0824,2025-07-01 00:00:00,21,19,0,2,3.1
ATT009884,EMP0824,2025-08-01 00:00:00,22,20,0,2,6.9
ATT009885,EMP0824,2025-09-01 00:00:00,22,20,2,0,10.1
ATT009886,EMP0824,2025-10-01 00:00:00,22,20,0,2,12.8
ATT009887,EMP0824,2025-11-01 00:00:00,22,20,1,1,12
ATT009888,EMP0824,2025-12-01 00:00:00,21,15,3,3,3.8
ATT009889,EMP0825,2025-01-01 00:00:00,21,18,2,1,7.6
ATT009890,EMP0825,2025-02-01 00:00:00,22,21,0,1,20.6
ATT009891,EMP0825,2025-03-01 00:00:00,22,20,1,1,4.6
ATT009892,EMP0825,2025-04-01 00:00:00,23,21,0,2,4.5
ATT009893,EMP0825,2025-05-01 00:00:00,22,17,0,5,14.5
ATT009894,EMP0825,2025-06-01 00:00:00,22,22,0,0,19.7
ATT009895,EMP0825,2025-07-01 00:00:00,22,22,0,0,8.6
ATT009896,EMP0825,2025-08-01 00:00:00,23,17,1,5,16.6
ATT009897,EMP0825,2025-09-01 00:00:00,20,15,2,3,12.4
ATT009898,EMP0825,2025-10-01 00:00:00,21,19,0,2,12.6
ATT009899,EMP0825,2025-11-01 00:00:00,22,19,2,1,7
ATT009900,EMP0825,2025-12-01 00:00:00,22,18,2,2,5
ATT009901,EMP0826,2025-01-01 00:00:00,22,21,0,1,0.4
ATT009902,EMP0826,2025-02-01 00:00:00,22,20,0,2,14.5
ATT009903,EMP0826,2025-03-01 00:00:00,22,21,1,0,3.4
ATT009904,EMP0826,2025-04-01 00:00:00,22,20,0,2,0
ATT009905,EMP0826,2025-05-01 00:00:00,22,19,1,2,0.1
ATT009906,EMP0826,2025-06-01 00:00:00,21,19,0,2,6.2
ATT009907,EMP0826,2025-07-01 00:00:00,21,18,1,2,2.1
ATT009908,EMP0826,2025-08-01 00:00:00,23,17,1,5,15.6
ATT009909,EMP0826,2025-09-01 00:00:00,22,18,2,2,8.3
ATT009910,EMP0826,2025-10-01 00:00:00,22,21,0,1,7
ATT009911,EMP0826,2025-11-01 00:00:00,22,20,2,0,13.2
ATT009912,EMP0826,2025-12-01 00:00:00,23,21,0,2,9.1
ATT009913,EMP0827,2025-01-01 00:00:00,22,21,0,1,9.6
ATT009914,EMP0827,2025-02-01 00:00:00,21,21,0,0,2.1
ATT009915,EMP0827,2025-03-01 00:00:00,20,17,0,3,9.6
ATT009916,EMP0827,2025-04-01 00:00:00,21,16,0,5,12
ATT009917,EMP0827,2025-05-01 00:00:00,22,17,0,5,5.1
ATT009918,EMP0827,2025-06-01 00:00:00,23,18,2,3,0.7
ATT009919,EMP0827,2025-07-01 00:00:00,22,18,2,2,15.2
ATT009920,EMP0827,2025-08-01 00:00:00,22,16,2,4,2.6
ATT009921,EMP0827,2025-09-01 00:00:00,22,17,1,4,7.9
ATT009922,EMP0827,2025-10-01 00:00:00,21,18,0,3,11.2
ATT009923,EMP0827,2025-11-01 00:00:00,22,21,0,1,0
ATT009924,EMP0827,2025-12-01 00:00:00,23,22,0,1,14.3
ATT009925,EMP0828,2025-01-01 00:00:00,23,22,0,1,4.1
ATT009926,EMP0828,2025-02-01 00:00:00,22,19,2,1,11.7
ATT009927,EMP0828,2025-03-01 00:00:00,22,16,3,3,4.5
ATT009928,EMP0828,2025-04-01 00:00:00,21,19,1,1,4.5
ATT009929,EMP0828,2025-05-01 00:00:00,21,19,0,2,11.4
ATT009930,EMP0828,2025-06-01 00:00:00,20,14,3,3,3.4
ATT009931,EMP0828,2025-07-01 00:00:00,23,19,2,2,9.7
ATT009932,EMP0828,2025-08-01 00:00:00,22,20,1,1,2
ATT009933,EMP0828,2025-09-01 00:00:00,21,18,2,1,17.4
ATT009934,EMP0828,2025-10-01 00:00:00,23,20,2,1,8
ATT009935,EMP0828,2025-11-01 00:00:00,22,20,1,1,6.6
ATT009936,EMP0828,2025-12-01 00:00:00,21,18,1,2,10.5
ATT009937,EMP0829,2025-01-01 00:00:00,21,15,1,5,10.4
ATT009938,EMP0829,2025-02-01 00:00:00,21,15,1,5,7.6
ATT009939,EMP0829,2025-03-01 00:00:00,22,22,0,0,6.3
ATT009940,EMP0829,2025-04-01 00:00:00,20,17,2,1,7.8
ATT009941,EMP0829,2025-05-01 00:00:00,21,17,2,2,11.4
ATT009942,EMP0829,2025-06-01 00:00:00,21,18,1,2,1.5
ATT009943,EMP0829,2025-07-01 00:00:00,22,21,0,1,8.6
ATT009944,EMP0829,2025-08-01 00:00:00,21,19,1,1,6.7
ATT009945,EMP0829,2025-09-01 00:00:00,22,19,2,1,7.3
ATT009946,EMP0829,2025-10-01 00:00:00,22,18,0,4,11.4
ATT009947,EMP0829,2025-11-01 00:00:00,21,20,0,1,8.6
ATT009948,EMP0829,2025-12-01 00:00:00,22,21,0,1,0
ATT009949,EMP0830,2025-01-01 00:00:00,23,20,0,3,6.4
ATT009950,EMP0830,2025-02-01 00:00:00,22,21,0,1,19.5
ATT009951,EMP0830,2025-03-01 00:00:00,22,21,1,0,3.6
ATT009952,EMP0830,2025-04-01 00:00:00,21,16,1,4,6.4
ATT009953,EMP0830,2025-05-01 00:00:00,23,21,0,2,21.3
ATT009954,EMP0830,2025-06-01 00:00:00,20,19,0,1,7.2
ATT009955,EMP0830,2025-07-01 00:00:00,21,19,2,0,5
ATT009956,EMP0830,2025-08-01 00:00:00,21,21,0,0,8.1
ATT009957,EMP0830,2025-09-01 00:00:00,21,18,1,2,2
ATT009958,EMP0830,2025-10-01 00:00:00,20,17,0,3,2.6
ATT009959,EMP0830,2025-11-01 00:00:00,22,21,0,1,13.1
ATT009960,EMP0830,2025-12-01 00:00:00,22,20,0,2,1.4
ATT009961,EMP0831,2025-01-01 00:00:00,22,20,0,2,0
ATT009962,EMP0831,2025-02-01 00:00:00,20,15,3,2,6.2
ATT009963,EMP0831,2025-03-01 00:00:00,22,18,2,2,8.8
ATT009964,EMP0831,2025-04-01 00:00:00,22,21,1,0,7.1
ATT009965,EMP0831,2025-05-01 00:00:00,22,17,3,2,5.4
ATT009966,EMP0831,2025-06-01 00:00:00,23,20,0,3,14.3
ATT009967,EMP0831,2025-07-01 00:00:00,21,20,1,0,2.1
ATT009968,EMP0831,2025-08-01 00:00:00,22,19,2,1,15.8
ATT009969,EMP0831,2025-09-01 00:00:00,22,20,0,2,0.6
ATT009970,EMP0831,2025-10-01 00:00:00,22,20,0,2,10
ATT009971,EMP0831,2025-11-01 00:00:00,23,22,0,1,15.9
ATT009972,EMP0831,2025-12-01 00:00:00,21,20,0,1,2.8
ATT009973,EMP0832,2025-01-01 00:00:00,23,22,1,0,12.1
ATT009974,EMP0832,2025-02-01 00:00:00,21,16,1,4,8.9
ATT009975,EMP0832,2025-03-01 00:00:00,22,20,2,0,10.4
ATT009976,EMP0832,2025-04-01 00:00:00,20,17,0,3,5.6
ATT009977,EMP0832,2025-05-01 00:00:00,22,19,0,3,7.4
ATT009978,EMP0832,2025-06-01 00:00:00,20,15,2,3,14.8
ATT009979,EMP0832,2025-07-01 00:00:00,20,17,1,2,8.3
ATT009980,EMP0832,2025-08-01 00:00:00,21,19,0,2,0.8
ATT009981,EMP0832,2025-09-01 00:00:00,23,21,0,2,6.3
ATT009982,EMP0832,2025-10-01 00:00:00,23,22,0,1,13.2
ATT009983,EMP0832,2025-11-01 00:00:00,23,22,1,0,20.4
ATT009984,EMP0832,2025-12-01 00:00:00,21,19,0,2,6.9
ATT009985,EMP0833,2025-01-01 00:00:00,22,21,0,1,6.5
ATT009986,EMP0833,2025-02-01 00:00:00,22,19,0,3,6.7
ATT009987,EMP0833,2025-03-01 00:00:00,23,20,2,1,15.1
ATT009988,EMP0833,2025-04-01 00:00:00,21,18,1,2,5.2
ATT009989,EMP0833,2025-05-01 00:00:00,22,20,1,1,13.9
ATT009990,EMP0833,2025-06-01 00:00:00,21,20,0,1,10
ATT009991,EMP0833,2025-07-01 00:00:00,22,16,2,4,5.9
ATT009992,EMP0833,2025-08-01 00:00:00,21,20,0,1,15.3
ATT009993,EMP0833,2025-09-01 00:00:00,21,19,1,1,11.7
ATT009994,EMP0833,2025-10-01 00:00:00,20,15,2,3,12.2
ATT009995,EMP0833,2025-11-01 00:00:00,21,21,0,0,4.1
ATT009996,EMP0833,2025-12-01 00:00:00,22,21,1,0,1.5
ATT009997,EMP0834,2025-01-01 00:00:00,22,19,2,1,14.6
ATT009998,EMP0834,2025-02-01 00:00:00,20,16,2,2,0.7
ATT009999,EMP0834,2025-03-01 00:00:00,21,20,1,0,0
ATT010000,EMP0834,2025-04-01 00:00:00,22,19,2,1,11.8
ATT010001,EMP0834,2025-05-01 00:00:00,21,21,0,0,10.1
ATT010002,EMP0834,2025-06-01 00:00:00,22,19,0,3,4.1
ATT010003,EMP0834,2025-07-01 00:00:00,20,17,3,0,6.5
ATT010004,EMP0834,2025-08-01 00:00:00,23,23,0,0,13.4
ATT010005,EMP0834,2025-09-01 00:00:00,23,23,0,0,1.1
ATT010006,EMP0834,2025-10-01 00:00:00,21,16,0,5,2.7
ATT010007,EMP0834,2025-11-01 00:00:00,22,21,0,1,8.5
ATT010008,EMP0834,2025-12-01 00:00:00,22,20,1,1,8
ATT010009,EMP0835,2025-01-01 00:00:00,21,18,2,1,5.7
ATT010010,EMP0835,2025-02-01 00:00:00,21,17,1,3,9
ATT010011,EMP0835,2025-03-01 00:00:00,22,21,1,0,2.7
ATT010012,EMP0835,2025-04-01 00:00:00,23,20,0,3,20.6
ATT010013,EMP0835,2025-05-01 00:00:00,23,19,2,2,4.3
ATT010014,EMP0835,2025-06-01 00:00:00,21,18,0,3,9.8
ATT010015,EMP0835,2025-07-01 00:00:00,22,18,0,4,1.7
ATT010016,EMP0835,2025-08-01 00:00:00,22,21,0,1,10.1
ATT010017,EMP0835,2025-09-01 00:00:00,22,22,0,0,19
ATT010018,EMP0835,2025-10-01 00:00:00,20,18,1,1,0
ATT010019,EMP0835,2025-11-01 00:00:00,23,20,1,2,9.2
ATT010020,EMP0835,2025-12-01 00:00:00,22,21,0,1,6.9
ATT010021,EMP0836,2025-01-01 00:00:00,21,20,0,1,4.4
ATT010022,EMP0836,2025-02-01 00:00:00,22,19,2,1,3
ATT010023,EMP0836,2025-03-01 00:00:00,21,19,1,1,0
ATT010024,EMP0836,2025-04-01 00:00:00,21,16,1,4,10.4
ATT010025,EMP0836,2025-05-01 00:00:00,21,16,3,2,7.5
ATT010026,EMP0836,2025-06-01 00:00:00,22,19,0,3,13.2
ATT010027,EMP0836,2025-07-01 00:00:00,20,18,0,2,10.9
ATT010028,EMP0836,2025-08-01 00:00:00,23,20,1,2,4.8
ATT010029,EMP0836,2025-09-01 00:00:00,21,19,1,1,8.5
ATT010030,EMP0836,2025-10-01 00:00:00,22,21,1,0,3.2
ATT010031,EMP0836,2025-11-01 00:00:00,21,21,0,0,13
ATT010032,EMP0836,2025-12-01 00:00:00,21,17,1,3,4.5
ATT010033,EMP0837,2025-01-01 00:00:00,23,19,0,4,8.7
ATT010034,EMP0837,2025-02-01 00:00:00,21,19,1,1,3.8
ATT010035,EMP0837,2025-03-01 00:00:00,21,19,0,2,8.1
ATT010036,EMP0837,2025-04-01 00:00:00,22,21,0,1,1.2
ATT010037,EMP0837,2025-05-01 00:00:00,20,18,1,1,9.3
ATT010038,EMP0837,2025-06-01 00:00:00,21,20,0,1,9.9
ATT010039,EMP0837,2025-07-01 00:00:00,22,21,0,1,0
ATT010040,EMP0837,2025-08-01 00:00:00,21,17,1,3,7.7
ATT010041,EMP0837,2025-09-01 00:00:00,21,19,1,1,12.9
ATT010042,EMP0837,2025-10-01 00:00:00,23,23,0,0,3.3
ATT010043,EMP0837,2025-11-01 00:00:00,22,21,0,1,7.6
ATT010044,EMP0837,2025-12-01 00:00:00,21,20,0,1,9.8
ATT010045,EMP0838,2025-01-01 00:00:00,23,20,1,2,14
ATT010046,EMP0838,2025-02-01 00:00:00,22,18,0,4,12.5
ATT010047,EMP0838,2025-03-01 00:00:00,22,21,0,1,13.3
ATT010048,EMP0838,2025-04-01 00:00:00,22,16,3,3,16.3
ATT010049,EMP0838,2025-05-01 00:00:00,22,21,0,1,8.7
ATT010050,EMP0838,2025-06-01 00:00:00,22,19,1,2,0
ATT010051,EMP0838,2025-07-01 00:00:00,20,18,2,0,20.5
ATT010052,EMP0838,2025-08-01 00:00:00,21,21,0,0,9.9
ATT010053,EMP0838,2025-09-01 00:00:00,21,21,0,0,8.6
ATT010054,EMP0838,2025-10-01 00:00:00,20,18,0,2,0.6
ATT010055,EMP0838,2025-11-01 00:00:00,20,19,1,0,10.3
ATT010056,EMP0838,2025-12-01 00:00:00,22,19,2,1,9.9
ATT010057,EMP0839,2025-01-01 00:00:00,22,19,1,2,4.3
ATT010058,EMP0839,2025-02-01 00:00:00,22,21,0,1,1.3
ATT010059,EMP0839,2025-03-01 00:00:00,21,20,1,0,7.3
ATT010060,EMP0839,2025-04-01 00:00:00,23,21,1,1,9.2
ATT010061,EMP0839,2025-05-01 00:00:00,23,22,0,1,0.9
ATT010062,EMP0839,2025-06-01 00:00:00,22,22,0,0,4.3
ATT010063,EMP0839,2025-07-01 00:00:00,22,22,0,0,12.1
ATT010064,EMP0839,2025-08-01 00:00:00,22,20,2,0,7.2
ATT010065,EMP0839,2025-09-01 00:00:00,23,22,1,0,6.7
ATT010066,EMP0839,2025-10-01 00:00:00,21,21,0,0,9.4
ATT010067,EMP0839,2025-11-01 00:00:00,21,20,0,1,9.4
ATT010068,EMP0839,2025-12-01 00:00:00,22,18,1,3,4.3
ATT010069,EMP0840,2025-01-01 00:00:00,20,16,1,3,3.2
ATT010070,EMP0840,2025-02-01 00:00:00,20,19,0,1,15.2
ATT010071,EMP0840,2025-03-01 00:00:00,22,22,0,0,0
ATT010072,EMP0840,2025-04-01 00:00:00,22,21,1,0,12
ATT010073,EMP0840,2025-05-01 00:00:00,22,19,0,3,18.7
ATT010074,EMP0840,2025-06-01 00:00:00,22,22,0,0,10
ATT010075,EMP0840,2025-07-01 00:00:00,22,22,0,0,7.9
ATT010076,EMP0840,2025-08-01 00:00:00,22,18,2,2,3
ATT010077,EMP0840,2025-09-01 00:00:00,20,19,1,0,10.1
ATT010078,EMP0840,2025-10-01 00:00:00,21,18,1,2,6
ATT010079,EMP0840,2025-11-01 00:00:00,21,17,2,2,0
ATT010080,EMP0840,2025-12-01 00:00:00,22,17,1,4,0
ATT010081,EMP0841,2025-01-01 00:00:00,23,21,2,0,6.7
ATT010082,EMP0841,2025-02-01 00:00:00,22,16,2,4,3.8
ATT010083,EMP0841,2025-03-01 00:00:00,23,23,0,0,9.1
ATT010084,EMP0841,2025-04-01 00:00:00,21,21,0,0,6.2
ATT010085,EMP0841,2025-05-01 00:00:00,23,23,0,0,8.5
ATT010086,EMP0841,2025-06-01 00:00:00,21,17,2,2,13.2
ATT010087,EMP0841,2025-07-01 00:00:00,21,15,2,4,1.5
ATT010088,EMP0841,2025-08-01 00:00:00,23,22,0,1,13.9
ATT010089,EMP0841,2025-09-01 00:00:00,20,19,0,1,15.7
ATT010090,EMP0841,2025-10-01 00:00:00,20,18,2,0,18.2
ATT010091,EMP0841,2025-11-01 00:00:00,23,23,0,0,5.7
ATT010092,EMP0841,2025-12-01 00:00:00,21,20,0,1,5.9
ATT010093,EMP0842,2025-01-01 00:00:00,22,19,2,1,0.4
ATT010094,EMP0842,2025-02-01 00:00:00,22,18,1,3,18.7
ATT010095,EMP0842,2025-03-01 00:00:00,23,18,2,3,14.8
ATT010096,EMP0842,2025-04-01 00:00:00,21,19,1,1,16
ATT010097,EMP0842,2025-05-01 00:00:00,23,21,1,1,19.7
ATT010098,EMP0842,2025-06-01 00:00:00,22,18,2,2,13
ATT010099,EMP0842,2025-07-01 00:00:00,22,20,0,2,2.2
ATT010100,EMP0842,2025-08-01 00:00:00,22,17,3,2,0
ATT010101,EMP0842,2025-09-01 00:00:00,22,15,2,5,14.8
ATT010102,EMP0842,2025-10-01 00:00:00,22,20,1,1,0
ATT010103,EMP0842,2025-11-01 00:00:00,23,21,2,0,10.8
ATT010104,EMP0842,2025-12-01 00:00:00,22,19,0,3,0
ATT010105,EMP0843,2025-01-01 00:00:00,21,20,0,1,5.7
ATT010106,EMP0843,2025-02-01 00:00:00,21,19,1,1,8.2
ATT010107,EMP0843,2025-03-01 00:00:00,21,19,1,1,13.1
ATT010108,EMP0843,2025-04-01 00:00:00,22,21,0,1,9
ATT010109,EMP0843,2025-05-01 00:00:00,22,18,0,4,8.5
ATT010110,EMP0843,2025-06-01 00:00:00,22,20,0,2,0
ATT010111,EMP0843,2025-07-01 00:00:00,20,17,3,0,10.9
ATT010112,EMP0843,2025-08-01 00:00:00,21,19,1,1,3.5
ATT010113,EMP0843,2025-09-01 00:00:00,21,19,1,1,18.9
ATT010114,EMP0843,2025-10-01 00:00:00,22,22,0,0,5.8
ATT010115,EMP0843,2025-11-01 00:00:00,21,19,0,2,0
ATT010116,EMP0843,2025-12-01 00:00:00,22,20,1,1,8.9
ATT010117,EMP0844,2025-01-01 00:00:00,23,23,0,0,7.4
ATT010118,EMP0844,2025-02-01 00:00:00,22,20,0,2,8
ATT010119,EMP0844,2025-03-01 00:00:00,22,21,0,1,11.4
ATT010120,EMP0844,2025-04-01 00:00:00,23,23,0,0,0
ATT010121,EMP0844,2025-05-01 00:00:00,21,17,1,3,21.5
ATT010122,EMP0844,2025-06-01 00:00:00,23,21,2,0,18.3
ATT010123,EMP0844,2025-07-01 00:00:00,21,21,0,0,19.5
ATT010124,EMP0844,2025-08-01 00:00:00,22,18,1,3,2.6
ATT010125,EMP0844,2025-09-01 00:00:00,22,19,1,2,8.9
ATT010126,EMP0844,2025-10-01 00:00:00,21,18,0,3,8.2
ATT010127,EMP0844,2025-11-01 00:00:00,21,19,0,2,10
ATT010128,EMP0844,2025-12-01 00:00:00,20,18,1,1,4.3
ATT010129,EMP0845,2025-01-01 00:00:00,22,19,0,3,7
ATT010130,EMP0845,2025-02-01 00:00:00,21,20,0,1,4.2
ATT010131,EMP0845,2025-03-01 00:00:00,23,20,1,2,13.6
ATT010132,EMP0845,2025-04-01 00:00:00,21,17,3,1,12.9
ATT010133,EMP0845,2025-05-01 00:00:00,22,21,0,1,18
ATT010134,EMP0845,2025-06-01 00:00:00,23,21,1,1,6.9
ATT010135,EMP0845,2025-07-01 00:00:00,22,18,1,3,13.2
ATT010136,EMP0845,2025-08-01 00:00:00,23,21,0,2,13.4
ATT010137,EMP0845,2025-09-01 00:00:00,22,21,1,0,7.1
ATT010138,EMP0845,2025-10-01 00:00:00,22,22,0,0,0
ATT010139,EMP0845,2025-11-01 00:00:00,20,19,0,1,20.9
ATT010140,EMP0845,2025-12-01 00:00:00,22,17,1,4,6.9
ATT010141,EMP0846,2025-01-01 00:00:00,22,19,2,1,9.2
ATT010142,EMP0846,2025-02-01 00:00:00,21,16,1,4,13.5
ATT010143,EMP0846,2025-03-01 00:00:00,21,17,0,4,5.4
ATT010144,EMP0846,2025-04-01 00:00:00,22,20,0,2,0
ATT010145,EMP0846,2025-05-01 00:00:00,20,16,1,3,14.2
ATT010146,EMP0846,2025-06-01 00:00:00,22,20,2,0,12.7
ATT010147,EMP0846,2025-07-01 00:00:00,23,19,3,1,1.5
ATT010148,EMP0846,2025-08-01 00:00:00,22,20,1,1,10.8
ATT010149,EMP0846,2025-09-01 00:00:00,22,19,1,2,3.2
ATT010150,EMP0846,2025-10-01 00:00:00,20,18,2,0,12.8
ATT010151,EMP0846,2025-11-01 00:00:00,22,18,0,4,2.3
ATT010152,EMP0846,2025-12-01 00:00:00,23,23,0,0,17.4
ATT010153,EMP0847,2025-01-01 00:00:00,22,20,1,1,6.3
ATT010154,EMP0847,2025-02-01 00:00:00,22,19,0,3,6.4
ATT010155,EMP0847,2025-03-01 00:00:00,22,19,1,2,2.2
ATT010156,EMP0847,2025-04-01 00:00:00,22,20,0,2,6.2
ATT010157,EMP0847,2025-05-01 00:00:00,21,19,1,1,18.2
ATT010158,EMP0847,2025-06-01 00:00:00,23,20,3,0,13.2
ATT010159,EMP0847,2025-07-01 00:00:00,21,18,1,2,7.8
ATT010160,EMP0847,2025-08-01 00:00:00,22,19,1,2,19.8
ATT010161,EMP0847,2025-09-01 00:00:00,23,20,0,3,1.1
ATT010162,EMP0847,2025-10-01 00:00:00,21,21,0,0,13.8
ATT010163,EMP0847,2025-11-01 00:00:00,20,20,0,0,19.8
ATT010164,EMP0847,2025-12-01 00:00:00,20,16,3,1,5
ATT010165,EMP0848,2025-01-01 00:00:00,21,17,1,3,0
ATT010166,EMP0848,2025-02-01 00:00:00,21,18,1,2,12.9
ATT010167,EMP0848,2025-03-01 00:00:00,22,20,1,1,13.2
ATT010168,EMP0848,2025-04-01 00:00:00,22,19,0,3,7.1
ATT010169,EMP0848,2025-05-01 00:00:00,21,20,0,1,5.2
ATT010170,EMP0848,2025-06-01 00:00:00,21,19,0,2,7
ATT010171,EMP0848,2025-07-01 00:00:00,21,21,0,0,0.5
ATT010172,EMP0848,2025-08-01 00:00:00,22,22,0,0,12.9
ATT010173,EMP0848,2025-09-01 00:00:00,22,19,2,1,4.9
ATT010174,EMP0848,2025-10-01 00:00:00,21,19,1,1,9.5
ATT010175,EMP0848,2025-11-01 00:00:00,20,19,1,0,6.2
ATT010176,EMP0848,2025-12-01 00:00:00,22,19,1,2,0
ATT010177,EMP0849,2025-01-01 00:00:00,22,16,1,5,10.6
ATT010178,EMP0849,2025-02-01 00:00:00,23,20,0,3,9.9
ATT010179,EMP0849,2025-03-01 00:00:00,22,19,2,1,8.8
ATT010180,EMP0849,2025-04-01 00:00:00,22,19,1,2,2.1
ATT010181,EMP0849,2025-05-01 00:00:00,21,17,3,1,8
ATT010182,EMP0849,2025-06-01 00:00:00,22,19,1,2,17.2
ATT010183,EMP0849,2025-07-01 00:00:00,21,18,0,3,3.8
ATT010184,EMP0849,2025-08-01 00:00:00,22,19,1,2,12.7
ATT010185,EMP0849,2025-09-01 00:00:00,21,19,1,1,7.7
ATT010186,EMP0849,2025-10-01 00:00:00,21,21,0,0,3.3
ATT010187,EMP0849,2025-11-01 00:00:00,21,16,1,4,18.1
ATT010188,EMP0849,2025-12-01 00:00:00,22,20,0,2,3.4
ATT010189,EMP0850,2025-01-01 00:00:00,22,20,1,1,0.9
ATT010190,EMP0850,2025-02-01 00:00:00,21,20,0,1,5.6
ATT010191,EMP0850,2025-03-01 00:00:00,20,17,2,1,10.9
ATT010192,EMP0850,2025-04-01 00:00:00,22,22,0,0,7.5
ATT010193,EMP0850,2025-05-01 00:00:00,23,20,0,3,2.7
ATT010194,EMP0850,2025-06-01 00:00:00,22,18,2,2,6.8
ATT010195,EMP0850,2025-07-01 00:00:00,21,16,2,3,0.5
ATT010196,EMP0850,2025-08-01 00:00:00,22,20,0,2,4.2
ATT010197,EMP0850,2025-09-01 00:00:00,23,20,0,3,0
ATT010198,EMP0850,2025-10-01 00:00:00,22,22,0,0,11.2
ATT010199,EMP0850,2025-11-01 00:00:00,22,17,2,3,6.8
ATT010200,EMP0850,2025-12-01 00:00:00,23,21,1,1,0
ATT010201,EMP0851,2025-01-01 00:00:00,21,18,1,2,0
ATT010202,EMP0851,2025-02-01 00:00:00,20,18,0,2,11.4
ATT010203,EMP0851,2025-03-01 00:00:00,22,16,2,4,21
ATT010204,EMP0851,2025-04-01 00:00:00,20,16,2,2,1.5
ATT010205,EMP0851,2025-05-01 00:00:00,22,21,0,1,3.7
ATT010206,EMP0851,2025-06-01 00:00:00,21,21,0,0,15.2
ATT010207,EMP0851,2025-07-01 00:00:00,21,14,3,4,6
ATT010208,EMP0851,2025-08-01 00:00:00,21,19,1,1,10.7
ATT010209,EMP0851,2025-09-01 00:00:00,22,18,2,2,0.8
ATT010210,EMP0851,2025-10-01 00:00:00,23,20,3,0,2.3
ATT010211,EMP0851,2025-11-01 00:00:00,22,20,1,1,16.6
ATT010212,EMP0851,2025-12-01 00:00:00,23,21,1,1,9.7
ATT010213,EMP0852,2025-01-01 00:00:00,22,16,2,4,22.8
ATT010214,EMP0852,2025-02-01 00:00:00,22,17,0,5,14
ATT010215,EMP0852,2025-03-01 00:00:00,22,19,1,2,7.5
ATT010216,EMP0852,2025-04-01 00:00:00,23,22,0,1,0
ATT010217,EMP0852,2025-05-01 00:00:00,23,21,1,1,1.9
ATT010218,EMP0852,2025-06-01 00:00:00,22,21,0,1,15
ATT010219,EMP0852,2025-07-01 00:00:00,22,19,1,2,2
ATT010220,EMP0852,2025-08-01 00:00:00,21,17,0,4,6.9
ATT010221,EMP0852,2025-09-01 00:00:00,21,18,0,3,3.7
ATT010222,EMP0852,2025-10-01 00:00:00,22,19,2,1,0.7
ATT010223,EMP0852,2025-11-01 00:00:00,22,21,0,1,9
ATT010224,EMP0852,2025-12-01 00:00:00,22,22,0,0,5.8
ATT010225,EMP0853,2025-01-01 00:00:00,22,21,0,1,12.7
ATT010226,EMP0853,2025-02-01 00:00:00,21,18,0,3,6.3
ATT010227,EMP0853,2025-03-01 00:00:00,22,20,1,1,2.9
ATT010228,EMP0853,2025-04-01 00:00:00,21,18,1,2,0
ATT010229,EMP0853,2025-05-01 00:00:00,22,21,0,1,5.2
ATT010230,EMP0853,2025-06-01 00:00:00,21,17,3,1,13.9
ATT010231,EMP0853,2025-07-01 00:00:00,22,20,1,1,0.2
ATT010232,EMP0853,2025-08-01 00:00:00,23,23,0,0,15.6
ATT010233,EMP0853,2025-09-01 00:00:00,23,20,1,2,4.9
ATT010234,EMP0853,2025-10-01 00:00:00,21,15,1,5,9.9
ATT010235,EMP0853,2025-11-01 00:00:00,21,21,0,0,7.5
ATT010236,EMP0853,2025-12-01 00:00:00,21,18,2,1,10.5
ATT010237,EMP0854,2025-01-01 00:00:00,22,21,0,1,0
ATT010238,EMP0854,2025-02-01 00:00:00,22,19,1,2,8
ATT010239,EMP0854,2025-03-01 00:00:00,22,19,2,1,12
ATT010240,EMP0854,2025-04-01 00:00:00,22,20,1,1,8.8
ATT010241,EMP0854,2025-05-01 00:00:00,22,20,2,0,9.8
ATT010242,EMP0854,2025-06-01 00:00:00,22,20,1,1,11.1
ATT010243,EMP0854,2025-07-01 00:00:00,23,20,0,3,1.7
ATT010244,EMP0854,2025-08-01 00:00:00,22,22,0,0,0.7
ATT010245,EMP0854,2025-09-01 00:00:00,22,20,1,1,5.9
ATT010246,EMP0854,2025-10-01 00:00:00,21,20,1,0,5.7
ATT010247,EMP0854,2025-11-01 00:00:00,21,20,0,1,4.7
ATT010248,EMP0854,2025-12-01 00:00:00,22,15,2,5,8.7
ATT010249,EMP0855,2025-01-01 00:00:00,22,21,1,0,10.8
ATT010250,EMP0855,2025-02-01 00:00:00,21,16,0,5,10.2
ATT010251,EMP0855,2025-03-01 00:00:00,21,18,0,3,1.5
ATT010252,EMP0855,2025-04-01 00:00:00,22,20,2,0,12.6
ATT010253,EMP0855,2025-05-01 00:00:00,22,17,0,5,4.2
ATT010254,EMP0855,2025-06-01 00:00:00,22,22,0,0,13.5
ATT010255,EMP0855,2025-07-01 00:00:00,22,22,0,0,7.1
ATT010256,EMP0855,2025-08-01 00:00:00,21,19,2,0,0
ATT010257,EMP0855,2025-09-01 00:00:00,21,18,2,1,8.8
ATT010258,EMP0855,2025-10-01 00:00:00,21,21,0,0,4.2
ATT010259,EMP0855,2025-11-01 00:00:00,22,21,1,0,5.7
ATT010260,EMP0855,2025-12-01 00:00:00,22,22,0,0,2.9
ATT010261,EMP0856,2025-01-01 00:00:00,21,18,2,1,12.2
ATT010262,EMP0856,2025-02-01 00:00:00,21,19,1,1,0
ATT010263,EMP0856,2025-03-01 00:00:00,22,18,1,3,0
ATT010264,EMP0856,2025-04-01 00:00:00,21,21,0,0,14.5
ATT010265,EMP0856,2025-05-01 00:00:00,22,19,0,3,10
ATT010266,EMP0856,2025-06-01 00:00:00,23,19,1,3,11.2
ATT010267,EMP0856,2025-07-01 00:00:00,22,20,2,0,1.4
ATT010268,EMP0856,2025-08-01 00:00:00,22,20,2,0,6.2
ATT010269,EMP0856,2025-09-01 00:00:00,22,20,1,1,12.5
ATT010270,EMP0856,2025-10-01 00:00:00,23,18,3,2,17.4
ATT010271,EMP0856,2025-11-01 00:00:00,23,21,2,0,8.5
ATT010272,EMP0856,2025-12-01 00:00:00,21,19,2,0,11.7
ATT010273,EMP0857,2025-01-01 00:00:00,22,21,0,1,13.5
ATT010274,EMP0857,2025-02-01 00:00:00,23,22,0,1,5.4
ATT010275,EMP0857,2025-03-01 00:00:00,21,17,2,2,10.5
ATT010276,EMP0857,2025-04-01 00:00:00,21,19,2,0,5.5
ATT010277,EMP0857,2025-05-01 00:00:00,20,17,1,2,8.1
ATT010278,EMP0857,2025-06-01 00:00:00,21,13,3,5,14.7
ATT010279,EMP0857,2025-07-01 00:00:00,23,21,1,1,0
ATT010280,EMP0857,2025-08-01 00:00:00,20,17,0,3,1
ATT010281,EMP0857,2025-09-01 00:00:00,22,21,0,1,17
ATT010282,EMP0857,2025-10-01 00:00:00,21,15,2,4,7.1
ATT010283,EMP0857,2025-11-01 00:00:00,23,20,2,1,13.9
ATT010284,EMP0857,2025-12-01 00:00:00,21,19,0,2,8.2
ATT010285,EMP0858,2025-01-01 00:00:00,22,19,1,2,1.7
ATT010286,EMP0858,2025-02-01 00:00:00,21,20,1,0,7.5
ATT010287,EMP0858,2025-03-01 00:00:00,20,16,0,4,2.3
ATT010288,EMP0858,2025-04-01 00:00:00,22,19,1,2,8
ATT010289,EMP0858,2025-05-01 00:00:00,20,17,2,1,0
ATT010290,EMP0858,2025-06-01 00:00:00,23,23,0,0,19.2
ATT010291,EMP0858,2025-07-01 00:00:00,21,16,2,3,5.7
ATT010292,EMP0858,2025-08-01 00:00:00,23,20,0,3,0
ATT010293,EMP0858,2025-09-01 00:00:00,21,17,1,3,7.9
ATT010294,EMP0858,2025-10-01 00:00:00,22,21,0,1,7.8
ATT010295,EMP0858,2025-11-01 00:00:00,23,23,0,0,11.7
ATT010296,EMP0858,2025-12-01 00:00:00,21,20,1,0,16.9
ATT010297,EMP0859,2025-01-01 00:00:00,21,15,3,3,2.4
ATT010298,EMP0859,2025-02-01 00:00:00,22,20,0,2,13
ATT010299,EMP0859,2025-03-01 00:00:00,21,16,0,5,7.1
ATT010300,EMP0859,2025-04-01 00:00:00,21,16,2,3,13.3
ATT010301,EMP0859,2025-05-01 00:00:00,21,17,1,3,10.3
ATT010302,EMP0859,2025-06-01 00:00:00,23,20,0,3,11.2
ATT010303,EMP0859,2025-07-01 00:00:00,22,20,2,0,5.9
ATT010304,EMP0859,2025-08-01 00:00:00,21,16,0,5,16.6
ATT010305,EMP0859,2025-09-01 00:00:00,20,19,0,1,10.8
ATT010306,EMP0859,2025-10-01 00:00:00,22,19,0,3,24
ATT010307,EMP0859,2025-11-01 00:00:00,22,19,1,2,6.7
ATT010308,EMP0859,2025-12-01 00:00:00,21,19,0,2,0
ATT010309,EMP0860,2025-01-01 00:00:00,23,17,3,3,8.9
ATT010310,EMP0860,2025-02-01 00:00:00,23,22,0,1,17.1
ATT010311,EMP0860,2025-03-01 00:00:00,22,22,0,0,2.9
ATT010312,EMP0860,2025-04-01 00:00:00,22,22,0,0,20.7
ATT010313,EMP0860,2025-05-01 00:00:00,22,20,1,1,8.3
ATT010314,EMP0860,2025-06-01 00:00:00,21,20,0,1,19.6
ATT010315,EMP0860,2025-07-01 00:00:00,21,18,2,1,3.1
ATT010316,EMP0860,2025-08-01 00:00:00,21,19,0,2,14.8
ATT010317,EMP0860,2025-09-01 00:00:00,22,19,0,3,11
ATT010318,EMP0860,2025-10-01 00:00:00,21,19,1,1,0.5
ATT010319,EMP0860,2025-11-01 00:00:00,22,19,0,3,7.4
ATT010320,EMP0860,2025-12-01 00:00:00,22,19,0,3,0.8
ATT010321,EMP0861,2025-01-01 00:00:00,22,20,2,0,0
ATT010322,EMP0861,2025-02-01 00:00:00,22,20,2,0,25.3
ATT010323,EMP0861,2025-03-01 00:00:00,22,22,0,0,7.6
ATT010324,EMP0861,2025-04-01 00:00:00,21,17,0,4,0
ATT010325,EMP0861,2025-05-01 00:00:00,21,16,0,5,13.5
ATT010326,EMP0861,2025-06-01 00:00:00,21,19,2,0,1.1
ATT010327,EMP0861,2025-07-01 00:00:00,22,22,0,0,17.6
ATT010328,EMP0861,2025-08-01 00:00:00,22,19,0,3,14.7
ATT010329,EMP0861,2025-09-01 00:00:00,21,19,1,1,11.3
ATT010330,EMP0861,2025-10-01 00:00:00,20,15,1,4,0
ATT010331,EMP0861,2025-11-01 00:00:00,21,20,1,0,6.3
ATT010332,EMP0861,2025-12-01 00:00:00,22,20,1,1,2.9
ATT010333,EMP0862,2025-01-01 00:00:00,21,18,0,3,20.6
ATT010334,EMP0862,2025-02-01 00:00:00,21,18,1,2,2.7
ATT010335,EMP0862,2025-03-01 00:00:00,22,16,3,3,1
ATT010336,EMP0862,2025-04-01 00:00:00,21,19,0,2,2.9
ATT010337,EMP0862,2025-05-01 00:00:00,22,22,0,0,11.4
ATT010338,EMP0862,2025-06-01 00:00:00,22,18,1,3,6.9
ATT010339,EMP0862,2025-07-01 00:00:00,23,22,0,1,1.5
ATT010340,EMP0862,2025-08-01 00:00:00,21,18,0,3,8.7
ATT010341,EMP0862,2025-09-01 00:00:00,21,16,2,3,10.4
ATT010342,EMP0862,2025-10-01 00:00:00,22,20,1,1,6.3
ATT010343,EMP0862,2025-11-01 00:00:00,20,14,2,4,2.5
ATT010344,EMP0862,2025-12-01 00:00:00,21,21,0,0,9.1
ATT010345,EMP0863,2025-01-01 00:00:00,21,18,0,3,15.4
ATT010346,EMP0863,2025-02-01 00:00:00,22,19,0,3,11.1
ATT010347,EMP0863,2025-03-01 00:00:00,20,18,1,1,5.4
ATT010348,EMP0863,2025-04-01 00:00:00,21,21,0,0,22.6
ATT010349,EMP0863,2025-05-01 00:00:00,23,22,1,0,3.5
ATT010350,EMP0863,2025-06-01 00:00:00,21,19,0,2,10.1
ATT010351,EMP0863,2025-07-01 00:00:00,20,18,1,1,10.9
ATT010352,EMP0863,2025-08-01 00:00:00,22,22,0,0,4
ATT010353,EMP0863,2025-09-01 00:00:00,20,17,1,2,7.8
ATT010354,EMP0863,2025-10-01 00:00:00,20,15,0,5,5.8
ATT010355,EMP0863,2025-11-01 00:00:00,23,21,1,1,0
ATT010356,EMP0863,2025-12-01 00:00:00,22,22,0,0,8.3
ATT010357,EMP0864,2025-01-01 00:00:00,22,18,1,3,10.8
ATT010358,EMP0864,2025-02-01 00:00:00,21,19,1,1,6.8
ATT010359,EMP0864,2025-03-01 00:00:00,22,20,2,0,3.5
ATT010360,EMP0864,2025-04-01 00:00:00,22,21,0,1,6.1
ATT010361,EMP0864,2025-05-01 00:00:00,22,19,1,2,13
ATT010362,EMP0864,2025-06-01 00:00:00,22,21,1,0,19.7
ATT010363,EMP0864,2025-07-01 00:00:00,21,19,1,1,16.1
ATT010364,EMP0864,2025-08-01 00:00:00,22,21,0,1,7.7
ATT010365,EMP0864,2025-09-01 00:00:00,22,19,1,2,9.5
ATT010366,EMP0864,2025-10-01 00:00:00,22,19,1,2,2.5
ATT010367,EMP0864,2025-11-01 00:00:00,22,21,0,1,9.8
ATT010368,EMP0864,2025-12-01 00:00:00,22,22,0,0,23.1
ATT010369,EMP0865,2025-01-01 00:00:00,22,21,0,1,8.5
ATT010370,EMP0865,2025-02-01 00:00:00,22,20,1,1,3.8
ATT010371,EMP0865,2025-03-01 00:00:00,21,21,0,0,4.8
ATT010372,EMP0865,2025-04-01 00:00:00,21,18,2,1,0
ATT010373,EMP0865,2025-05-01 00:00:00,21,20,0,1,8.1
ATT010374,EMP0865,2025-06-01 00:00:00,23,18,2,3,11.6
ATT010375,EMP0865,2025-07-01 00:00:00,22,21,0,1,9.3
ATT010376,EMP0865,2025-08-01 00:00:00,21,18,0,3,16.3
ATT010377,EMP0865,2025-09-01 00:00:00,20,15,1,4,0.5
ATT010378,EMP0865,2025-10-01 00:00:00,21,19,1,1,15
ATT010379,EMP0865,2025-11-01 00:00:00,21,21,0,0,9.1
ATT010380,EMP0865,2025-12-01 00:00:00,20,14,1,5,8.2
ATT010381,EMP0866,2025-01-01 00:00:00,22,21,0,1,14.8
ATT010382,EMP0866,2025-02-01 00:00:00,22,19,2,1,8
ATT010383,EMP0866,2025-03-01 00:00:00,21,19,1,1,19.1
ATT010384,EMP0866,2025-04-01 00:00:00,21,16,1,4,1.6
ATT010385,EMP0866,2025-05-01 00:00:00,22,22,0,0,6
ATT010386,EMP0866,2025-06-01 00:00:00,22,17,1,4,6
ATT010387,EMP0866,2025-07-01 00:00:00,22,20,0,2,16.2
ATT010388,EMP0866,2025-08-01 00:00:00,22,21,1,0,12.1
ATT010389,EMP0866,2025-09-01 00:00:00,22,18,1,3,3.6
ATT010390,EMP0866,2025-10-01 00:00:00,22,20,0,2,0
ATT010391,EMP0866,2025-11-01 00:00:00,22,20,1,1,2
ATT010392,EMP0866,2025-12-01 00:00:00,23,20,2,1,3.3
ATT010393,EMP0867,2025-01-01 00:00:00,21,20,0,1,13.5
ATT010394,EMP0867,2025-02-01 00:00:00,22,21,1,0,6.5
ATT010395,EMP0867,2025-03-01 00:00:00,20,18,0,2,9.3
ATT010396,EMP0867,2025-04-01 00:00:00,23,17,2,4,9
ATT010397,EMP0867,2025-05-01 00:00:00,20,16,1,3,10.4
ATT010398,EMP0867,2025-06-01 00:00:00,22,20,1,1,4.3
ATT010399,EMP0867,2025-07-01 00:00:00,22,21,0,1,14.5
ATT010400,EMP0867,2025-08-01 00:00:00,21,21,0,0,8.7
ATT010401,EMP0867,2025-09-01 00:00:00,22,17,1,4,0
ATT010402,EMP0867,2025-10-01 00:00:00,22,20,0,2,14.4
ATT010403,EMP0867,2025-11-01 00:00:00,21,21,0,0,20.2
ATT010404,EMP0867,2025-12-01 00:00:00,22,20,1,1,14.4
ATT010405,EMP0868,2025-01-01 00:00:00,22,20,1,1,7.1
ATT010406,EMP0868,2025-02-01 00:00:00,21,18,1,2,8.7
ATT010407,EMP0868,2025-03-01 00:00:00,21,19,1,1,11.6
ATT010408,EMP0868,2025-04-01 00:00:00,22,20,0,2,13.3
ATT010409,EMP0868,2025-05-01 00:00:00,22,16,2,4,6.3
ATT010410,EMP0868,2025-06-01 00:00:00,22,22,0,0,6.1
ATT010411,EMP0868,2025-07-01 00:00:00,23,21,0,2,0
ATT010412,EMP0868,2025-08-01 00:00:00,22,20,1,1,11.9
ATT010413,EMP0868,2025-09-01 00:00:00,23,22,0,1,8.1
ATT010414,EMP0868,2025-10-01 00:00:00,22,20,2,0,6.1
ATT010415,EMP0868,2025-11-01 00:00:00,20,19,0,1,13.7
ATT010416,EMP0868,2025-12-01 00:00:00,22,21,1,0,20.3
ATT010417,EMP0869,2025-01-01 00:00:00,21,19,0,2,8.7
ATT010418,EMP0869,2025-02-01 00:00:00,23,20,1,2,9.9
ATT010419,EMP0869,2025-03-01 00:00:00,21,20,0,1,4.9
ATT010420,EMP0869,2025-04-01 00:00:00,22,18,1,3,12.4
ATT010421,EMP0869,2025-05-01 00:00:00,22,20,0,2,6.4
ATT010422,EMP0869,2025-06-01 00:00:00,21,17,1,3,12.7
ATT010423,EMP0869,2025-07-01 00:00:00,23,20,1,2,0.6
ATT010424,EMP0869,2025-08-01 00:00:00,22,19,0,3,3.7
ATT010425,EMP0869,2025-09-01 00:00:00,21,17,2,2,9.9
ATT010426,EMP0869,2025-10-01 00:00:00,22,18,0,4,6
ATT010427,EMP0869,2025-11-01 00:00:00,22,17,3,2,16.4
ATT010428,EMP0869,2025-12-01 00:00:00,23,22,0,1,12.8
ATT010429,EMP0870,2025-01-01 00:00:00,23,22,0,1,10.9
ATT010430,EMP0870,2025-02-01 00:00:00,22,21,1,0,3
ATT010431,EMP0870,2025-03-01 00:00:00,20,18,1,1,4
ATT010432,EMP0870,2025-04-01 00:00:00,21,19,2,0,8.4
ATT010433,EMP0870,2025-05-01 00:00:00,22,21,1,0,2.9
ATT010434,EMP0870,2025-06-01 00:00:00,22,20,1,1,0.8
ATT010435,EMP0870,2025-07-01 00:00:00,21,18,1,2,12.4
ATT010436,EMP0870,2025-08-01 00:00:00,22,21,1,0,7
ATT010437,EMP0870,2025-09-01 00:00:00,21,18,2,1,1.6
ATT010438,EMP0870,2025-10-01 00:00:00,22,17,2,3,18
ATT010439,EMP0870,2025-11-01 00:00:00,21,19,2,0,7.8
ATT010440,EMP0870,2025-12-01 00:00:00,22,22,0,0,0
ATT010441,EMP0871,2025-01-01 00:00:00,22,22,0,0,10.8
ATT010442,EMP0871,2025-02-01 00:00:00,21,19,0,2,6.9
ATT010443,EMP0871,2025-03-01 00:00:00,23,18,0,5,13.3
ATT010444,EMP0871,2025-04-01 00:00:00,22,20,1,1,0
ATT010445,EMP0871,2025-05-01 00:00:00,21,20,0,1,11
ATT010446,EMP0871,2025-06-01 00:00:00,21,19,1,1,10.4
ATT010447,EMP0871,2025-07-01 00:00:00,22,21,0,1,18.5
ATT010448,EMP0871,2025-08-01 00:00:00,21,20,0,1,8.2
ATT010449,EMP0871,2025-09-01 00:00:00,22,19,0,3,19.1
ATT010450,EMP0871,2025-10-01 00:00:00,22,21,0,1,14.7
ATT010451,EMP0871,2025-11-01 00:00:00,22,20,1,1,12.5
ATT010452,EMP0871,2025-12-01 00:00:00,21,19,1,1,3.8
ATT010453,EMP0872,2025-01-01 00:00:00,23,22,0,1,8.1
ATT010454,EMP0872,2025-02-01 00:00:00,20,17,1,2,10.7
ATT010455,EMP0872,2025-03-01 00:00:00,23,23,0,0,19.3
ATT010456,EMP0872,2025-04-01 00:00:00,20,17,2,1,7.3
ATT010457,EMP0872,2025-05-01 00:00:00,21,19,1,1,13.2
ATT010458,EMP0872,2025-06-01 00:00:00,22,22,0,0,4.4
ATT010459,EMP0872,2025-07-01 00:00:00,22,18,1,3,0
ATT010460,EMP0872,2025-08-01 00:00:00,22,19,0,3,5.5
ATT010461,EMP0872,2025-09-01 00:00:00,22,18,2,2,6.6
ATT010462,EMP0872,2025-10-01 00:00:00,20,17,0,3,14.5
ATT010463,EMP0872,2025-11-01 00:00:00,22,20,1,1,10.9
ATT010464,EMP0872,2025-12-01 00:00:00,20,17,1,2,22.7
ATT010465,EMP0873,2025-01-01 00:00:00,21,18,0,3,0.8
ATT010466,EMP0873,2025-02-01 00:00:00,23,18,2,3,14.1
ATT010467,EMP0873,2025-03-01 00:00:00,23,18,2,3,1.3
ATT010468,EMP0873,2025-04-01 00:00:00,22,20,1,1,0
ATT010469,EMP0873,2025-05-01 00:00:00,21,17,1,3,12.3
ATT010470,EMP0873,2025-06-01 00:00:00,21,19,1,1,12.2
ATT010471,EMP0873,2025-07-01 00:00:00,22,21,1,0,7.7
ATT010472,EMP0873,2025-08-01 00:00:00,22,20,0,2,8.4
ATT010473,EMP0873,2025-09-01 00:00:00,22,19,1,2,22.7
ATT010474,EMP0873,2025-10-01 00:00:00,22,22,0,0,23.8
ATT010475,EMP0873,2025-11-01 00:00:00,23,22,0,1,12.6
ATT010476,EMP0873,2025-12-01 00:00:00,21,18,0,3,5.2
ATT010477,EMP0874,2025-01-01 00:00:00,22,19,1,2,6.9
ATT010478,EMP0874,2025-02-01 00:00:00,22,20,1,1,7.2
ATT010479,EMP0874,2025-03-01 00:00:00,21,17,0,4,7.6
ATT010480,EMP0874,2025-04-01 00:00:00,21,19,2,0,21.1
ATT010481,EMP0874,2025-05-01 00:00:00,22,17,1,4,6.3
ATT010482,EMP0874,2025-06-01 00:00:00,22,21,1,0,7.8
ATT010483,EMP0874,2025-07-01 00:00:00,22,19,1,2,2
ATT010484,EMP0874,2025-08-01 00:00:00,22,22,0,0,0
ATT010485,EMP0874,2025-09-01 00:00:00,21,20,1,0,10.5
ATT010486,EMP0874,2025-10-01 00:00:00,22,18,3,1,2.9
ATT010487,EMP0874,2025-11-01 00:00:00,22,17,2,3,10.2
ATT010488,EMP0874,2025-12-01 00:00:00,22,17,2,3,2
ATT010489,EMP0875,2025-01-01 00:00:00,21,18,0,3,0
ATT010490,EMP0875,2025-02-01 00:00:00,21,18,1,2,4.9
ATT010491,EMP0875,2025-03-01 00:00:00,21,20,1,0,7.4
ATT010492,EMP0875,2025-04-01 00:00:00,21,20,0,1,8.2
ATT010493,EMP0875,2025-05-01 00:00:00,22,21,0,1,13.3
ATT010494,EMP0875,2025-06-01 00:00:00,22,22,0,0,6.2
ATT010495,EMP0875,2025-07-01 00:00:00,22,21,0,1,9.8
ATT010496,EMP0875,2025-08-01 00:00:00,22,21,0,1,4
ATT010497,EMP0875,2025-09-01 00:00:00,23,19,1,3,4.3
ATT010498,EMP0875,2025-10-01 00:00:00,22,21,1,0,4.4
ATT010499,EMP0875,2025-11-01 00:00:00,22,18,1,3,2.9
ATT010500,EMP0875,2025-12-01 00:00:00,21,20,0,1,6.8
ATT010501,EMP0876,2025-01-01 00:00:00,22,22,0,0,9.4
ATT010502,EMP0876,2025-02-01 00:00:00,21,18,2,1,16.9
ATT010503,EMP0876,2025-03-01 00:00:00,22,19,1,2,9.3
ATT010504,EMP0876,2025-04-01 00:00:00,21,18,1,2,6.8
ATT010505,EMP0876,2025-05-01 00:00:00,22,21,1,0,16.5
ATT010506,EMP0876,2025-06-01 00:00:00,22,20,0,2,12
ATT010507,EMP0876,2025-07-01 00:00:00,21,17,1,3,14.4
ATT010508,EMP0876,2025-08-01 00:00:00,22,20,1,1,2.8
ATT010509,EMP0876,2025-09-01 00:00:00,22,20,0,2,4.7
ATT010510,EMP0876,2025-10-01 00:00:00,21,21,0,0,7
ATT010511,EMP0876,2025-11-01 00:00:00,21,19,1,1,8.7
ATT010512,EMP0876,2025-12-01 00:00:00,23,21,2,0,12
ATT010513,EMP0877,2025-01-01 00:00:00,21,20,1,0,10.7
ATT010514,EMP0877,2025-02-01 00:00:00,22,19,2,1,7.7
ATT010515,EMP0877,2025-03-01 00:00:00,21,19,0,2,11.6
ATT010516,EMP0877,2025-04-01 00:00:00,21,19,0,2,5.9
ATT010517,EMP0877,2025-05-01 00:00:00,23,21,0,2,0
ATT010518,EMP0877,2025-06-01 00:00:00,20,19,1,0,2.1
ATT010519,EMP0877,2025-07-01 00:00:00,21,20,0,1,3.7
ATT010520,EMP0877,2025-08-01 00:00:00,22,16,2,4,0
ATT010521,EMP0877,2025-09-01 00:00:00,23,18,2,3,2.8
ATT010522,EMP0877,2025-10-01 00:00:00,23,20,0,3,11.3
ATT010523,EMP0877,2025-11-01 00:00:00,22,18,2,2,4.3
ATT010524,EMP0877,2025-12-01 00:00:00,22,18,3,1,6.1
ATT010525,EMP0878,2025-01-01 00:00:00,21,20,1,0,4.7
ATT010526,EMP0878,2025-02-01 00:00:00,22,21,1,0,9.3
ATT010527,EMP0878,2025-03-01 00:00:00,22,21,0,1,8.8
ATT010528,EMP0878,2025-04-01 00:00:00,21,18,1,2,8.4
ATT010529,EMP0878,2025-05-01 00:00:00,22,19,1,2,5.8
ATT010530,EMP0878,2025-06-01 00:00:00,21,18,1,2,7.9
ATT010531,EMP0878,2025-07-01 00:00:00,23,20,3,0,1
ATT010532,EMP0878,2025-08-01 00:00:00,21,18,3,0,2.4
ATT010533,EMP0878,2025-09-01 00:00:00,21,18,1,2,9.2
ATT010534,EMP0878,2025-10-01 00:00:00,22,17,2,3,12
ATT010535,EMP0878,2025-11-01 00:00:00,22,22,0,0,6.9
ATT010536,EMP0878,2025-12-01 00:00:00,22,20,1,1,9
ATT010537,EMP0879,2025-01-01 00:00:00,22,21,1,0,7.4
ATT010538,EMP0879,2025-02-01 00:00:00,20,20,0,0,13.7
ATT010539,EMP0879,2025-03-01 00:00:00,22,19,1,2,17.3
ATT010540,EMP0879,2025-04-01 00:00:00,22,21,0,1,10.6
ATT010541,EMP0879,2025-05-01 00:00:00,22,18,0,4,6
ATT010542,EMP0879,2025-06-01 00:00:00,23,22,0,1,16.3
ATT010543,EMP0879,2025-07-01 00:00:00,22,18,1,3,11.2
ATT010544,EMP0879,2025-08-01 00:00:00,21,20,1,0,6.9
ATT010545,EMP0879,2025-09-01 00:00:00,22,22,0,0,25.3
ATT010546,EMP0879,2025-10-01 00:00:00,22,19,0,3,14
ATT010547,EMP0879,2025-11-01 00:00:00,23,20,3,0,16.5
ATT010548,EMP0879,2025-12-01 00:00:00,22,17,1,4,4
ATT010549,EMP0880,2025-01-01 00:00:00,21,20,1,0,7.9
ATT010550,EMP0880,2025-02-01 00:00:00,22,19,1,2,14.6
ATT010551,EMP0880,2025-03-01 00:00:00,21,20,1,0,13.9
ATT010552,EMP0880,2025-04-01 00:00:00,20,19,1,0,6.5
ATT010553,EMP0880,2025-05-01 00:00:00,21,19,2,0,3.3
ATT010554,EMP0880,2025-06-01 00:00:00,22,21,1,0,0
ATT010555,EMP0880,2025-07-01 00:00:00,21,20,0,1,9.4
ATT010556,EMP0880,2025-08-01 00:00:00,23,20,2,1,9.9
ATT010557,EMP0880,2025-09-01 00:00:00,22,21,1,0,1.5
ATT010558,EMP0880,2025-10-01 00:00:00,21,15,1,5,6.9
ATT010559,EMP0880,2025-11-01 00:00:00,22,19,1,2,0
ATT010560,EMP0880,2025-12-01 00:00:00,23,21,0,2,5.9
ATT010561,EMP0881,2025-01-01 00:00:00,22,22,0,0,4.1
ATT010562,EMP0881,2025-02-01 00:00:00,22,18,1,3,11.1
ATT010563,EMP0881,2025-03-01 00:00:00,22,22,0,0,10.6
ATT010564,EMP0881,2025-04-01 00:00:00,21,19,1,1,8.9
ATT010565,EMP0881,2025-05-01 00:00:00,20,16,1,3,14.4
ATT010566,EMP0881,2025-06-01 00:00:00,22,22,0,0,10.6
ATT010567,EMP0881,2025-07-01 00:00:00,22,18,0,4,15
ATT010568,EMP0881,2025-08-01 00:00:00,22,18,3,1,11.7
ATT010569,EMP0881,2025-09-01 00:00:00,21,16,2,3,6.2
ATT010570,EMP0881,2025-10-01 00:00:00,22,22,0,0,13
ATT010571,EMP0881,2025-11-01 00:00:00,22,21,0,1,14.9
ATT010572,EMP0881,2025-12-01 00:00:00,22,20,2,0,6.9
ATT010573,EMP0882,2025-01-01 00:00:00,23,23,0,0,18.4
ATT010574,EMP0882,2025-02-01 00:00:00,21,17,2,2,9.5
ATT010575,EMP0882,2025-03-01 00:00:00,22,18,1,3,14.9
ATT010576,EMP0882,2025-04-01 00:00:00,22,19,0,3,19.1
ATT010577,EMP0882,2025-05-01 00:00:00,21,19,1,1,13.2
ATT010578,EMP0882,2025-06-01 00:00:00,22,21,0,1,9.2
ATT010579,EMP0882,2025-07-01 00:00:00,22,22,0,0,4.8
ATT010580,EMP0882,2025-08-01 00:00:00,21,18,0,3,0
ATT010581,EMP0882,2025-09-01 00:00:00,22,20,2,0,3
ATT010582,EMP0882,2025-10-01 00:00:00,20,16,1,3,0.6
ATT010583,EMP0882,2025-11-01 00:00:00,21,16,1,4,15.5
ATT010584,EMP0882,2025-12-01 00:00:00,23,19,0,4,10.3
ATT010585,EMP0883,2025-01-01 00:00:00,21,20,0,1,9
ATT010586,EMP0883,2025-02-01 00:00:00,22,20,0,2,12
ATT010587,EMP0883,2025-03-01 00:00:00,23,20,1,2,3.5
ATT010588,EMP0883,2025-04-01 00:00:00,22,16,2,4,6.5
ATT010589,EMP0883,2025-05-01 00:00:00,21,19,0,2,14.6
ATT010590,EMP0883,2025-06-01 00:00:00,21,19,1,1,12
ATT010591,EMP0883,2025-07-01 00:00:00,22,20,0,2,7.8
ATT010592,EMP0883,2025-08-01 00:00:00,23,22,1,0,7.9
ATT010593,EMP0883,2025-09-01 00:00:00,20,17,1,2,2
ATT010594,EMP0883,2025-10-01 00:00:00,22,20,2,0,2.3
ATT010595,EMP0883,2025-11-01 00:00:00,21,13,3,5,15.2
ATT010596,EMP0883,2025-12-01 00:00:00,23,21,1,1,4.6
ATT010597,EMP0884,2025-01-01 00:00:00,22,18,0,4,6.3
ATT010598,EMP0884,2025-02-01 00:00:00,22,21,0,1,2.9
ATT010599,EMP0884,2025-03-01 00:00:00,23,17,3,3,9
ATT010600,EMP0884,2025-04-01 00:00:00,20,19,0,1,0.9
ATT010601,EMP0884,2025-05-01 00:00:00,20,17,0,3,3.3
ATT010602,EMP0884,2025-06-01 00:00:00,22,21,1,0,11.1
ATT010603,EMP0884,2025-07-01 00:00:00,22,22,0,0,13.1
ATT010604,EMP0884,2025-08-01 00:00:00,21,19,1,1,13.3
ATT010605,EMP0884,2025-09-01 00:00:00,23,20,2,1,14.6
ATT010606,EMP0884,2025-10-01 00:00:00,23,22,0,1,12.9
ATT010607,EMP0884,2025-11-01 00:00:00,22,20,1,1,11.1
ATT010608,EMP0884,2025-12-01 00:00:00,23,19,3,1,3.7
ATT010609,EMP0885,2025-01-01 00:00:00,20,16,0,4,9.6
ATT010610,EMP0885,2025-02-01 00:00:00,21,19,2,0,15.8
ATT010611,EMP0885,2025-03-01 00:00:00,22,18,1,3,13.8
ATT010612,EMP0885,2025-04-01 00:00:00,20,19,1,0,6
ATT010613,EMP0885,2025-05-01 00:00:00,22,20,2,0,16.5
ATT010614,EMP0885,2025-06-01 00:00:00,22,20,1,1,9.6
ATT010615,EMP0885,2025-07-01 00:00:00,22,20,0,2,1.1
ATT010616,EMP0885,2025-08-01 00:00:00,21,18,1,2,10.6
ATT010617,EMP0885,2025-09-01 00:00:00,23,21,2,0,4.3
ATT010618,EMP0885,2025-10-01 00:00:00,22,18,2,2,2.6
ATT010619,EMP0885,2025-11-01 00:00:00,22,17,3,2,6.7
ATT010620,EMP0885,2025-12-01 00:00:00,20,14,1,5,3.3
ATT010621,EMP0886,2025-01-01 00:00:00,22,17,0,5,8.4
ATT010622,EMP0886,2025-02-01 00:00:00,22,18,1,3,1.6
ATT010623,EMP0886,2025-03-01 00:00:00,20,17,0,3,9.3
ATT010624,EMP0886,2025-04-01 00:00:00,21,21,0,0,14.1
ATT010625,EMP0886,2025-05-01 00:00:00,22,21,1,0,0
ATT010626,EMP0886,2025-06-01 00:00:00,21,21,0,0,11
ATT010627,EMP0886,2025-07-01 00:00:00,22,22,0,0,14.1
ATT010628,EMP0886,2025-08-01 00:00:00,21,18,1,2,6.1
ATT010629,EMP0886,2025-09-01 00:00:00,22,19,2,1,4.9
ATT010630,EMP0886,2025-10-01 00:00:00,22,20,2,0,0
ATT010631,EMP0886,2025-11-01 00:00:00,22,16,1,5,8.7
ATT010632,EMP0886,2025-12-01 00:00:00,23,20,0,3,3.4
ATT010633,EMP0887,2025-01-01 00:00:00,22,20,1,1,6.8
ATT010634,EMP0887,2025-02-01 00:00:00,21,21,0,0,5
ATT010635,EMP0887,2025-03-01 00:00:00,22,17,2,3,18.1
ATT010636,EMP0887,2025-04-01 00:00:00,22,21,1,0,3.3
ATT010637,EMP0887,2025-05-01 00:00:00,22,21,0,1,8.7
ATT010638,EMP0887,2025-06-01 00:00:00,20,14,3,3,3
ATT010639,EMP0887,2025-07-01 00:00:00,22,20,2,0,7
ATT010640,EMP0887,2025-08-01 00:00:00,22,16,1,5,16.4
ATT010641,EMP0887,2025-09-01 00:00:00,22,22,0,0,18.9
ATT010642,EMP0887,2025-10-01 00:00:00,22,21,1,0,10.2
ATT010643,EMP0887,2025-11-01 00:00:00,21,19,1,1,5
ATT010644,EMP0887,2025-12-01 00:00:00,21,19,1,1,16.3
ATT010645,EMP0888,2025-01-01 00:00:00,23,23,0,0,6.1
ATT010646,EMP0888,2025-02-01 00:00:00,22,21,1,0,1.1
ATT010647,EMP0888,2025-03-01 00:00:00,23,18,1,4,2.3
ATT010648,EMP0888,2025-04-01 00:00:00,22,20,2,0,0
ATT010649,EMP0888,2025-05-01 00:00:00,21,18,0,3,18.2
ATT010650,EMP0888,2025-06-01 00:00:00,22,20,2,0,4.6
ATT010651,EMP0888,2025-07-01 00:00:00,21,20,1,0,21.3
ATT010652,EMP0888,2025-08-01 00:00:00,22,18,1,3,0
ATT010653,EMP0888,2025-09-01 00:00:00,22,20,0,2,0
ATT010654,EMP0888,2025-10-01 00:00:00,21,20,0,1,16.7
ATT010655,EMP0888,2025-11-01 00:00:00,22,21,0,1,5.2
ATT010656,EMP0888,2025-12-01 00:00:00,22,21,1,0,18.5
ATT010657,EMP0889,2025-01-01 00:00:00,22,18,1,3,14.7
ATT010658,EMP0889,2025-02-01 00:00:00,22,19,3,0,15.3
ATT010659,EMP0889,2025-03-01 00:00:00,22,21,1,0,3.9
ATT010660,EMP0889,2025-04-01 00:00:00,21,17,1,3,4.9
ATT010661,EMP0889,2025-05-01 00:00:00,21,17,2,2,8.8
ATT010662,EMP0889,2025-06-01 00:00:00,21,19,1,1,9.2
ATT010663,EMP0889,2025-07-01 00:00:00,21,18,3,0,18.9
ATT010664,EMP0889,2025-08-01 00:00:00,21,19,0,2,9.5
ATT010665,EMP0889,2025-09-01 00:00:00,22,17,2,3,18.7
ATT010666,EMP0889,2025-10-01 00:00:00,23,23,0,0,10.1
ATT010667,EMP0889,2025-11-01 00:00:00,22,18,1,3,6
ATT010668,EMP0889,2025-12-01 00:00:00,21,21,0,0,16.5
ATT010669,EMP0890,2025-01-01 00:00:00,20,18,1,1,0.5
ATT010670,EMP0890,2025-02-01 00:00:00,22,21,1,0,12.2
ATT010671,EMP0890,2025-03-01 00:00:00,20,17,0,3,0
ATT010672,EMP0890,2025-04-01 00:00:00,20,16,0,4,7.3
ATT010673,EMP0890,2025-05-01 00:00:00,22,19,0,3,0
ATT010674,EMP0890,2025-06-01 00:00:00,22,22,0,0,11.6
ATT010675,EMP0890,2025-07-01 00:00:00,23,21,0,2,8.3
ATT010676,EMP0890,2025-08-01 00:00:00,20,19,0,1,17.3
ATT010677,EMP0890,2025-09-01 00:00:00,21,20,0,1,5.6
ATT010678,EMP0890,2025-10-01 00:00:00,21,20,0,1,9
ATT010679,EMP0890,2025-11-01 00:00:00,20,15,1,4,4.5
ATT010680,EMP0890,2025-12-01 00:00:00,21,17,0,4,7.8
ATT010681,EMP0891,2025-01-01 00:00:00,21,20,0,1,0
ATT010682,EMP0891,2025-02-01 00:00:00,22,21,1,0,18.6
ATT010683,EMP0891,2025-03-01 00:00:00,22,21,0,1,18
ATT010684,EMP0891,2025-04-01 00:00:00,22,17,2,3,8.9
ATT010685,EMP0891,2025-05-01 00:00:00,22,20,0,2,6.5
ATT010686,EMP0891,2025-06-01 00:00:00,21,21,0,0,15.2
ATT010687,EMP0891,2025-07-01 00:00:00,21,17,3,1,8.3
ATT010688,EMP0891,2025-08-01 00:00:00,22,20,0,2,7.8
ATT010689,EMP0891,2025-09-01 00:00:00,22,19,0,3,3.5
ATT010690,EMP0891,2025-10-01 00:00:00,23,19,0,4,0
ATT010691,EMP0891,2025-11-01 00:00:00,21,18,3,0,15.7
ATT010692,EMP0891,2025-12-01 00:00:00,22,20,0,2,6.7
ATT010693,EMP0892,2025-01-01 00:00:00,20,18,2,0,10.6
ATT010694,EMP0892,2025-02-01 00:00:00,21,19,0,2,14.4
ATT010695,EMP0892,2025-03-01 00:00:00,22,17,1,4,11
ATT010696,EMP0892,2025-04-01 00:00:00,23,21,1,1,4.5
ATT010697,EMP0892,2025-05-01 00:00:00,21,17,0,4,7.4
ATT010698,EMP0892,2025-06-01 00:00:00,22,16,2,4,13.3
ATT010699,EMP0892,2025-07-01 00:00:00,22,19,1,2,0
ATT010700,EMP0892,2025-08-01 00:00:00,22,21,0,1,0
ATT010701,EMP0892,2025-09-01 00:00:00,22,19,2,1,8.7
ATT010702,EMP0892,2025-10-01 00:00:00,21,19,0,2,17.7
ATT010703,EMP0892,2025-11-01 00:00:00,21,18,2,1,8.5
ATT010704,EMP0892,2025-12-01 00:00:00,22,20,1,1,8
ATT010705,EMP0893,2025-01-01 00:00:00,22,21,1,0,2.2
ATT010706,EMP0893,2025-02-01 00:00:00,22,20,1,1,0
ATT010707,EMP0893,2025-03-01 00:00:00,23,20,0,3,11.8
ATT010708,EMP0893,2025-04-01 00:00:00,23,22,0,1,0.9
ATT010709,EMP0893,2025-05-01 00:00:00,21,20,0,1,8.2
ATT010710,EMP0893,2025-06-01 00:00:00,21,18,3,0,0
ATT010711,EMP0893,2025-07-01 00:00:00,21,19,1,1,9.4
ATT010712,EMP0893,2025-08-01 00:00:00,22,21,0,1,6.9
ATT010713,EMP0893,2025-09-01 00:00:00,22,19,0,3,4.9
ATT010714,EMP0893,2025-10-01 00:00:00,20,19,0,1,13.2
ATT010715,EMP0893,2025-11-01 00:00:00,20,19,0,1,11.7
ATT010716,EMP0893,2025-12-01 00:00:00,22,19,1,2,7.1
ATT010717,EMP0894,2025-01-01 00:00:00,22,21,0,1,19.5
ATT010718,EMP0894,2025-02-01 00:00:00,22,21,1,0,5.6
ATT010719,EMP0894,2025-03-01 00:00:00,22,19,1,2,7.8
ATT010720,EMP0894,2025-04-01 00:00:00,22,20,0,2,1.8
ATT010721,EMP0894,2025-05-01 00:00:00,23,19,0,4,6.3
ATT010722,EMP0894,2025-06-01 00:00:00,23,22,0,1,3.6
ATT010723,EMP0894,2025-07-01 00:00:00,21,16,0,5,9.6
ATT010724,EMP0894,2025-08-01 00:00:00,21,21,0,0,16.9
ATT010725,EMP0894,2025-09-01 00:00:00,21,18,1,2,0.8
ATT010726,EMP0894,2025-10-01 00:00:00,21,17,1,3,4.1
ATT010727,EMP0894,2025-11-01 00:00:00,23,19,2,2,0
ATT010728,EMP0894,2025-12-01 00:00:00,22,21,1,0,13.8
ATT010729,EMP0895,2025-01-01 00:00:00,23,22,1,0,11.8
ATT010730,EMP0895,2025-02-01 00:00:00,22,17,2,3,0.6
ATT010731,EMP0895,2025-03-01 00:00:00,20,18,1,1,6.1
ATT010732,EMP0895,2025-04-01 00:00:00,20,18,0,2,3.3
ATT010733,EMP0895,2025-05-01 00:00:00,21,18,0,3,8.8
ATT010734,EMP0895,2025-06-01 00:00:00,22,20,1,1,7.2
ATT010735,EMP0895,2025-07-01 00:00:00,22,20,1,1,0.2
ATT010736,EMP0895,2025-08-01 00:00:00,23,22,0,1,10.3
ATT010737,EMP0895,2025-09-01 00:00:00,23,21,1,1,10.7
ATT010738,EMP0895,2025-10-01 00:00:00,22,21,0,1,3.7
ATT010739,EMP0895,2025-11-01 00:00:00,21,19,0,2,8.1
ATT010740,EMP0895,2025-12-01 00:00:00,21,19,0,2,7.5
ATT010741,EMP0896,2025-01-01 00:00:00,22,21,0,1,15.2
ATT010742,EMP0896,2025-02-01 00:00:00,23,20,2,1,16.9
ATT010743,EMP0896,2025-03-01 00:00:00,21,19,0,2,1.9
ATT010744,EMP0896,2025-04-01 00:00:00,21,20,0,1,13.5
ATT010745,EMP0896,2025-05-01 00:00:00,20,18,0,2,9.1
ATT010746,EMP0896,2025-06-01 00:00:00,22,19,1,2,8.9
ATT010747,EMP0896,2025-07-01 00:00:00,20,18,1,1,25.6
ATT010748,EMP0896,2025-08-01 00:00:00,21,18,0,3,6.1
ATT010749,EMP0896,2025-09-01 00:00:00,21,21,0,0,4
ATT010750,EMP0896,2025-10-01 00:00:00,23,21,2,0,15
ATT010751,EMP0896,2025-11-01 00:00:00,22,21,0,1,1.1
ATT010752,EMP0896,2025-12-01 00:00:00,23,22,1,0,7.8
ATT010753,EMP0897,2025-01-01 00:00:00,21,14,2,5,0
ATT010754,EMP0897,2025-02-01 00:00:00,21,19,1,1,7.6
ATT010755,EMP0897,2025-03-01 00:00:00,21,20,0,1,1
ATT010756,EMP0897,2025-04-01 00:00:00,21,19,1,1,4.4
ATT010757,EMP0897,2025-05-01 00:00:00,23,20,0,3,3.2
ATT010758,EMP0897,2025-06-01 00:00:00,22,20,1,1,11.5
ATT010759,EMP0897,2025-07-01 00:00:00,22,21,1,0,11.4
ATT010760,EMP0897,2025-08-01 00:00:00,22,19,0,3,13.8
ATT010761,EMP0897,2025-09-01 00:00:00,22,20,0,2,9.5
ATT010762,EMP0897,2025-10-01 00:00:00,21,21,0,0,7.5
ATT010763,EMP0897,2025-11-01 00:00:00,21,20,1,0,3.8
ATT010764,EMP0897,2025-12-01 00:00:00,22,17,3,2,0
ATT010765,EMP0898,2025-01-01 00:00:00,22,21,1,0,3.8
ATT010766,EMP0898,2025-02-01 00:00:00,23,20,2,1,11.6
ATT010767,EMP0898,2025-03-01 00:00:00,22,19,0,3,14.3
ATT010768,EMP0898,2025-04-01 00:00:00,21,17,1,3,4.6
ATT010769,EMP0898,2025-05-01 00:00:00,21,19,1,1,7.4
ATT010770,EMP0898,2025-06-01 00:00:00,21,17,0,4,3.3
ATT010771,EMP0898,2025-07-01 00:00:00,22,22,0,0,12.8
ATT010772,EMP0898,2025-08-01 00:00:00,22,20,2,0,2.9
ATT010773,EMP0898,2025-09-01 00:00:00,21,17,1,3,4.7
ATT010774,EMP0898,2025-10-01 00:00:00,20,17,2,1,13.7
ATT010775,EMP0898,2025-11-01 00:00:00,21,21,0,0,4.4
ATT010776,EMP0898,2025-12-01 00:00:00,22,20,1,1,6.8
ATT010777,EMP0899,2025-01-01 00:00:00,20,15,0,5,0.7
ATT010778,EMP0899,2025-02-01 00:00:00,22,19,2,1,9.6
ATT010779,EMP0899,2025-03-01 00:00:00,23,23,0,0,2.6
ATT010780,EMP0899,2025-04-01 00:00:00,22,20,1,1,7.7
ATT010781,EMP0899,2025-05-01 00:00:00,23,22,1,0,0
ATT010782,EMP0899,2025-06-01 00:00:00,22,21,0,1,8.5
ATT010783,EMP0899,2025-07-01 00:00:00,22,20,0,2,8.3
ATT010784,EMP0899,2025-08-01 00:00:00,22,21,1,0,7.2
ATT010785,EMP0899,2025-09-01 00:00:00,22,19,1,2,5.5
ATT010786,EMP0899,2025-10-01 00:00:00,21,20,0,1,4.7
ATT010787,EMP0899,2025-11-01 00:00:00,21,20,0,1,9.9
ATT010788,EMP0899,2025-12-01 00:00:00,22,21,0,1,7.6
ATT010789,EMP0900,2025-01-01 00:00:00,22,21,0,1,0
ATT010790,EMP0900,2025-02-01 00:00:00,22,21,1,0,10.3
ATT010791,EMP0900,2025-03-01 00:00:00,22,21,0,1,3.2
ATT010792,EMP0900,2025-04-01 00:00:00,22,18,1,3,16.1
ATT010793,EMP0900,2025-05-01 00:00:00,23,22,0,1,5.7
ATT010794,EMP0900,2025-06-01 00:00:00,22,22,0,0,0
ATT010795,EMP0900,2025-07-01 00:00:00,23,20,0,3,18
ATT010796,EMP0900,2025-08-01 00:00:00,22,18,0,4,5
ATT010797,EMP0900,2025-09-01 00:00:00,21,19,1,1,1.5
ATT010798,EMP0900,2025-10-01 00:00:00,23,20,1,2,10.2
ATT010799,EMP0900,2025-11-01 00:00:00,21,20,1,0,19.6
ATT010800,EMP0900,2025-12-01 00:00:00,22,19,2,1,4.9
ATT010801,EMP0901,2025-01-01 00:00:00,23,21,1,1,1.4
ATT010802,EMP0901,2025-02-01 00:00:00,22,22,0,0,4.2
ATT010803,EMP0901,2025-03-01 00:00:00,20,19,0,1,0
ATT010804,EMP0901,2025-04-01 00:00:00,22,20,2,0,4.6
ATT010805,EMP0901,2025-05-01 00:00:00,22,22,0,0,12.4
ATT010806,EMP0901,2025-06-01 00:00:00,20,15,1,4,0.7
ATT010807,EMP0901,2025-07-01 00:00:00,23,22,0,1,0.7
ATT010808,EMP0901,2025-08-01 00:00:00,21,18,2,1,8.2
ATT010809,EMP0901,2025-09-01 00:00:00,21,20,1,0,0
ATT010810,EMP0901,2025-10-01 00:00:00,22,21,1,0,9.6
ATT010811,EMP0901,2025-11-01 00:00:00,22,22,0,0,6.3
ATT010812,EMP0901,2025-12-01 00:00:00,21,17,0,4,1.5
ATT010813,EMP0902,2025-01-01 00:00:00,21,20,0,1,13.8
ATT010814,EMP0902,2025-02-01 00:00:00,21,18,1,2,7.3
ATT010815,EMP0902,2025-03-01 00:00:00,22,21,0,1,13.4
ATT010816,EMP0902,2025-04-01 00:00:00,22,20,0,2,1
ATT010817,EMP0902,2025-05-01 00:00:00,21,20,0,1,0.3
ATT010818,EMP0902,2025-06-01 00:00:00,21,18,3,0,3.7
ATT010819,EMP0902,2025-07-01 00:00:00,22,18,1,3,1.2
ATT010820,EMP0902,2025-08-01 00:00:00,22,19,2,1,2.9
ATT010821,EMP0902,2025-09-01 00:00:00,22,22,0,0,10.3
ATT010822,EMP0902,2025-10-01 00:00:00,22,22,0,0,1.6
ATT010823,EMP0902,2025-11-01 00:00:00,21,17,1,3,7.4
ATT010824,EMP0902,2025-12-01 00:00:00,23,23,0,0,8.7
ATT010825,EMP0903,2025-01-01 00:00:00,22,21,0,1,3.9
ATT010826,EMP0903,2025-02-01 00:00:00,20,16,1,3,12.5
ATT010827,EMP0903,2025-03-01 00:00:00,22,22,0,0,16
ATT010828,EMP0903,2025-04-01 00:00:00,22,17,3,2,12.2
ATT010829,EMP0903,2025-05-01 00:00:00,22,21,1,0,6.9
ATT010830,EMP0903,2025-06-01 00:00:00,21,18,1,2,4.5
ATT010831,EMP0903,2025-07-01 00:00:00,21,21,0,0,16.5
ATT010832,EMP0903,2025-08-01 00:00:00,22,20,0,2,10.5
ATT010833,EMP0903,2025-09-01 00:00:00,22,21,0,1,6.2
ATT010834,EMP0903,2025-10-01 00:00:00,22,21,0,1,15.6
ATT010835,EMP0903,2025-11-01 00:00:00,22,21,1,0,4.1
ATT010836,EMP0903,2025-12-01 00:00:00,22,22,0,0,5.9
ATT010837,EMP0904,2025-01-01 00:00:00,22,21,0,1,11.8
ATT010838,EMP0904,2025-02-01 00:00:00,22,20,1,1,13
ATT010839,EMP0904,2025-03-01 00:00:00,23,22,1,0,8.7
ATT010840,EMP0904,2025-04-01 00:00:00,22,20,0,2,1.7
ATT010841,EMP0904,2025-05-01 00:00:00,20,16,0,4,6.1
ATT010842,EMP0904,2025-06-01 00:00:00,20,15,1,4,10.5
ATT010843,EMP0904,2025-07-01 00:00:00,21,17,1,3,3.5
ATT010844,EMP0904,2025-08-01 00:00:00,20,15,1,4,19.5
ATT010845,EMP0904,2025-09-01 00:00:00,22,22,0,0,13.9
ATT010846,EMP0904,2025-10-01 00:00:00,21,19,0,2,8.1
ATT010847,EMP0904,2025-11-01 00:00:00,22,20,1,1,3.8
ATT010848,EMP0904,2025-12-01 00:00:00,22,19,1,2,10.9
ATT010849,EMP0905,2025-01-01 00:00:00,22,20,2,0,5.4
ATT010850,EMP0905,2025-02-01 00:00:00,22,21,0,1,2.3
ATT010851,EMP0905,2025-03-01 00:00:00,23,23,0,0,11.9
ATT010852,EMP0905,2025-04-01 00:00:00,22,19,0,3,3.5
ATT010853,EMP0905,2025-05-01 00:00:00,21,19,1,1,0
ATT010854,EMP0905,2025-06-01 00:00:00,21,20,1,0,1.5
ATT010855,EMP0905,2025-07-01 00:00:00,22,22,0,0,11.8
ATT010856,EMP0905,2025-08-01 00:00:00,22,21,0,1,7.5
ATT010857,EMP0905,2025-09-01 00:00:00,22,18,1,3,5.1
ATT010858,EMP0905,2025-10-01 00:00:00,23,21,1,1,4.6
ATT010859,EMP0905,2025-11-01 00:00:00,22,17,1,4,7.7
ATT010860,EMP0905,2025-12-01 00:00:00,20,17,0,3,4.8
ATT010861,EMP0906,2025-01-01 00:00:00,22,18,3,1,11.8
ATT010862,EMP0906,2025-02-01 00:00:00,22,18,3,1,0
ATT010863,EMP0906,2025-03-01 00:00:00,22,19,0,3,8.9
ATT010864,EMP0906,2025-04-01 00:00:00,21,21,0,0,8.5
ATT010865,EMP0906,2025-05-01 00:00:00,22,20,2,0,7.7
ATT010866,EMP0906,2025-06-01 00:00:00,21,16,0,5,13.8
ATT010867,EMP0906,2025-07-01 00:00:00,20,19,0,1,7.9
ATT010868,EMP0906,2025-08-01 00:00:00,23,22,0,1,0
ATT010869,EMP0906,2025-09-01 00:00:00,22,20,0,2,7.8
ATT010870,EMP0906,2025-10-01 00:00:00,22,16,1,5,14.3
ATT010871,EMP0906,2025-11-01 00:00:00,21,18,0,3,2.1
ATT010872,EMP0906,2025-12-01 00:00:00,22,19,1,2,10.7
ATT010873,EMP0907,2025-01-01 00:00:00,21,19,1,1,8.5
ATT010874,EMP0907,2025-02-01 00:00:00,22,19,3,0,3.5
ATT010875,EMP0907,2025-03-01 00:00:00,23,22,0,1,3.3
ATT010876,EMP0907,2025-04-01 00:00:00,22,19,2,1,10.9
ATT010877,EMP0907,2025-05-01 00:00:00,20,16,3,1,8.2
ATT010878,EMP0907,2025-06-01 00:00:00,22,16,2,4,9
ATT010879,EMP0907,2025-07-01 00:00:00,21,21,0,0,5.9
ATT010880,EMP0907,2025-08-01 00:00:00,22,17,2,3,14.3
ATT010881,EMP0907,2025-09-01 00:00:00,21,20,0,1,9.8
ATT010882,EMP0907,2025-10-01 00:00:00,22,19,0,3,0
ATT010883,EMP0907,2025-11-01 00:00:00,22,20,1,1,6.8
ATT010884,EMP0907,2025-12-01 00:00:00,20,13,3,4,0
ATT010885,EMP0908,2025-01-01 00:00:00,22,22,0,0,0.2
ATT010886,EMP0908,2025-02-01 00:00:00,22,22,0,0,8.4
ATT010887,EMP0908,2025-03-01 00:00:00,22,21,0,1,10.5
ATT010888,EMP0908,2025-04-01 00:00:00,23,20,3,0,9.3
ATT010889,EMP0908,2025-05-01 00:00:00,22,20,2,0,10.4
ATT010890,EMP0908,2025-06-01 00:00:00,23,21,2,0,4.3
ATT010891,EMP0908,2025-07-01 00:00:00,20,17,1,2,11.6
ATT010892,EMP0908,2025-08-01 00:00:00,23,20,1,2,8.7
ATT010893,EMP0908,2025-09-01 00:00:00,21,20,0,1,6.3
ATT010894,EMP0908,2025-10-01 00:00:00,22,16,3,3,5.9
ATT010895,EMP0908,2025-11-01 00:00:00,23,21,2,0,3.6
ATT010896,EMP0908,2025-12-01 00:00:00,22,19,1,2,1.7
ATT010897,EMP0909,2025-01-01 00:00:00,23,19,0,4,8.8
ATT010898,EMP0909,2025-02-01 00:00:00,22,21,1,0,7.4
ATT010899,EMP0909,2025-03-01 00:00:00,23,23,0,0,5.9
ATT010900,EMP0909,2025-04-01 00:00:00,22,18,3,1,4.6
ATT010901,EMP0909,2025-05-01 00:00:00,22,19,1,2,19.2
ATT010902,EMP0909,2025-06-01 00:00:00,20,14,1,5,9.9
ATT010903,EMP0909,2025-07-01 00:00:00,22,20,0,2,1.2
ATT010904,EMP0909,2025-08-01 00:00:00,23,21,1,1,0
ATT010905,EMP0909,2025-09-01 00:00:00,21,18,1,2,4.1
ATT010906,EMP0909,2025-10-01 00:00:00,23,21,0,2,0.9
ATT010907,EMP0909,2025-11-01 00:00:00,20,18,0,2,9.6
ATT010908,EMP0909,2025-12-01 00:00:00,23,21,1,1,8.5
ATT010909,EMP0910,2025-01-01 00:00:00,21,17,2,2,18.6
ATT010910,EMP0910,2025-02-01 00:00:00,21,18,3,0,10.6
ATT010911,EMP0910,2025-03-01 00:00:00,23,22,1,0,0
ATT010912,EMP0910,2025-04-01 00:00:00,21,20,0,1,9.1
ATT010913,EMP0910,2025-05-01 00:00:00,22,17,0,5,8.8
ATT010914,EMP0910,2025-06-01 00:00:00,22,16,2,4,5.4
ATT010915,EMP0910,2025-07-01 00:00:00,22,17,0,5,7.6
ATT010916,EMP0910,2025-08-01 00:00:00,22,21,0,1,9.3
ATT010917,EMP0910,2025-09-01 00:00:00,21,20,1,0,5.3
ATT010918,EMP0910,2025-10-01 00:00:00,22,21,0,1,7.9
ATT010919,EMP0910,2025-11-01 00:00:00,23,20,2,1,4.9
ATT010920,EMP0910,2025-12-01 00:00:00,21,15,1,5,1.9
ATT010921,EMP0911,2025-01-01 00:00:00,23,22,0,1,9.2
ATT010922,EMP0911,2025-02-01 00:00:00,21,19,1,1,0
ATT010923,EMP0911,2025-03-01 00:00:00,20,20,0,0,7.4
ATT010924,EMP0911,2025-04-01 00:00:00,22,20,0,2,4.2
ATT010925,EMP0911,2025-05-01 00:00:00,22,21,1,0,16.7
ATT010926,EMP0911,2025-06-01 00:00:00,21,18,0,3,15.9
ATT010927,EMP0911,2025-07-01 00:00:00,23,22,0,1,11.8
ATT010928,EMP0911,2025-08-01 00:00:00,21,20,0,1,10.6
ATT010929,EMP0911,2025-09-01 00:00:00,21,18,0,3,13.6
ATT010930,EMP0911,2025-10-01 00:00:00,22,21,0,1,4
ATT010931,EMP0911,2025-11-01 00:00:00,22,22,0,0,7.3
ATT010932,EMP0911,2025-12-01 00:00:00,21,18,1,2,6.4
ATT010933,EMP0912,2025-01-01 00:00:00,22,21,1,0,1.1
ATT010934,EMP0912,2025-02-01 00:00:00,21,17,0,4,7.2
ATT010935,EMP0912,2025-03-01 00:00:00,20,16,1,3,7.6
ATT010936,EMP0912,2025-04-01 00:00:00,21,18,0,3,2
ATT010937,EMP0912,2025-05-01 00:00:00,22,20,2,0,6.7
ATT010938,EMP0912,2025-06-01 00:00:00,22,22,0,0,12.4
ATT010939,EMP0912,2025-07-01 00:00:00,21,17,3,1,8.7
ATT010940,EMP0912,2025-08-01 00:00:00,22,14,3,5,18.9
ATT010941,EMP0912,2025-09-01 00:00:00,22,16,3,3,4.3
ATT010942,EMP0912,2025-10-01 00:00:00,21,19,1,1,1.8
ATT010943,EMP0912,2025-11-01 00:00:00,22,17,1,4,14.9
ATT010944,EMP0912,2025-12-01 00:00:00,21,15,1,5,12.7
ATT010945,EMP0913,2025-01-01 00:00:00,21,17,0,4,14.2
ATT010946,EMP0913,2025-02-01 00:00:00,21,18,2,1,2.9
ATT010947,EMP0913,2025-03-01 00:00:00,21,16,0,5,15.4
ATT010948,EMP0913,2025-04-01 00:00:00,21,18,1,2,19.4
ATT010949,EMP0913,2025-05-01 00:00:00,20,15,2,3,8
ATT010950,EMP0913,2025-06-01 00:00:00,22,22,0,0,8.6
ATT010951,EMP0913,2025-07-01 00:00:00,22,18,2,2,2.9
ATT010952,EMP0913,2025-08-01 00:00:00,22,21,0,1,5.7
ATT010953,EMP0913,2025-09-01 00:00:00,22,20,0,2,5.2
ATT010954,EMP0913,2025-10-01 00:00:00,20,17,0,3,4
ATT010955,EMP0913,2025-11-01 00:00:00,22,20,1,1,13.3
ATT010956,EMP0913,2025-12-01 00:00:00,22,19,1,2,9.8
ATT010957,EMP0914,2025-01-01 00:00:00,20,18,0,2,13
ATT010958,EMP0914,2025-02-01 00:00:00,23,21,1,1,1.2
ATT010959,EMP0914,2025-03-01 00:00:00,22,20,0,2,4.3
ATT010960,EMP0914,2025-04-01 00:00:00,21,20,1,0,7.9
ATT010961,EMP0914,2025-05-01 00:00:00,21,20,1,0,4.8
ATT010962,EMP0914,2025-06-01 00:00:00,21,18,0,3,0
ATT010963,EMP0914,2025-07-01 00:00:00,21,18,1,2,0
ATT010964,EMP0914,2025-08-01 00:00:00,22,18,0,4,11.8
ATT010965,EMP0914,2025-09-01 00:00:00,23,20,2,1,4.3
ATT010966,EMP0914,2025-10-01 00:00:00,22,19,1,2,1.9
ATT010967,EMP0914,2025-11-01 00:00:00,21,20,0,1,18.6
ATT010968,EMP0914,2025-12-01 00:00:00,22,17,1,4,7.9
ATT010969,EMP0915,2025-01-01 00:00:00,21,16,0,5,0.7
ATT010970,EMP0915,2025-02-01 00:00:00,22,22,0,0,15
ATT010971,EMP0915,2025-03-01 00:00:00,21,19,0,2,12
ATT010972,EMP0915,2025-04-01 00:00:00,22,22,0,0,12.5
ATT010973,EMP0915,2025-05-01 00:00:00,20,19,0,1,17.1
ATT010974,EMP0915,2025-06-01 00:00:00,22,21,1,0,6
ATT010975,EMP0915,2025-07-01 00:00:00,22,19,0,3,14.1
ATT010976,EMP0915,2025-08-01 00:00:00,21,18,2,1,8.3
ATT010977,EMP0915,2025-09-01 00:00:00,20,18,2,0,13.6
ATT010978,EMP0915,2025-10-01 00:00:00,23,22,1,0,0
ATT010979,EMP0915,2025-11-01 00:00:00,22,21,1,0,11.3
ATT010980,EMP0915,2025-12-01 00:00:00,22,18,1,3,0
ATT010981,EMP0916,2025-01-01 00:00:00,21,20,0,1,11
ATT010982,EMP0916,2025-02-01 00:00:00,20,18,0,2,1.2
ATT010983,EMP0916,2025-03-01 00:00:00,22,19,1,2,14
ATT010984,EMP0916,2025-04-01 00:00:00,23,17,1,5,1.8
ATT010985,EMP0916,2025-05-01 00:00:00,21,17,0,4,0
ATT010986,EMP0916,2025-06-01 00:00:00,22,21,1,0,1.4
ATT010987,EMP0916,2025-07-01 00:00:00,23,21,1,1,0
ATT010988,EMP0916,2025-08-01 00:00:00,20,20,0,0,11.7
ATT010989,EMP0916,2025-09-01 00:00:00,20,16,0,4,6.8
ATT010990,EMP0916,2025-10-01 00:00:00,23,21,2,0,13.3
ATT010991,EMP0916,2025-11-01 00:00:00,22,19,3,0,2.2
ATT010992,EMP0916,2025-12-01 00:00:00,22,18,2,2,4.5
ATT010993,EMP0917,2025-01-01 00:00:00,22,19,2,1,7.5
ATT010994,EMP0917,2025-02-01 00:00:00,23,21,0,2,4.2
ATT010995,EMP0917,2025-03-01 00:00:00,20,19,0,1,8.1
ATT010996,EMP0917,2025-04-01 00:00:00,21,19,2,0,9
ATT010997,EMP0917,2025-05-01 00:00:00,20,19,0,1,2.4
ATT010998,EMP0917,2025-06-01 00:00:00,21,18,0,3,11.8
ATT010999,EMP0917,2025-07-01 00:00:00,20,17,0,3,13.8
ATT011000,EMP0917,2025-08-01 00:00:00,20,16,2,2,10.8
ATT011001,EMP0917,2025-09-01 00:00:00,22,19,1,2,13.5
ATT011002,EMP0917,2025-10-01 00:00:00,22,22,0,0,7.3
ATT011003,EMP0917,2025-11-01 00:00:00,22,22,0,0,9.3
ATT011004,EMP0917,2025-12-01 00:00:00,23,21,1,1,8.7
ATT011005,EMP0918,2025-01-01 00:00:00,22,20,0,2,12.9
ATT011006,EMP0918,2025-02-01 00:00:00,21,19,1,1,7.8
ATT011007,EMP0918,2025-03-01 00:00:00,21,18,0,3,10.1
ATT011008,EMP0918,2025-04-01 00:00:00,21,19,1,1,16.1
ATT011009,EMP0918,2025-05-01 00:00:00,21,16,2,3,13.6
ATT011010,EMP0918,2025-06-01 00:00:00,21,15,1,5,8.2
ATT011011,EMP0918,2025-07-01 00:00:00,20,20,0,0,10
ATT011012,EMP0918,2025-08-01 00:00:00,23,18,1,4,0
ATT011013,EMP0918,2025-09-01 00:00:00,22,21,0,1,12.8
ATT011014,EMP0918,2025-10-01 00:00:00,22,17,1,4,13.6
ATT011015,EMP0918,2025-11-01 00:00:00,22,22,0,0,15.5
ATT011016,EMP0918,2025-12-01 00:00:00,22,19,0,3,12.8
ATT011017,EMP0919,2025-01-01 00:00:00,22,19,2,1,17
ATT011018,EMP0919,2025-02-01 00:00:00,20,16,1,3,8
ATT011019,EMP0919,2025-03-01 00:00:00,22,18,1,3,1.3
ATT011020,EMP0919,2025-04-01 00:00:00,20,19,1,0,8.5
ATT011021,EMP0919,2025-05-01 00:00:00,22,18,3,1,0.6
ATT011022,EMP0919,2025-06-01 00:00:00,21,19,0,2,12
ATT011023,EMP0919,2025-07-01 00:00:00,21,18,1,2,4.6
ATT011024,EMP0919,2025-08-01 00:00:00,21,20,0,1,10.8
ATT011025,EMP0919,2025-09-01 00:00:00,21,20,1,0,6
ATT011026,EMP0919,2025-10-01 00:00:00,21,19,2,0,5.6
ATT011027,EMP0919,2025-11-01 00:00:00,22,19,1,2,13.9
ATT011028,EMP0919,2025-12-01 00:00:00,22,20,1,1,9.1
ATT011029,EMP0920,2025-01-01 00:00:00,21,16,2,3,10.3
ATT011030,EMP0920,2025-02-01 00:00:00,22,18,1,3,3.5
ATT011031,EMP0920,2025-03-01 00:00:00,21,19,1,1,9.3
ATT011032,EMP0920,2025-04-01 00:00:00,22,19,2,1,6
ATT011033,EMP0920,2025-05-01 00:00:00,21,20,0,1,8.1
ATT011034,EMP0920,2025-06-01 00:00:00,21,20,1,0,15.1
ATT011035,EMP0920,2025-07-01 00:00:00,21,17,0,4,6.7
ATT011036,EMP0920,2025-08-01 00:00:00,23,22,0,1,1.6
ATT011037,EMP0920,2025-09-01 00:00:00,21,20,0,1,17.1
ATT011038,EMP0920,2025-10-01 00:00:00,22,18,3,1,7.1
ATT011039,EMP0920,2025-11-01 00:00:00,20,19,0,1,13.6
ATT011040,EMP0920,2025-12-01 00:00:00,22,21,0,1,13.4
ATT011041,EMP0921,2025-01-01 00:00:00,21,18,0,3,5.5
ATT011042,EMP0921,2025-02-01 00:00:00,23,19,1,3,12.6
ATT011043,EMP0921,2025-03-01 00:00:00,23,18,3,2,12.7
ATT011044,EMP0921,2025-04-01 00:00:00,22,21,0,1,7.4
ATT011045,EMP0921,2025-05-01 00:00:00,20,18,1,1,3.6
ATT011046,EMP0921,2025-06-01 00:00:00,21,20,1,0,6.7
ATT011047,EMP0921,2025-07-01 00:00:00,22,22,0,0,6.6
ATT011048,EMP0921,2025-08-01 00:00:00,22,18,3,1,14.5
ATT011049,EMP0921,2025-09-01 00:00:00,22,18,3,1,0
ATT011050,EMP0921,2025-10-01 00:00:00,23,22,0,1,5.5
ATT011051,EMP0921,2025-11-01 00:00:00,21,19,0,2,5
ATT011052,EMP0921,2025-12-01 00:00:00,21,19,0,2,6.2
ATT011053,EMP0922,2025-01-01 00:00:00,23,20,1,2,2.9
ATT011054,EMP0922,2025-02-01 00:00:00,20,18,1,1,7.9
ATT011055,EMP0922,2025-03-01 00:00:00,21,19,1,1,12.1
ATT011056,EMP0922,2025-04-01 00:00:00,23,21,0,2,10.8
ATT011057,EMP0922,2025-05-01 00:00:00,21,17,2,2,0
ATT011058,EMP0922,2025-06-01 00:00:00,21,19,1,1,14.8
ATT011059,EMP0922,2025-07-01 00:00:00,22,20,1,1,0
ATT011060,EMP0922,2025-08-01 00:00:00,21,19,1,1,4.7
ATT011061,EMP0922,2025-09-01 00:00:00,22,20,1,1,12.7
ATT011062,EMP0922,2025-10-01 00:00:00,21,17,2,2,5.4
ATT011063,EMP0922,2025-11-01 00:00:00,20,20,0,0,11.8
ATT011064,EMP0922,2025-12-01 00:00:00,22,20,1,1,25.3
ATT011065,EMP0923,2025-01-01 00:00:00,21,18,2,1,7
ATT011066,EMP0923,2025-02-01 00:00:00,21,20,1,0,5.9
ATT011067,EMP0923,2025-03-01 00:00:00,23,23,0,0,10.3
ATT011068,EMP0923,2025-04-01 00:00:00,22,17,0,5,1.9
ATT011069,EMP0923,2025-05-01 00:00:00,22,22,0,0,13.7
ATT011070,EMP0923,2025-06-01 00:00:00,22,18,0,4,7.9
ATT011071,EMP0923,2025-07-01 00:00:00,22,16,1,5,2.2
ATT011072,EMP0923,2025-08-01 00:00:00,23,21,0,2,13.9
ATT011073,EMP0923,2025-09-01 00:00:00,23,22,1,0,13.1
ATT011074,EMP0923,2025-10-01 00:00:00,21,20,0,1,7.5
ATT011075,EMP0923,2025-11-01 00:00:00,22,17,0,5,2.5
ATT011076,EMP0923,2025-12-01 00:00:00,21,20,1,0,10.1
ATT011077,EMP0924,2025-01-01 00:00:00,22,17,2,3,9
ATT011078,EMP0924,2025-02-01 00:00:00,21,18,2,1,10.3
ATT011079,EMP0924,2025-03-01 00:00:00,21,20,0,1,11.3
ATT011080,EMP0924,2025-04-01 00:00:00,21,20,1,0,7.9
ATT011081,EMP0924,2025-05-01 00:00:00,20,19,1,0,3.9
ATT011082,EMP0924,2025-06-01 00:00:00,22,17,3,2,3.7
ATT011083,EMP0924,2025-07-01 00:00:00,22,21,0,1,17.1
ATT011084,EMP0924,2025-08-01 00:00:00,22,19,2,1,9.6
ATT011085,EMP0924,2025-09-01 00:00:00,22,21,0,1,9.9
ATT011086,EMP0924,2025-10-01 00:00:00,22,21,0,1,11.5
ATT011087,EMP0924,2025-11-01 00:00:00,22,21,1,0,12.9
ATT011088,EMP0924,2025-12-01 00:00:00,20,16,0,4,1.9
ATT011089,EMP0925,2025-01-01 00:00:00,22,20,1,1,9.9
ATT011090,EMP0925,2025-02-01 00:00:00,21,20,0,1,21.3
ATT011091,EMP0925,2025-03-01 00:00:00,21,19,1,1,7.1
ATT011092,EMP0925,2025-04-01 00:00:00,22,18,1,3,9.9
ATT011093,EMP0925,2025-05-01 00:00:00,20,19,0,1,14
ATT011094,EMP0925,2025-06-01 00:00:00,22,20,0,2,1.2
ATT011095,EMP0925,2025-07-01 00:00:00,22,19,0,3,8
ATT011096,EMP0925,2025-08-01 00:00:00,22,18,0,4,9
ATT011097,EMP0925,2025-09-01 00:00:00,20,17,2,1,8.9
ATT011098,EMP0925,2025-10-01 00:00:00,22,19,2,1,2.8
ATT011099,EMP0925,2025-11-01 00:00:00,20,17,3,0,3.9
ATT011100,EMP0925,2025-12-01 00:00:00,22,20,0,2,5
ATT011101,EMP0926,2025-01-01 00:00:00,22,21,1,0,16.1
ATT011102,EMP0926,2025-02-01 00:00:00,21,21,0,0,11.4
ATT011103,EMP0926,2025-03-01 00:00:00,21,17,0,4,7.5
ATT011104,EMP0926,2025-04-01 00:00:00,21,18,1,2,24.6
ATT011105,EMP0926,2025-05-01 00:00:00,22,22,0,0,13
ATT011106,EMP0926,2025-06-01 00:00:00,22,22,0,0,15.8
ATT011107,EMP0926,2025-07-01 00:00:00,22,18,1,3,0
ATT011108,EMP0926,2025-08-01 00:00:00,21,20,0,1,5.3
ATT011109,EMP0926,2025-09-01 00:00:00,23,23,0,0,8.1
ATT011110,EMP0926,2025-10-01 00:00:00,20,15,1,4,6.7
ATT011111,EMP0926,2025-11-01 00:00:00,22,19,0,3,15.1
ATT011112,EMP0926,2025-12-01 00:00:00,20,18,0,2,1.2
ATT011113,EMP0927,2025-01-01 00:00:00,21,18,1,2,13.6
ATT011114,EMP0927,2025-02-01 00:00:00,23,22,0,1,13.3
ATT011115,EMP0927,2025-03-01 00:00:00,21,17,3,1,12.3
ATT011116,EMP0927,2025-04-01 00:00:00,22,22,0,0,7.4
ATT011117,EMP0927,2025-05-01 00:00:00,23,23,0,0,1.1
ATT011118,EMP0927,2025-06-01 00:00:00,21,17,1,3,3.9
ATT011119,EMP0927,2025-07-01 00:00:00,22,19,1,2,10.3
ATT011120,EMP0927,2025-08-01 00:00:00,21,16,0,5,7.8
ATT011121,EMP0927,2025-09-01 00:00:00,22,18,1,3,10.9
ATT011122,EMP0927,2025-10-01 00:00:00,22,19,2,1,12.4
ATT011123,EMP0927,2025-11-01 00:00:00,22,20,2,0,13.9
ATT011124,EMP0927,2025-12-01 00:00:00,22,22,0,0,12
ATT011125,EMP0928,2025-01-01 00:00:00,21,21,0,0,4.1
ATT011126,EMP0928,2025-02-01 00:00:00,23,22,0,1,13.2
ATT011127,EMP0928,2025-03-01 00:00:00,22,22,0,0,25.6
ATT011128,EMP0928,2025-04-01 00:00:00,21,18,1,2,12.4
ATT011129,EMP0928,2025-05-01 00:00:00,22,16,1,5,21.4
ATT011130,EMP0928,2025-06-01 00:00:00,22,17,1,4,5.2
ATT011131,EMP0928,2025-07-01 00:00:00,22,22,0,0,10.5
ATT011132,EMP0928,2025-08-01 00:00:00,21,16,0,5,7.7
ATT011133,EMP0928,2025-09-01 00:00:00,22,20,0,2,13.6
ATT011134,EMP0928,2025-10-01 00:00:00,22,20,0,2,7.4
ATT011135,EMP0928,2025-11-01 00:00:00,23,21,1,1,16.1
ATT011136,EMP0928,2025-12-01 00:00:00,22,17,1,4,15.9
ATT011137,EMP0929,2025-01-01 00:00:00,22,19,1,2,8.5
ATT011138,EMP0929,2025-02-01 00:00:00,22,20,1,1,8.5
ATT011139,EMP0929,2025-03-01 00:00:00,22,19,2,1,16.6
ATT011140,EMP0929,2025-04-01 00:00:00,21,17,1,3,7.5
ATT011141,EMP0929,2025-05-01 00:00:00,22,19,2,1,0
ATT011142,EMP0929,2025-06-01 00:00:00,22,20,0,2,12.1
ATT011143,EMP0929,2025-07-01 00:00:00,23,22,1,0,12.2
ATT011144,EMP0929,2025-08-01 00:00:00,23,21,1,1,3.4
ATT011145,EMP0929,2025-09-01 00:00:00,21,18,1,2,4.8
ATT011146,EMP0929,2025-10-01 00:00:00,22,20,0,2,7.7
ATT011147,EMP0929,2025-11-01 00:00:00,22,20,0,2,15.8
ATT011148,EMP0929,2025-12-01 00:00:00,22,19,3,0,15.6
ATT011149,EMP0930,2025-01-01 00:00:00,22,20,0,2,3.6
ATT011150,EMP0930,2025-02-01 00:00:00,21,20,1,0,12.6
ATT011151,EMP0930,2025-03-01 00:00:00,22,21,1,0,9.7
ATT011152,EMP0930,2025-04-01 00:00:00,21,19,1,1,0
ATT011153,EMP0930,2025-05-01 00:00:00,22,17,0,5,1.4
ATT011154,EMP0930,2025-06-01 00:00:00,22,21,1,0,4.6
ATT011155,EMP0930,2025-07-01 00:00:00,20,17,0,3,8.5
ATT011156,EMP0930,2025-08-01 00:00:00,22,21,1,0,24.1
ATT011157,EMP0930,2025-09-01 00:00:00,22,16,3,3,2.4
ATT011158,EMP0930,2025-10-01 00:00:00,22,21,1,0,14.6
ATT011159,EMP0930,2025-11-01 00:00:00,22,20,0,2,16.3
ATT011160,EMP0930,2025-12-01 00:00:00,21,18,1,2,8.9
ATT011161,EMP0931,2025-01-01 00:00:00,22,21,0,1,0
ATT011162,EMP0931,2025-02-01 00:00:00,20,16,1,3,7.6
ATT011163,EMP0931,2025-03-01 00:00:00,23,21,1,1,10.3
ATT011164,EMP0931,2025-04-01 00:00:00,21,17,0,4,11.4
ATT011165,EMP0931,2025-05-01 00:00:00,22,22,0,0,6.8
ATT011166,EMP0931,2025-06-01 00:00:00,23,20,1,2,9.7
ATT011167,EMP0931,2025-07-01 00:00:00,21,19,0,2,10.8
ATT011168,EMP0931,2025-08-01 00:00:00,22,21,1,0,3.5
ATT011169,EMP0931,2025-09-01 00:00:00,21,16,2,3,11.5
ATT011170,EMP0931,2025-10-01 00:00:00,22,19,1,2,10
ATT011171,EMP0931,2025-11-01 00:00:00,22,21,1,0,5.8
ATT011172,EMP0931,2025-12-01 00:00:00,23,20,3,0,22
ATT011173,EMP0932,2025-01-01 00:00:00,22,21,0,1,5.6
ATT011174,EMP0932,2025-02-01 00:00:00,22,22,0,0,23
ATT011175,EMP0932,2025-03-01 00:00:00,22,21,0,1,12.5
ATT011176,EMP0932,2025-04-01 00:00:00,22,20,2,0,9.8
ATT011177,EMP0932,2025-05-01 00:00:00,21,20,0,1,10.6
ATT011178,EMP0932,2025-06-01 00:00:00,23,23,0,0,4.8
ATT011179,EMP0932,2025-07-01 00:00:00,22,20,2,0,9.3
ATT011180,EMP0932,2025-08-01 00:00:00,21,21,0,0,8
ATT011181,EMP0932,2025-09-01 00:00:00,23,21,0,2,14.8
ATT011182,EMP0932,2025-10-01 00:00:00,21,19,2,0,11.7
ATT011183,EMP0932,2025-11-01 00:00:00,22,21,0,1,10.4
ATT011184,EMP0932,2025-12-01 00:00:00,21,18,0,3,6.1
ATT011185,EMP0933,2025-01-01 00:00:00,22,21,1,0,1.4
ATT011186,EMP0933,2025-02-01 00:00:00,22,18,3,1,24.9
ATT011187,EMP0933,2025-03-01 00:00:00,21,17,2,2,4.1
ATT011188,EMP0933,2025-04-01 00:00:00,20,19,0,1,6.8
ATT011189,EMP0933,2025-05-01 00:00:00,21,16,1,4,12.5
ATT011190,EMP0933,2025-06-01 00:00:00,21,19,2,0,18.3
ATT011191,EMP0933,2025-07-01 00:00:00,21,18,1,2,5.6
ATT011192,EMP0933,2025-08-01 00:00:00,22,19,0,3,9.2
ATT011193,EMP0933,2025-09-01 00:00:00,21,18,2,1,9.4
ATT011194,EMP0933,2025-10-01 00:00:00,22,20,0,2,5.1
ATT011195,EMP0933,2025-11-01 00:00:00,21,21,0,0,5.3
ATT011196,EMP0933,2025-12-01 00:00:00,22,19,2,1,2.3
ATT011197,EMP0934,2025-01-01 00:00:00,23,20,1,2,7.9
ATT011198,EMP0934,2025-02-01 00:00:00,23,22,1,0,3.6
ATT011199,EMP0934,2025-03-01 00:00:00,21,18,2,1,9
ATT011200,EMP0934,2025-04-01 00:00:00,22,18,1,3,17
ATT011201,EMP0934,2025-05-01 00:00:00,22,21,0,1,11.6
ATT011202,EMP0934,2025-06-01 00:00:00,21,20,1,0,16.3
ATT011203,EMP0934,2025-07-01 00:00:00,21,16,0,5,5.4
ATT011204,EMP0934,2025-08-01 00:00:00,20,18,2,0,6.3
ATT011205,EMP0934,2025-09-01 00:00:00,22,22,0,0,7.8
ATT011206,EMP0934,2025-10-01 00:00:00,21,19,1,1,20.3
ATT011207,EMP0934,2025-11-01 00:00:00,21,20,0,1,0
ATT011208,EMP0934,2025-12-01 00:00:00,23,21,1,1,0
ATT011209,EMP0935,2025-01-01 00:00:00,21,20,1,0,12.9
ATT011210,EMP0935,2025-02-01 00:00:00,22,20,2,0,4.7
ATT011211,EMP0935,2025-03-01 00:00:00,20,19,1,0,11.5
ATT011212,EMP0935,2025-04-01 00:00:00,23,22,1,0,5.7
ATT011213,EMP0935,2025-05-01 00:00:00,21,18,1,2,1.6
ATT011214,EMP0935,2025-06-01 00:00:00,22,16,3,3,3
ATT011215,EMP0935,2025-07-01 00:00:00,21,18,0,3,5.4
ATT011216,EMP0935,2025-08-01 00:00:00,23,18,2,3,12.3
ATT011217,EMP0935,2025-09-01 00:00:00,20,17,0,3,13.2
ATT011218,EMP0935,2025-10-01 00:00:00,22,17,1,4,10.6
ATT011219,EMP0935,2025-11-01 00:00:00,21,19,1,1,13.7
ATT011220,EMP0935,2025-12-01 00:00:00,20,18,1,1,9.1
ATT011221,EMP0936,2025-01-01 00:00:00,22,18,1,3,9.2
ATT011222,EMP0936,2025-02-01 00:00:00,23,19,2,2,6.9
ATT011223,EMP0936,2025-03-01 00:00:00,21,20,0,1,9.4
ATT011224,EMP0936,2025-04-01 00:00:00,22,19,1,2,0.5
ATT011225,EMP0936,2025-05-01 00:00:00,20,18,1,1,8.8
ATT011226,EMP0936,2025-06-01 00:00:00,21,19,1,1,0.1
ATT011227,EMP0936,2025-07-01 00:00:00,21,19,1,1,11.1
ATT011228,EMP0936,2025-08-01 00:00:00,22,19,1,2,15.3
ATT011229,EMP0936,2025-09-01 00:00:00,21,21,0,0,16.1
ATT011230,EMP0936,2025-10-01 00:00:00,21,20,1,0,0
ATT011231,EMP0936,2025-11-01 00:00:00,22,22,0,0,7
ATT011232,EMP0936,2025-12-01 00:00:00,23,21,2,0,6.6
ATT011233,EMP0937,2025-01-01 00:00:00,22,21,1,0,0
ATT011234,EMP0937,2025-02-01 00:00:00,21,20,0,1,12.5
ATT011235,EMP0937,2025-03-01 00:00:00,21,20,0,1,1.2
ATT011236,EMP0937,2025-04-01 00:00:00,21,18,1,2,16
ATT011237,EMP0937,2025-05-01 00:00:00,21,20,0,1,18.3
ATT011238,EMP0937,2025-06-01 00:00:00,21,19,1,1,8.9
ATT011239,EMP0937,2025-07-01 00:00:00,23,18,2,3,6.9
ATT011240,EMP0937,2025-08-01 00:00:00,22,16,3,3,9.7
ATT011241,EMP0937,2025-09-01 00:00:00,23,22,1,0,29.6
ATT011242,EMP0937,2025-10-01 00:00:00,22,21,0,1,10.7
ATT011243,EMP0937,2025-11-01 00:00:00,22,22,0,0,17.9
ATT011244,EMP0937,2025-12-01 00:00:00,22,18,3,1,0.2
ATT011245,EMP0938,2025-01-01 00:00:00,23,19,3,1,2.1
ATT011246,EMP0938,2025-02-01 00:00:00,22,19,1,2,12
ATT011247,EMP0938,2025-03-01 00:00:00,22,16,3,3,10.1
ATT011248,EMP0938,2025-04-01 00:00:00,21,19,0,2,2.7
ATT011249,EMP0938,2025-05-01 00:00:00,22,22,0,0,4.5
ATT011250,EMP0938,2025-06-01 00:00:00,21,19,0,2,18.1
ATT011251,EMP0938,2025-07-01 00:00:00,23,17,1,5,8.3
ATT011252,EMP0938,2025-08-01 00:00:00,22,19,0,3,17
ATT011253,EMP0938,2025-09-01 00:00:00,22,20,2,0,0
ATT011254,EMP0938,2025-10-01 00:00:00,23,21,0,2,8.5
ATT011255,EMP0938,2025-11-01 00:00:00,23,22,1,0,22.8
ATT011256,EMP0938,2025-12-01 00:00:00,22,20,0,2,13.3
ATT011257,EMP0939,2025-01-01 00:00:00,21,20,0,1,11.5
ATT011258,EMP0939,2025-02-01 00:00:00,22,17,2,3,16
ATT011259,EMP0939,2025-03-01 00:00:00,20,17,0,3,12.5
ATT011260,EMP0939,2025-04-01 00:00:00,20,19,0,1,14.2
ATT011261,EMP0939,2025-05-01 00:00:00,22,20,1,1,18.1
ATT011262,EMP0939,2025-06-01 00:00:00,22,19,2,1,7
ATT011263,EMP0939,2025-07-01 00:00:00,21,19,1,1,14.2
ATT011264,EMP0939,2025-08-01 00:00:00,22,19,1,2,6.6
ATT011265,EMP0939,2025-09-01 00:00:00,20,20,0,0,8
ATT011266,EMP0939,2025-10-01 00:00:00,23,17,2,4,3.8
ATT011267,EMP0939,2025-11-01 00:00:00,22,21,1,0,10.9
ATT011268,EMP0939,2025-12-01 00:00:00,21,19,1,1,2.6
ATT011269,EMP0940,2025-01-01 00:00:00,21,19,1,1,4.5
ATT011270,EMP0940,2025-02-01 00:00:00,22,22,0,0,0
ATT011271,EMP0940,2025-03-01 00:00:00,23,20,1,2,0
ATT011272,EMP0940,2025-04-01 00:00:00,22,21,1,0,1.9
ATT011273,EMP0940,2025-05-01 00:00:00,22,21,0,1,5.7
ATT011274,EMP0940,2025-06-01 00:00:00,22,20,1,1,6.4
ATT011275,EMP0940,2025-07-01 00:00:00,23,23,0,0,7
ATT011276,EMP0940,2025-08-01 00:00:00,21,20,1,0,14.2
ATT011277,EMP0940,2025-09-01 00:00:00,22,18,1,3,9.6
ATT011278,EMP0940,2025-10-01 00:00:00,23,18,2,3,8.7
ATT011279,EMP0940,2025-11-01 00:00:00,21,17,1,3,4
ATT011280,EMP0940,2025-12-01 00:00:00,22,18,0,4,4.6
ATT011281,EMP0941,2025-01-01 00:00:00,23,22,1,0,17.3
ATT011282,EMP0941,2025-02-01 00:00:00,21,17,1,3,9.8
ATT011283,EMP0941,2025-03-01 00:00:00,22,20,1,1,10.7
ATT011284,EMP0941,2025-04-01 00:00:00,21,19,0,2,17.8
ATT011285,EMP0941,2025-05-01 00:00:00,23,23,0,0,14.4
ATT011286,EMP0941,2025-06-01 00:00:00,20,18,2,0,11
ATT011287,EMP0941,2025-07-01 00:00:00,20,18,1,1,9.3
ATT011288,EMP0941,2025-08-01 00:00:00,22,16,3,3,2.9
ATT011289,EMP0941,2025-09-01 00:00:00,22,19,0,3,13.6
ATT011290,EMP0941,2025-10-01 00:00:00,22,22,0,0,12.1
ATT011291,EMP0941,2025-11-01 00:00:00,22,19,1,2,11.4
ATT011292,EMP0941,2025-12-01 00:00:00,21,19,1,1,2.2
ATT011293,EMP0942,2025-01-01 00:00:00,22,15,2,5,6.1
ATT011294,EMP0942,2025-02-01 00:00:00,22,19,2,1,4.8
ATT011295,EMP0942,2025-03-01 00:00:00,23,21,2,0,19
ATT011296,EMP0942,2025-04-01 00:00:00,20,17,1,2,5.1
ATT011297,EMP0942,2025-05-01 00:00:00,21,18,0,3,2.9
ATT011298,EMP0942,2025-06-01 00:00:00,22,16,3,3,3.6
ATT011299,EMP0942,2025-07-01 00:00:00,23,19,1,3,6.4
ATT011300,EMP0942,2025-08-01 00:00:00,22,20,1,1,4.7
ATT011301,EMP0942,2025-09-01 00:00:00,22,21,1,0,12.1
ATT011302,EMP0942,2025-10-01 00:00:00,22,22,0,0,6.1
ATT011303,EMP0942,2025-11-01 00:00:00,22,20,0,2,6
ATT011304,EMP0942,2025-12-01 00:00:00,22,22,0,0,12.7
ATT011305,EMP0943,2025-01-01 00:00:00,21,19,1,1,6.7
ATT011306,EMP0943,2025-02-01 00:00:00,20,20,0,0,15.1
ATT011307,EMP0943,2025-03-01 00:00:00,20,17,1,2,2.3
ATT011308,EMP0943,2025-04-01 00:00:00,21,21,0,0,4.8
ATT011309,EMP0943,2025-05-01 00:00:00,22,20,2,0,3.1
ATT011310,EMP0943,2025-06-01 00:00:00,22,20,1,1,15.2
ATT011311,EMP0943,2025-07-01 00:00:00,22,18,1,3,5.4
ATT011312,EMP0943,2025-08-01 00:00:00,20,18,0,2,11.5
ATT011313,EMP0943,2025-09-01 00:00:00,22,18,1,3,7.7
ATT011314,EMP0943,2025-10-01 00:00:00,21,18,1,2,10.2
ATT011315,EMP0943,2025-11-01 00:00:00,22,17,3,2,14.2
ATT011316,EMP0943,2025-12-01 00:00:00,21,19,1,1,13.2
ATT011317,EMP0944,2025-01-01 00:00:00,23,21,0,2,16.3
ATT011318,EMP0944,2025-02-01 00:00:00,21,20,1,0,12.8
ATT011319,EMP0944,2025-03-01 00:00:00,21,17,0,4,13.2
ATT011320,EMP0944,2025-04-01 00:00:00,21,19,1,1,2.1
ATT011321,EMP0944,2025-05-01 00:00:00,22,17,1,4,3.9
ATT011322,EMP0944,2025-06-01 00:00:00,22,16,1,5,14.3
ATT011323,EMP0944,2025-07-01 00:00:00,21,17,0,4,10.9
ATT011324,EMP0944,2025-08-01 00:00:00,23,22,1,0,0.7
ATT011325,EMP0944,2025-09-01 00:00:00,22,20,0,2,16.3
ATT011326,EMP0944,2025-10-01 00:00:00,22,21,0,1,10.6
ATT011327,EMP0944,2025-11-01 00:00:00,22,20,0,2,11.9
ATT011328,EMP0944,2025-12-01 00:00:00,22,21,1,0,13.5
ATT011329,EMP0945,2025-01-01 00:00:00,21,18,2,1,6.7
ATT011330,EMP0945,2025-02-01 00:00:00,22,19,3,0,12.5
ATT011331,EMP0945,2025-03-01 00:00:00,23,22,0,1,5.4
ATT011332,EMP0945,2025-04-01 00:00:00,20,18,0,2,16.3
ATT011333,EMP0945,2025-05-01 00:00:00,21,19,2,0,8
ATT011334,EMP0945,2025-06-01 00:00:00,22,20,0,2,14.8
ATT011335,EMP0945,2025-07-01 00:00:00,21,16,1,4,11.3
ATT011336,EMP0945,2025-08-01 00:00:00,21,15,2,4,0
ATT011337,EMP0945,2025-09-01 00:00:00,22,18,0,4,10
ATT011338,EMP0945,2025-10-01 00:00:00,23,22,1,0,2.7
ATT011339,EMP0945,2025-11-01 00:00:00,22,18,1,3,6.7
ATT011340,EMP0945,2025-12-01 00:00:00,22,21,0,1,10.2
ATT011341,EMP0946,2025-01-01 00:00:00,21,18,0,3,1.9
ATT011342,EMP0946,2025-02-01 00:00:00,21,17,1,3,6.8
ATT011343,EMP0946,2025-03-01 00:00:00,22,20,0,2,16.6
ATT011344,EMP0946,2025-04-01 00:00:00,22,18,1,3,0
ATT011345,EMP0946,2025-05-01 00:00:00,20,19,1,0,6.8
ATT011346,EMP0946,2025-06-01 00:00:00,20,20,0,0,3.6
ATT011347,EMP0946,2025-07-01 00:00:00,21,21,0,0,5.6
ATT011348,EMP0946,2025-08-01 00:00:00,21,19,1,1,6.3
ATT011349,EMP0946,2025-09-01 00:00:00,21,21,0,0,11.6
ATT011350,EMP0946,2025-10-01 00:00:00,22,20,2,0,8.8
ATT011351,EMP0946,2025-11-01 00:00:00,21,20,0,1,18.4
ATT011352,EMP0946,2025-12-01 00:00:00,22,16,2,4,0
ATT011353,EMP0947,2025-01-01 00:00:00,22,21,0,1,19.2
ATT011354,EMP0947,2025-02-01 00:00:00,22,19,1,2,0
ATT011355,EMP0947,2025-03-01 00:00:00,22,17,0,5,4.5
ATT011356,EMP0947,2025-04-01 00:00:00,22,22,0,0,6.2
ATT011357,EMP0947,2025-05-01 00:00:00,21,20,0,1,7.3
ATT011358,EMP0947,2025-06-01 00:00:00,22,17,3,2,12.8
ATT011359,EMP0947,2025-07-01 00:00:00,22,21,1,0,0.1
ATT011360,EMP0947,2025-08-01 00:00:00,20,17,2,1,13
ATT011361,EMP0947,2025-09-01 00:00:00,22,19,0,3,11.8
ATT011362,EMP0947,2025-10-01 00:00:00,22,21,1,0,17.8
ATT011363,EMP0947,2025-11-01 00:00:00,21,20,1,0,15.5
ATT011364,EMP0947,2025-12-01 00:00:00,20,17,0,3,0
ATT011365,EMP0948,2025-01-01 00:00:00,22,19,2,1,11.3
ATT011366,EMP0948,2025-02-01 00:00:00,22,19,0,3,8.3
ATT011367,EMP0948,2025-03-01 00:00:00,21,21,0,0,14.1
ATT011368,EMP0948,2025-04-01 00:00:00,22,22,0,0,6.8
ATT011369,EMP0948,2025-05-01 00:00:00,20,18,1,1,1.5
ATT011370,EMP0948,2025-06-01 00:00:00,21,19,1,1,7.6
ATT011371,EMP0948,2025-07-01 00:00:00,20,16,1,3,5.1
ATT011372,EMP0948,2025-08-01 00:00:00,23,19,0,4,10.4
ATT011373,EMP0948,2025-09-01 00:00:00,22,20,1,1,5.2
ATT011374,EMP0948,2025-10-01 00:00:00,21,18,1,2,4.4
ATT011375,EMP0948,2025-11-01 00:00:00,22,17,0,5,0
ATT011376,EMP0948,2025-12-01 00:00:00,23,23,0,0,4.5
ATT011377,EMP0949,2025-01-01 00:00:00,21,20,1,0,20.4
ATT011378,EMP0949,2025-02-01 00:00:00,23,22,0,1,10.3
ATT011379,EMP0949,2025-03-01 00:00:00,21,18,2,1,2.9
ATT011380,EMP0949,2025-04-01 00:00:00,20,16,2,2,0.3
ATT011381,EMP0949,2025-05-01 00:00:00,21,20,1,0,4.6
ATT011382,EMP0949,2025-06-01 00:00:00,22,19,0,3,0
ATT011383,EMP0949,2025-07-01 00:00:00,20,20,0,0,12
ATT011384,EMP0949,2025-08-01 00:00:00,21,16,1,4,13.2
ATT011385,EMP0949,2025-09-01 00:00:00,22,21,0,1,11.3
ATT011386,EMP0949,2025-10-01 00:00:00,23,23,0,0,4.8
ATT011387,EMP0949,2025-11-01 00:00:00,21,15,1,5,0
ATT011388,EMP0949,2025-12-01 00:00:00,21,16,3,2,6.4
ATT011389,EMP0950,2025-01-01 00:00:00,22,21,1,0,15.9
ATT011390,EMP0950,2025-02-01 00:00:00,23,23,0,0,12
ATT011391,EMP0950,2025-03-01 00:00:00,23,22,0,1,9.9
ATT011392,EMP0950,2025-04-01 00:00:00,21,21,0,0,6.5
ATT011393,EMP0950,2025-05-01 00:00:00,22,20,1,1,8.6
ATT011394,EMP0950,2025-06-01 00:00:00,22,19,1,2,13.4
ATT011395,EMP0950,2025-07-01 00:00:00,23,20,0,3,8.3
ATT011396,EMP0950,2025-08-01 00:00:00,22,20,2,0,4.7
ATT011397,EMP0950,2025-09-01 00:00:00,22,18,3,1,15.8
ATT011398,EMP0950,2025-10-01 00:00:00,22,20,0,2,8.1
ATT011399,EMP0950,2025-11-01 00:00:00,23,22,0,1,8.9
ATT011400,EMP0950,2025-12-01 00:00:00,21,16,1,4,0.5
ATT011401,EMP0951,2025-01-01 00:00:00,21,21,0,0,9.9
ATT011402,EMP0951,2025-02-01 00:00:00,20,18,2,0,2.3
ATT011403,EMP0951,2025-03-01 00:00:00,22,17,1,4,16.7
ATT011404,EMP0951,2025-04-01 00:00:00,23,21,0,2,2
ATT011405,EMP0951,2025-05-01 00:00:00,21,20,0,1,5.3
ATT011406,EMP0951,2025-06-01 00:00:00,22,19,1,2,9
ATT011407,EMP0951,2025-07-01 00:00:00,22,16,1,5,8.4
ATT011408,EMP0951,2025-08-01 00:00:00,22,18,2,2,19.1
ATT011409,EMP0951,2025-09-01 00:00:00,21,19,0,2,0
ATT011410,EMP0951,2025-10-01 00:00:00,21,19,0,2,5.8
ATT011411,EMP0951,2025-11-01 00:00:00,22,20,2,0,14.6
ATT011412,EMP0951,2025-12-01 00:00:00,22,20,0,2,2.5
ATT011413,EMP0952,2025-01-01 00:00:00,21,19,1,1,14.8
ATT011414,EMP0952,2025-02-01 00:00:00,21,19,0,2,6.3
ATT011415,EMP0952,2025-03-01 00:00:00,21,19,1,1,2.1
ATT011416,EMP0952,2025-04-01 00:00:00,22,15,2,5,6.3
ATT011417,EMP0952,2025-05-01 00:00:00,21,17,2,2,1.6
ATT011418,EMP0952,2025-06-01 00:00:00,21,16,0,5,10.9
ATT011419,EMP0952,2025-07-01 00:00:00,22,17,2,3,0
ATT011420,EMP0952,2025-08-01 00:00:00,22,20,0,2,0
ATT011421,EMP0952,2025-09-01 00:00:00,22,18,3,1,0
ATT011422,EMP0952,2025-10-01 00:00:00,22,18,1,3,11.5
ATT011423,EMP0952,2025-11-01 00:00:00,22,18,2,2,14.6
ATT011424,EMP0952,2025-12-01 00:00:00,21,19,0,2,0
ATT011425,EMP0953,2025-01-01 00:00:00,21,19,0,2,11.4
ATT011426,EMP0953,2025-02-01 00:00:00,22,22,0,0,15.1
ATT011427,EMP0953,2025-03-01 00:00:00,22,18,1,3,7.6
ATT011428,EMP0953,2025-04-01 00:00:00,22,21,1,0,6.5
ATT011429,EMP0953,2025-05-01 00:00:00,22,19,2,1,15.2
ATT011430,EMP0953,2025-06-01 00:00:00,20,17,2,1,6.8
ATT011431,EMP0953,2025-07-01 00:00:00,23,18,1,4,12.5
ATT011432,EMP0953,2025-08-01 00:00:00,22,19,1,2,0.2
ATT011433,EMP0953,2025-09-01 00:00:00,22,20,1,1,4.4
ATT011434,EMP0953,2025-10-01 00:00:00,21,20,1,0,0
ATT011435,EMP0953,2025-11-01 00:00:00,21,17,1,3,0
ATT011436,EMP0953,2025-12-01 00:00:00,23,18,2,3,12.7
ATT011437,EMP0954,2025-01-01 00:00:00,20,19,0,1,3.2
ATT011438,EMP0954,2025-02-01 00:00:00,20,16,1,3,11
ATT011439,EMP0954,2025-03-01 00:00:00,21,21,0,0,7.7
ATT011440,EMP0954,2025-04-01 00:00:00,22,19,1,2,15.1
ATT011441,EMP0954,2025-05-01 00:00:00,22,15,2,5,8.9
ATT011442,EMP0954,2025-06-01 00:00:00,21,16,2,3,12.1
ATT011443,EMP0954,2025-07-01 00:00:00,23,22,0,1,15.4
ATT011444,EMP0954,2025-08-01 00:00:00,23,21,1,1,2.3
ATT011445,EMP0954,2025-09-01 00:00:00,20,18,2,0,14.4
ATT011446,EMP0954,2025-10-01 00:00:00,22,19,0,3,12.6
ATT011447,EMP0954,2025-11-01 00:00:00,22,18,2,2,5.3
ATT011448,EMP0954,2025-12-01 00:00:00,21,19,0,2,10.2
ATT011449,EMP0955,2025-01-01 00:00:00,23,21,0,2,1.8
ATT011450,EMP0955,2025-02-01 00:00:00,22,17,1,4,5.1
ATT011451,EMP0955,2025-03-01 00:00:00,23,21,0,2,0.9
ATT011452,EMP0955,2025-04-01 00:00:00,21,17,2,2,7.9
ATT011453,EMP0955,2025-05-01 00:00:00,22,22,0,0,6.4
ATT011454,EMP0955,2025-06-01 00:00:00,21,18,1,2,6.3
ATT011455,EMP0955,2025-07-01 00:00:00,21,19,2,0,11.7
ATT011456,EMP0955,2025-08-01 00:00:00,22,20,0,2,11.6
ATT011457,EMP0955,2025-09-01 00:00:00,21,19,0,2,8.4
ATT011458,EMP0955,2025-10-01 00:00:00,22,18,1,3,15.7
ATT011459,EMP0955,2025-11-01 00:00:00,20,16,0,4,9
ATT011460,EMP0955,2025-12-01 00:00:00,22,21,0,1,16.6
ATT011461,EMP0956,2025-01-01 00:00:00,21,18,0,3,7.4
ATT011462,EMP0956,2025-02-01 00:00:00,22,21,1,0,20.6
ATT011463,EMP0956,2025-03-01 00:00:00,21,20,0,1,0
ATT011464,EMP0956,2025-04-01 00:00:00,21,16,1,4,2.7
ATT011465,EMP0956,2025-05-01 00:00:00,22,18,1,3,13.4
ATT011466,EMP0956,2025-06-01 00:00:00,23,20,1,2,7
ATT011467,EMP0956,2025-07-01 00:00:00,23,22,0,1,0
ATT011468,EMP0956,2025-08-01 00:00:00,22,19,1,2,0
ATT011469,EMP0956,2025-09-01 00:00:00,22,22,0,0,8.5
ATT011470,EMP0956,2025-10-01 00:00:00,23,21,1,1,6.8
ATT011471,EMP0956,2025-11-01 00:00:00,21,19,0,2,1.4
ATT011472,EMP0956,2025-12-01 00:00:00,23,16,2,5,18.9
ATT011473,EMP0957,2025-01-01 00:00:00,23,20,0,3,10.1
ATT011474,EMP0957,2025-02-01 00:00:00,21,20,0,1,8.4
ATT011475,EMP0957,2025-03-01 00:00:00,20,17,0,3,12.2
ATT011476,EMP0957,2025-04-01 00:00:00,22,22,0,0,2.9
ATT011477,EMP0957,2025-05-01 00:00:00,21,20,0,1,6.1
ATT011478,EMP0957,2025-06-01 00:00:00,22,19,1,2,3.8
ATT011479,EMP0957,2025-07-01 00:00:00,21,19,2,0,12.3
ATT011480,EMP0957,2025-08-01 00:00:00,21,16,1,4,5.3
ATT011481,EMP0957,2025-09-01 00:00:00,21,19,0,2,14.6
ATT011482,EMP0957,2025-10-01 00:00:00,21,21,0,0,12
ATT011483,EMP0957,2025-11-01 00:00:00,23,22,1,0,5.8
ATT011484,EMP0957,2025-12-01 00:00:00,22,21,1,0,9.7
ATT011485,EMP0958,2025-01-01 00:00:00,21,16,2,3,10.6
ATT011486,EMP0958,2025-02-01 00:00:00,22,18,1,3,8.2
ATT011487,EMP0958,2025-03-01 00:00:00,21,15,3,3,13.8
ATT011488,EMP0958,2025-04-01 00:00:00,21,17,1,3,2.4
ATT011489,EMP0958,2025-05-01 00:00:00,22,20,0,2,6.4
ATT011490,EMP0958,2025-06-01 00:00:00,22,18,1,3,14.5
ATT011491,EMP0958,2025-07-01 00:00:00,22,21,0,1,0
ATT011492,EMP0958,2025-08-01 00:00:00,22,20,0,2,16.2
ATT011493,EMP0958,2025-09-01 00:00:00,20,18,0,2,4.1
ATT011494,EMP0958,2025-10-01 00:00:00,22,20,0,2,0
ATT011495,EMP0958,2025-11-01 00:00:00,21,18,2,1,14.9
ATT011496,EMP0958,2025-12-01 00:00:00,21,21,0,0,11.4
ATT011497,EMP0959,2025-01-01 00:00:00,23,22,0,1,7.7
ATT011498,EMP0959,2025-02-01 00:00:00,22,20,0,2,0.1
ATT011499,EMP0959,2025-03-01 00:00:00,21,18,2,1,0.9
ATT011500,EMP0959,2025-04-01 00:00:00,22,19,3,0,2.4
ATT011501,EMP0959,2025-05-01 00:00:00,21,20,0,1,8.5
ATT011502,EMP0959,2025-06-01 00:00:00,20,18,1,1,9
ATT011503,EMP0959,2025-07-01 00:00:00,22,20,1,1,6.9
ATT011504,EMP0959,2025-08-01 00:00:00,22,17,1,4,4.6
ATT011505,EMP0959,2025-09-01 00:00:00,20,18,2,0,9.1
ATT011506,EMP0959,2025-10-01 00:00:00,23,19,0,4,10.8
ATT011507,EMP0959,2025-11-01 00:00:00,21,19,0,2,4.9
ATT011508,EMP0959,2025-12-01 00:00:00,22,20,0,2,12.1
ATT011509,EMP0960,2025-01-01 00:00:00,22,22,0,0,22.1
ATT011510,EMP0960,2025-02-01 00:00:00,21,21,0,0,5.3
ATT011511,EMP0960,2025-03-01 00:00:00,23,20,1,2,6.5
ATT011512,EMP0960,2025-04-01 00:00:00,23,22,0,1,9.7
ATT011513,EMP0960,2025-05-01 00:00:00,22,19,2,1,16.6
ATT011514,EMP0960,2025-06-01 00:00:00,22,20,1,1,9.3
ATT011515,EMP0960,2025-07-01 00:00:00,23,23,0,0,5.3
ATT011516,EMP0960,2025-08-01 00:00:00,22,21,0,1,22.8
ATT011517,EMP0960,2025-09-01 00:00:00,23,20,2,1,0
ATT011518,EMP0960,2025-10-01 00:00:00,21,19,1,1,21.1
ATT011519,EMP0960,2025-11-01 00:00:00,23,21,1,1,13.9
ATT011520,EMP0960,2025-12-01 00:00:00,21,18,1,2,0
ATT011521,EMP0961,2025-01-01 00:00:00,22,17,0,5,15.9
ATT011522,EMP0961,2025-02-01 00:00:00,21,20,1,0,0
ATT011523,EMP0961,2025-03-01 00:00:00,20,17,0,3,20.9
ATT011524,EMP0961,2025-04-01 00:00:00,20,18,0,2,13.3
ATT011525,EMP0961,2025-05-01 00:00:00,21,16,0,5,12.9
ATT011526,EMP0961,2025-06-01 00:00:00,23,22,1,0,0.1
ATT011527,EMP0961,2025-07-01 00:00:00,23,22,1,0,8.2
ATT011528,EMP0961,2025-08-01 00:00:00,22,21,0,1,0
ATT011529,EMP0961,2025-09-01 00:00:00,21,20,0,1,0
ATT011530,EMP0961,2025-10-01 00:00:00,23,20,1,2,1.2
ATT011531,EMP0961,2025-11-01 00:00:00,21,19,1,1,0
ATT011532,EMP0961,2025-12-01 00:00:00,23,21,2,0,8.9
ATT011533,EMP0962,2025-01-01 00:00:00,22,18,1,3,0.2
ATT011534,EMP0962,2025-02-01 00:00:00,22,21,1,0,14.8
ATT011535,EMP0962,2025-03-01 00:00:00,23,22,0,1,12.8
ATT011536,EMP0962,2025-04-01 00:00:00,21,19,0,2,10.8
ATT011537,EMP0962,2025-05-01 00:00:00,21,20,0,1,11.1
ATT011538,EMP0962,2025-06-01 00:00:00,21,19,0,2,0
ATT011539,EMP0962,2025-07-01 00:00:00,22,16,2,4,0.8
ATT011540,EMP0962,2025-08-01 00:00:00,21,16,1,4,0.9
ATT011541,EMP0962,2025-09-01 00:00:00,22,22,0,0,14.5
ATT011542,EMP0962,2025-10-01 00:00:00,22,20,0,2,12.2
ATT011543,EMP0962,2025-11-01 00:00:00,22,20,1,1,1.8
ATT011544,EMP0962,2025-12-01 00:00:00,20,17,3,0,9.1
ATT011545,EMP0963,2025-01-01 00:00:00,20,20,0,0,7.9
ATT011546,EMP0963,2025-02-01 00:00:00,22,21,0,1,4.4
ATT011547,EMP0963,2025-03-01 00:00:00,22,21,0,1,12.1
ATT011548,EMP0963,2025-04-01 00:00:00,22,20,2,0,11.6
ATT011549,EMP0963,2025-05-01 00:00:00,20,18,0,2,4.6
ATT011550,EMP0963,2025-06-01 00:00:00,22,20,1,1,13.4
ATT011551,EMP0963,2025-07-01 00:00:00,22,22,0,0,3
ATT011552,EMP0963,2025-08-01 00:00:00,21,17,1,3,8.2
ATT011553,EMP0963,2025-09-01 00:00:00,21,17,0,4,9.5
ATT011554,EMP0963,2025-10-01 00:00:00,22,21,1,0,0
ATT011555,EMP0963,2025-11-01 00:00:00,21,20,1,0,12.3
ATT011556,EMP0963,2025-12-01 00:00:00,22,21,1,0,5.5
ATT011557,EMP0964,2025-01-01 00:00:00,22,18,1,3,6
ATT011558,EMP0964,2025-02-01 00:00:00,22,20,0,2,9.4
ATT011559,EMP0964,2025-03-01 00:00:00,21,19,0,2,16.9
ATT011560,EMP0964,2025-04-01 00:00:00,22,21,0,1,11.5
ATT011561,EMP0964,2025-05-01 00:00:00,21,19,1,1,2.6
ATT011562,EMP0964,2025-06-01 00:00:00,23,23,0,0,10.5
ATT011563,EMP0964,2025-07-01 00:00:00,22,19,3,0,10.3
ATT011564,EMP0964,2025-08-01 00:00:00,22,21,1,0,0.7
ATT011565,EMP0964,2025-09-01 00:00:00,21,19,1,1,0
ATT011566,EMP0964,2025-10-01 00:00:00,22,19,3,0,9.2
ATT011567,EMP0964,2025-11-01 00:00:00,22,19,2,1,1.2
ATT011568,EMP0964,2025-12-01 00:00:00,22,22,0,0,14.1
ATT011569,EMP0965,2025-01-01 00:00:00,23,22,0,1,2.8
ATT011570,EMP0965,2025-02-01 00:00:00,21,20,1,0,15.3
ATT011571,EMP0965,2025-03-01 00:00:00,22,21,1,0,0
ATT011572,EMP0965,2025-04-01 00:00:00,23,18,2,3,4.7
ATT011573,EMP0965,2025-05-01 00:00:00,21,18,1,2,0
ATT011574,EMP0965,2025-06-01 00:00:00,21,18,3,0,8.9
ATT011575,EMP0965,2025-07-01 00:00:00,21,19,2,0,8
ATT011576,EMP0965,2025-08-01 00:00:00,21,19,2,0,13.6
ATT011577,EMP0965,2025-09-01 00:00:00,21,19,1,1,4.8
ATT011578,EMP0965,2025-10-01 00:00:00,21,18,1,2,0
ATT011579,EMP0965,2025-11-01 00:00:00,23,23,0,0,18.3
ATT011580,EMP0965,2025-12-01 00:00:00,22,21,1,0,10.6
ATT011581,EMP0966,2025-01-01 00:00:00,22,20,1,1,4.1
ATT011582,EMP0966,2025-02-01 00:00:00,21,15,2,4,7.3
ATT011583,EMP0966,2025-03-01 00:00:00,21,18,0,3,10.7
ATT011584,EMP0966,2025-04-01 00:00:00,22,18,1,3,8.4
ATT011585,EMP0966,2025-05-01 00:00:00,22,18,1,3,2.4
ATT011586,EMP0966,2025-06-01 00:00:00,23,21,1,1,1.4
ATT011587,EMP0966,2025-07-01 00:00:00,22,22,0,0,13
ATT011588,EMP0966,2025-08-01 00:00:00,22,21,0,1,7.6
ATT011589,EMP0966,2025-09-01 00:00:00,22,19,2,1,2.7
ATT011590,EMP0966,2025-10-01 00:00:00,22,18,1,3,18.3
ATT011591,EMP0966,2025-11-01 00:00:00,21,18,1,2,3.2
ATT011592,EMP0966,2025-12-01 00:00:00,22,20,2,0,10.2
ATT011593,EMP0967,2025-01-01 00:00:00,21,21,0,0,14
ATT011594,EMP0967,2025-02-01 00:00:00,22,17,1,4,12.4
ATT011595,EMP0967,2025-03-01 00:00:00,22,21,0,1,9.3
ATT011596,EMP0967,2025-04-01 00:00:00,23,22,1,0,0
ATT011597,EMP0967,2025-05-01 00:00:00,22,22,0,0,7.8
ATT011598,EMP0967,2025-06-01 00:00:00,20,18,0,2,6.1
ATT011599,EMP0967,2025-07-01 00:00:00,21,19,1,1,13.3
ATT011600,EMP0967,2025-08-01 00:00:00,20,18,1,1,6.7
ATT011601,EMP0967,2025-09-01 00:00:00,23,21,1,1,15
ATT011602,EMP0967,2025-10-01 00:00:00,21,20,0,1,8
ATT011603,EMP0967,2025-11-01 00:00:00,21,16,0,5,13.4
ATT011604,EMP0967,2025-12-01 00:00:00,22,20,0,2,17.7
ATT011605,EMP0968,2025-01-01 00:00:00,22,21,0,1,13.1
ATT011606,EMP0968,2025-02-01 00:00:00,21,19,1,1,10.5
ATT011607,EMP0968,2025-03-01 00:00:00,23,21,1,1,20.2
ATT011608,EMP0968,2025-04-01 00:00:00,21,19,1,1,16.7
ATT011609,EMP0968,2025-05-01 00:00:00,23,19,2,2,10.2
ATT011610,EMP0968,2025-06-01 00:00:00,21,19,1,1,3.8
ATT011611,EMP0968,2025-07-01 00:00:00,21,18,3,0,5.9
ATT011612,EMP0968,2025-08-01 00:00:00,22,17,1,4,11.4
ATT011613,EMP0968,2025-09-01 00:00:00,22,16,2,4,6.4
ATT011614,EMP0968,2025-10-01 00:00:00,22,19,1,2,7.1
ATT011615,EMP0968,2025-11-01 00:00:00,21,19,1,1,12.2
ATT011616,EMP0968,2025-12-01 00:00:00,23,20,2,1,1.4
ATT011617,EMP0969,2025-01-01 00:00:00,22,20,1,1,7
ATT011618,EMP0969,2025-02-01 00:00:00,21,21,0,0,8.8
ATT011619,EMP0969,2025-03-01 00:00:00,20,19,1,0,4.7
ATT011620,EMP0969,2025-04-01 00:00:00,21,17,1,3,8.1
ATT011621,EMP0969,2025-05-01 00:00:00,20,15,2,3,12.5
ATT011622,EMP0969,2025-06-01 00:00:00,23,20,2,1,9.5
ATT011623,EMP0969,2025-07-01 00:00:00,21,20,1,0,0.1
ATT011624,EMP0969,2025-08-01 00:00:00,22,22,0,0,7.2
ATT011625,EMP0969,2025-09-01 00:00:00,22,19,0,3,0
ATT011626,EMP0969,2025-10-01 00:00:00,21,19,0,2,0.8
ATT011627,EMP0969,2025-11-01 00:00:00,22,19,1,2,12.9
ATT011628,EMP0969,2025-12-01 00:00:00,22,20,0,2,8.9
ATT011629,EMP0970,2025-01-01 00:00:00,21,21,0,0,2.6
ATT011630,EMP0970,2025-02-01 00:00:00,22,17,2,3,9.9
ATT011631,EMP0970,2025-03-01 00:00:00,22,18,1,3,13.1
ATT011632,EMP0970,2025-04-01 00:00:00,21,19,0,2,4.2
ATT011633,EMP0970,2025-05-01 00:00:00,23,21,0,2,0
ATT011634,EMP0970,2025-06-01 00:00:00,22,22,0,0,5.9
ATT011635,EMP0970,2025-07-01 00:00:00,21,21,0,0,16.2
ATT011636,EMP0970,2025-08-01 00:00:00,22,18,2,2,16.8
ATT011637,EMP0970,2025-09-01 00:00:00,20,12,3,5,3
ATT011638,EMP0970,2025-10-01 00:00:00,22,21,0,1,12.8
ATT011639,EMP0970,2025-11-01 00:00:00,22,19,0,3,6.1
ATT011640,EMP0970,2025-12-01 00:00:00,20,18,0,2,3
ATT011641,EMP0971,2025-01-01 00:00:00,23,18,0,5,15.5
ATT011642,EMP0971,2025-02-01 00:00:00,21,19,1,1,0.1
ATT011643,EMP0971,2025-03-01 00:00:00,22,22,0,0,2.1
ATT011644,EMP0971,2025-04-01 00:00:00,23,19,3,1,7
ATT011645,EMP0971,2025-05-01 00:00:00,20,19,0,1,4.3
ATT011646,EMP0971,2025-06-01 00:00:00,21,21,0,0,7.2
ATT011647,EMP0971,2025-07-01 00:00:00,23,20,2,1,7.1
ATT011648,EMP0971,2025-08-01 00:00:00,22,22,0,0,1.4
ATT011649,EMP0971,2025-09-01 00:00:00,23,21,2,0,11
ATT011650,EMP0971,2025-10-01 00:00:00,23,18,2,3,1.7
ATT011651,EMP0971,2025-11-01 00:00:00,22,18,1,3,10
ATT011652,EMP0971,2025-12-01 00:00:00,22,19,2,1,5.9
ATT011653,EMP0972,2025-01-01 00:00:00,20,17,1,2,9.8
ATT011654,EMP0972,2025-02-01 00:00:00,20,20,0,0,6.6
ATT011655,EMP0972,2025-03-01 00:00:00,22,20,2,0,11.2
ATT011656,EMP0972,2025-04-01 00:00:00,20,20,0,0,4.1
ATT011657,EMP0972,2025-05-01 00:00:00,21,21,0,0,12.3
ATT011658,EMP0972,2025-06-01 00:00:00,23,22,0,1,5.2
ATT011659,EMP0972,2025-07-01 00:00:00,21,17,2,2,6.6
ATT011660,EMP0972,2025-08-01 00:00:00,22,19,0,3,12.9
ATT011661,EMP0972,2025-09-01 00:00:00,21,18,3,0,11
ATT011662,EMP0972,2025-10-01 00:00:00,21,17,2,2,10.9
ATT011663,EMP0972,2025-11-01 00:00:00,21,19,0,2,5.9
ATT011664,EMP0972,2025-12-01 00:00:00,23,22,1,0,6.8
ATT011665,EMP0973,2025-01-01 00:00:00,22,21,0,1,6.9
ATT011666,EMP0973,2025-02-01 00:00:00,22,18,1,3,3.8
ATT011667,EMP0973,2025-03-01 00:00:00,21,20,0,1,15
ATT011668,EMP0973,2025-04-01 00:00:00,21,21,0,0,12.6
ATT011669,EMP0973,2025-05-01 00:00:00,22,18,1,3,10.7
ATT011670,EMP0973,2025-06-01 00:00:00,23,22,0,1,0
ATT011671,EMP0973,2025-07-01 00:00:00,21,20,1,0,13.4
ATT011672,EMP0973,2025-08-01 00:00:00,23,22,1,0,11.2
ATT011673,EMP0973,2025-09-01 00:00:00,21,20,0,1,0.8
ATT011674,EMP0973,2025-10-01 00:00:00,21,20,0,1,5.9
ATT011675,EMP0973,2025-11-01 00:00:00,22,19,1,2,11.8
ATT011676,EMP0973,2025-12-01 00:00:00,21,20,0,1,3.6
ATT011677,EMP0974,2025-01-01 00:00:00,22,21,0,1,6.2
ATT011678,EMP0974,2025-02-01 00:00:00,22,18,3,1,2.9
ATT011679,EMP0974,2025-03-01 00:00:00,21,20,1,0,2.4
ATT011680,EMP0974,2025-04-01 00:00:00,23,17,2,4,9.8
ATT011681,EMP0974,2025-05-01 00:00:00,21,19,0,2,0
ATT011682,EMP0974,2025-06-01 00:00:00,23,21,0,2,5.2
ATT011683,EMP0974,2025-07-01 00:00:00,21,19,1,1,0.4
ATT011684,EMP0974,2025-08-01 00:00:00,22,18,0,4,4.3
ATT011685,EMP0974,2025-09-01 00:00:00,22,20,0,2,6.2
ATT011686,EMP0974,2025-10-01 00:00:00,23,22,0,1,2.9
ATT011687,EMP0974,2025-11-01 00:00:00,21,20,1,0,1.4
ATT011688,EMP0974,2025-12-01 00:00:00,20,17,3,0,8.1
ATT011689,EMP0975,2025-01-01 00:00:00,22,22,0,0,9.8
ATT011690,EMP0975,2025-02-01 00:00:00,21,19,0,2,8.8
ATT011691,EMP0975,2025-03-01 00:00:00,22,18,0,4,11.8
ATT011692,EMP0975,2025-04-01 00:00:00,22,17,3,2,14
ATT011693,EMP0975,2025-05-01 00:00:00,22,20,1,1,10.1
ATT011694,EMP0975,2025-06-01 00:00:00,22,21,0,1,13.6
ATT011695,EMP0975,2025-07-01 00:00:00,21,19,1,1,2.5
ATT011696,EMP0975,2025-08-01 00:00:00,20,18,1,1,3.4
ATT011697,EMP0975,2025-09-01 00:00:00,22,19,1,2,8.5
ATT011698,EMP0975,2025-10-01 00:00:00,22,20,0,2,8.4
ATT011699,EMP0975,2025-11-01 00:00:00,21,21,0,0,8.2
ATT011700,EMP0975,2025-12-01 00:00:00,21,19,1,1,8.6
ATT011701,EMP0976,2025-01-01 00:00:00,22,21,0,1,13.8
ATT011702,EMP0976,2025-02-01 00:00:00,22,19,0,3,8.1
ATT011703,EMP0976,2025-03-01 00:00:00,22,18,0,4,7.7
ATT011704,EMP0976,2025-04-01 00:00:00,22,21,1,0,4.8
ATT011705,EMP0976,2025-05-01 00:00:00,22,21,0,1,19.5
ATT011706,EMP0976,2025-06-01 00:00:00,21,18,0,3,18
ATT011707,EMP0976,2025-07-01 00:00:00,22,21,0,1,0.4
ATT011708,EMP0976,2025-08-01 00:00:00,20,18,1,1,7.4
ATT011709,EMP0976,2025-09-01 00:00:00,21,18,0,3,6.4
ATT011710,EMP0976,2025-10-01 00:00:00,22,21,1,0,8.6
ATT011711,EMP0976,2025-11-01 00:00:00,21,17,1,3,10.1
ATT011712,EMP0976,2025-12-01 00:00:00,21,21,0,0,4.6
ATT011713,EMP0977,2025-01-01 00:00:00,22,20,1,1,11.2
ATT011714,EMP0977,2025-02-01 00:00:00,22,19,2,1,11.6
ATT011715,EMP0977,2025-03-01 00:00:00,20,19,0,1,5.9
ATT011716,EMP0977,2025-04-01 00:00:00,20,15,2,3,14.3
ATT011717,EMP0977,2025-05-01 00:00:00,22,19,1,2,21.9
ATT011718,EMP0977,2025-06-01 00:00:00,23,19,1,3,13
ATT011719,EMP0977,2025-07-01 00:00:00,22,22,0,0,0.8
ATT011720,EMP0977,2025-08-01 00:00:00,22,20,1,1,4.3
ATT011721,EMP0977,2025-09-01 00:00:00,22,18,1,3,14.5
ATT011722,EMP0977,2025-10-01 00:00:00,21,19,1,1,6.3
ATT011723,EMP0977,2025-11-01 00:00:00,22,20,1,1,8.5
ATT011724,EMP0977,2025-12-01 00:00:00,21,18,1,2,8.8
ATT011725,EMP0978,2025-01-01 00:00:00,23,20,1,2,1.4
ATT011726,EMP0978,2025-02-01 00:00:00,20,18,1,1,10.5
ATT011727,EMP0978,2025-03-01 00:00:00,23,22,0,1,0
ATT011728,EMP0978,2025-04-01 00:00:00,22,19,1,2,4.5
ATT011729,EMP0978,2025-05-01 00:00:00,21,20,0,1,17.9
ATT011730,EMP0978,2025-06-01 00:00:00,21,20,1,0,5.2
ATT011731,EMP0978,2025-07-01 00:00:00,21,21,0,0,3.3
ATT011732,EMP0978,2025-08-01 00:00:00,22,19,0,3,0.3
ATT011733,EMP0978,2025-09-01 00:00:00,23,19,2,2,12.4
ATT011734,EMP0978,2025-10-01 00:00:00,22,20,0,2,0
ATT011735,EMP0978,2025-11-01 00:00:00,21,21,0,0,4.6
ATT011736,EMP0978,2025-12-01 00:00:00,22,18,1,3,0
ATT011737,EMP0979,2025-01-01 00:00:00,22,22,0,0,0
ATT011738,EMP0979,2025-02-01 00:00:00,21,21,0,0,1.8
ATT011739,EMP0979,2025-03-01 00:00:00,22,19,2,1,10.4
ATT011740,EMP0979,2025-04-01 00:00:00,21,20,0,1,4.5
ATT011741,EMP0979,2025-05-01 00:00:00,22,19,1,2,8.3
ATT011742,EMP0979,2025-06-01 00:00:00,23,20,1,2,10.8
ATT011743,EMP0979,2025-07-01 00:00:00,22,21,1,0,5
ATT011744,EMP0979,2025-08-01 00:00:00,22,22,0,0,10.2
ATT011745,EMP0979,2025-09-01 00:00:00,22,21,1,0,2.5
ATT011746,EMP0979,2025-10-01 00:00:00,22,21,1,0,8.2
ATT011747,EMP0979,2025-11-01 00:00:00,22,22,0,0,9.5
ATT011748,EMP0979,2025-12-01 00:00:00,21,20,0,1,5
ATT011749,EMP0980,2025-01-01 00:00:00,21,17,2,2,5.8
ATT011750,EMP0980,2025-02-01 00:00:00,22,22,0,0,13.2
ATT011751,EMP0980,2025-03-01 00:00:00,23,19,1,3,4.2
ATT011752,EMP0980,2025-04-01 00:00:00,21,19,1,1,1.7
ATT011753,EMP0980,2025-05-01 00:00:00,22,19,1,2,9.3
ATT011754,EMP0980,2025-06-01 00:00:00,20,15,2,3,5.7
ATT011755,EMP0980,2025-07-01 00:00:00,21,19,1,1,11.2
ATT011756,EMP0980,2025-08-01 00:00:00,22,19,2,1,16.4
ATT011757,EMP0980,2025-09-01 00:00:00,22,20,1,1,2.1
ATT011758,EMP0980,2025-10-01 00:00:00,23,21,1,1,13.1
ATT011759,EMP0980,2025-11-01 00:00:00,21,17,2,2,0
ATT011760,EMP0980,2025-12-01 00:00:00,22,17,0,5,6.1
ATT011761,EMP0981,2025-01-01 00:00:00,22,20,2,0,17.5
ATT011762,EMP0981,2025-02-01 00:00:00,22,21,0,1,18.4
ATT011763,EMP0981,2025-03-01 00:00:00,21,20,0,1,5.4
ATT011764,EMP0981,2025-04-01 00:00:00,22,21,0,1,13
ATT011765,EMP0981,2025-05-01 00:00:00,21,16,2,3,0
ATT011766,EMP0981,2025-06-01 00:00:00,20,15,1,4,5.8
ATT011767,EMP0981,2025-07-01 00:00:00,22,19,0,3,11
ATT011768,EMP0981,2025-08-01 00:00:00,21,20,0,1,12.4
ATT011769,EMP0981,2025-09-01 00:00:00,21,19,1,1,8.3
ATT011770,EMP0981,2025-10-01 00:00:00,21,18,0,3,6.4
ATT011771,EMP0981,2025-11-01 00:00:00,20,17,0,3,6.7
ATT011772,EMP0981,2025-12-01 00:00:00,22,21,1,0,9.2
ATT011773,EMP0982,2025-01-01 00:00:00,23,21,2,0,10.5
ATT011774,EMP0982,2025-02-01 00:00:00,22,17,2,3,10
ATT011775,EMP0982,2025-03-01 00:00:00,23,22,0,1,23.7
ATT011776,EMP0982,2025-04-01 00:00:00,22,19,1,2,23.4
ATT011777,EMP0982,2025-05-01 00:00:00,22,19,1,2,3.6
ATT011778,EMP0982,2025-06-01 00:00:00,22,18,1,3,0
ATT011779,EMP0982,2025-07-01 00:00:00,21,20,0,1,0
ATT011780,EMP0982,2025-08-01 00:00:00,20,19,1,0,0.5
ATT011781,EMP0982,2025-09-01 00:00:00,23,22,1,0,12.2
ATT011782,EMP0982,2025-10-01 00:00:00,21,17,0,4,0
ATT011783,EMP0982,2025-11-01 00:00:00,22,22,0,0,6.8
ATT011784,EMP0982,2025-12-01 00:00:00,21,19,1,1,2.3
ATT011785,EMP0983,2025-01-01 00:00:00,23,20,1,2,3.5
ATT011786,EMP0983,2025-02-01 00:00:00,21,15,1,5,14.6
ATT011787,EMP0983,2025-03-01 00:00:00,22,21,1,0,5.9
ATT011788,EMP0983,2025-04-01 00:00:00,22,20,1,1,8.4
ATT011789,EMP0983,2025-05-01 00:00:00,22,18,3,1,21.1
ATT011790,EMP0983,2025-06-01 00:00:00,21,18,0,3,14.9
ATT011791,EMP0983,2025-07-01 00:00:00,21,17,3,1,16.9
ATT011792,EMP0983,2025-08-01 00:00:00,23,23,0,0,7.3
ATT011793,EMP0983,2025-09-01 00:00:00,22,22,0,0,6.3
ATT011794,EMP0983,2025-10-01 00:00:00,23,21,0,2,1.9
ATT011795,EMP0983,2025-11-01 00:00:00,23,22,0,1,11.9
ATT011796,EMP0983,2025-12-01 00:00:00,22,18,1,3,11.8
ATT011797,EMP0984,2025-01-01 00:00:00,23,17,1,5,0
ATT011798,EMP0984,2025-02-01 00:00:00,22,20,0,2,13.9
ATT011799,EMP0984,2025-03-01 00:00:00,20,15,3,2,0
ATT011800,EMP0984,2025-04-01 00:00:00,21,18,2,1,12
ATT011801,EMP0984,2025-05-01 00:00:00,22,19,3,0,2.4
ATT011802,EMP0984,2025-06-01 00:00:00,23,22,0,1,7.6
ATT011803,EMP0984,2025-07-01 00:00:00,22,20,1,1,3.6
ATT011804,EMP0984,2025-08-01 00:00:00,22,20,0,2,18.6
ATT011805,EMP0984,2025-09-01 00:00:00,21,16,3,2,7.8
ATT011806,EMP0984,2025-10-01 00:00:00,21,20,1,0,7.3
ATT011807,EMP0984,2025-11-01 00:00:00,23,20,3,0,10
ATT011808,EMP0984,2025-12-01 00:00:00,23,22,1,0,6.1
ATT011809,EMP0985,2025-01-01 00:00:00,20,18,0,2,8
ATT011810,EMP0985,2025-02-01 00:00:00,21,18,2,1,3.1
ATT011811,EMP0985,2025-03-01 00:00:00,21,16,0,5,8
ATT011812,EMP0985,2025-04-01 00:00:00,21,16,0,5,7.6
ATT011813,EMP0985,2025-05-01 00:00:00,22,21,1,0,16.5
ATT011814,EMP0985,2025-06-01 00:00:00,23,23,0,0,17.9
ATT011815,EMP0985,2025-07-01 00:00:00,23,18,2,3,10.9
ATT011816,EMP0985,2025-08-01 00:00:00,21,21,0,0,1.4
ATT011817,EMP0985,2025-09-01 00:00:00,22,19,2,1,23.4
ATT011818,EMP0985,2025-10-01 00:00:00,22,20,0,2,9.2
ATT011819,EMP0985,2025-11-01 00:00:00,21,16,1,4,7.3
ATT011820,EMP0985,2025-12-01 00:00:00,21,21,0,0,10.9
ATT011821,EMP0986,2025-01-01 00:00:00,21,20,0,1,6.2
ATT011822,EMP0986,2025-02-01 00:00:00,21,17,0,4,4
ATT011823,EMP0986,2025-03-01 00:00:00,22,20,1,1,9.5
ATT011824,EMP0986,2025-04-01 00:00:00,22,19,3,0,13.4
ATT011825,EMP0986,2025-05-01 00:00:00,22,22,0,0,12.1
ATT011826,EMP0986,2025-06-01 00:00:00,22,18,1,3,8
ATT011827,EMP0986,2025-07-01 00:00:00,22,21,0,1,9.8
ATT011828,EMP0986,2025-08-01 00:00:00,22,20,1,1,8.2
ATT011829,EMP0986,2025-09-01 00:00:00,21,14,2,5,7.5
ATT011830,EMP0986,2025-10-01 00:00:00,22,22,0,0,8.2
ATT011831,EMP0986,2025-11-01 00:00:00,23,18,1,4,10.3
ATT011832,EMP0986,2025-12-01 00:00:00,21,17,1,3,3.9
ATT011833,EMP0987,2025-01-01 00:00:00,21,18,0,3,12.7
ATT011834,EMP0987,2025-02-01 00:00:00,21,20,0,1,10.9
ATT011835,EMP0987,2025-03-01 00:00:00,22,17,0,5,2.3
ATT011836,EMP0987,2025-04-01 00:00:00,22,19,2,1,0
ATT011837,EMP0987,2025-05-01 00:00:00,21,16,0,5,19
ATT011838,EMP0987,2025-06-01 00:00:00,22,16,2,4,0
ATT011839,EMP0987,2025-07-01 00:00:00,22,21,0,1,8.4
ATT011840,EMP0987,2025-08-01 00:00:00,23,20,0,3,12.2
ATT011841,EMP0987,2025-09-01 00:00:00,20,16,1,3,0
ATT011842,EMP0987,2025-10-01 00:00:00,20,20,0,0,8.4
ATT011843,EMP0987,2025-11-01 00:00:00,21,17,1,3,13.7
ATT011844,EMP0987,2025-12-01 00:00:00,22,21,1,0,12.6
ATT011845,EMP0988,2025-01-01 00:00:00,21,19,0,2,21.4
ATT011846,EMP0988,2025-02-01 00:00:00,22,17,1,4,19.2
ATT011847,EMP0988,2025-03-01 00:00:00,21,18,3,0,19.5
ATT011848,EMP0988,2025-04-01 00:00:00,22,19,0,3,10.9
ATT011849,EMP0988,2025-05-01 00:00:00,21,18,0,3,3.2
ATT011850,EMP0988,2025-06-01 00:00:00,22,21,0,1,8.9
ATT011851,EMP0988,2025-07-01 00:00:00,21,18,1,2,5.7
ATT011852,EMP0988,2025-08-01 00:00:00,23,22,1,0,21.8
ATT011853,EMP0988,2025-09-01 00:00:00,23,22,1,0,13
ATT011854,EMP0988,2025-10-01 00:00:00,21,21,0,0,10
ATT011855,EMP0988,2025-11-01 00:00:00,22,16,2,4,0
ATT011856,EMP0988,2025-12-01 00:00:00,22,20,0,2,10.6
ATT011857,EMP0989,2025-01-01 00:00:00,20,15,1,4,13.9
ATT011858,EMP0989,2025-02-01 00:00:00,21,17,2,2,6.1
ATT011859,EMP0989,2025-03-01 00:00:00,22,20,0,2,12
ATT011860,EMP0989,2025-04-01 00:00:00,21,20,0,1,18.5
ATT011861,EMP0989,2025-05-01 00:00:00,22,20,1,1,12.9
ATT011862,EMP0989,2025-06-01 00:00:00,22,19,1,2,5.7
ATT011863,EMP0989,2025-07-01 00:00:00,21,18,0,3,15
ATT011864,EMP0989,2025-08-01 00:00:00,22,19,1,2,8.6
ATT011865,EMP0989,2025-09-01 00:00:00,23,19,3,1,4.3
ATT011866,EMP0989,2025-10-01 00:00:00,20,20,0,0,0
ATT011867,EMP0989,2025-11-01 00:00:00,22,21,1,0,0
ATT011868,EMP0989,2025-12-01 00:00:00,22,21,0,1,5.1
ATT011869,EMP0990,2025-01-01 00:00:00,22,21,1,0,15.9
ATT011870,EMP0990,2025-02-01 00:00:00,21,20,0,1,9.7
ATT011871,EMP0990,2025-03-01 00:00:00,22,22,0,0,2.4
ATT011872,EMP0990,2025-04-01 00:00:00,22,18,2,2,10.2
ATT011873,EMP0990,2025-05-01 00:00:00,22,22,0,0,0
ATT011874,EMP0990,2025-06-01 00:00:00,22,17,1,4,8.8
ATT011875,EMP0990,2025-07-01 00:00:00,22,22,0,0,8.1
ATT011876,EMP0990,2025-08-01 00:00:00,20,18,1,1,0
ATT011877,EMP0990,2025-09-01 00:00:00,21,20,1,0,5.2
ATT011878,EMP0990,2025-10-01 00:00:00,20,19,1,0,2.2
ATT011879,EMP0990,2025-11-01 00:00:00,21,16,1,4,0
ATT011880,EMP0990,2025-12-01 00:00:00,22,21,1,0,18.4
ATT011881,EMP0991,2025-01-01 00:00:00,22,20,1,1,9.7
ATT011882,EMP0991,2025-02-01 00:00:00,23,23,0,0,17.4
ATT011883,EMP0991,2025-03-01 00:00:00,22,20,1,1,15.8
ATT011884,EMP0991,2025-04-01 00:00:00,23,23,0,0,9.4
ATT011885,EMP0991,2025-05-01 00:00:00,20,19,0,1,4.9
ATT011886,EMP0991,2025-06-01 00:00:00,22,22,0,0,6.6
ATT011887,EMP0991,2025-07-01 00:00:00,22,21,1,0,0
ATT011888,EMP0991,2025-08-01 00:00:00,23,20,2,1,5.2
ATT011889,EMP0991,2025-09-01 00:00:00,22,17,0,5,5.1
ATT011890,EMP0991,2025-10-01 00:00:00,23,20,1,2,11.4
ATT011891,EMP0991,2025-11-01 00:00:00,22,20,0,2,9.8
ATT011892,EMP0991,2025-12-01 00:00:00,23,22,0,1,5.5
ATT011893,EMP0992,2025-01-01 00:00:00,20,19,1,0,0
ATT011894,EMP0992,2025-02-01 00:00:00,22,19,3,0,8.4
ATT011895,EMP0992,2025-03-01 00:00:00,23,19,1,3,8.4
ATT011896,EMP0992,2025-04-01 00:00:00,21,20,0,1,7.6
ATT011897,EMP0992,2025-05-01 00:00:00,21,19,0,2,7.1
ATT011898,EMP0992,2025-06-01 00:00:00,20,19,1,0,8.8
ATT011899,EMP0992,2025-07-01 00:00:00,22,21,0,1,5.7
ATT011900,EMP0992,2025-08-01 00:00:00,23,21,1,1,1.1
ATT011901,EMP0992,2025-09-01 00:00:00,22,21,0,1,1.6
ATT011902,EMP0992,2025-10-01 00:00:00,22,18,1,3,4.5
ATT011903,EMP0992,2025-11-01 00:00:00,23,22,0,1,8.3
ATT011904,EMP0992,2025-12-01 00:00:00,22,19,1,2,16.4
ATT011905,EMP0993,2025-01-01 00:00:00,21,16,1,4,12.5
ATT011906,EMP0993,2025-02-01 00:00:00,21,21,0,0,12.7
ATT011907,EMP0993,2025-03-01 00:00:00,21,14,3,4,13
ATT011908,EMP0993,2025-04-01 00:00:00,21,20,0,1,0
ATT011909,EMP0993,2025-05-01 00:00:00,22,20,0,2,10.2
ATT011910,EMP0993,2025-06-01 00:00:00,23,20,2,1,12.2
ATT011911,EMP0993,2025-07-01 00:00:00,23,22,0,1,11.7
ATT011912,EMP0993,2025-08-01 00:00:00,22,21,0,1,7.5
ATT011913,EMP0993,2025-09-01 00:00:00,22,20,1,1,10.1
ATT011914,EMP0993,2025-10-01 00:00:00,22,18,1,3,14.8
ATT011915,EMP0993,2025-11-01 00:00:00,22,22,0,0,11
ATT011916,EMP0993,2025-12-01 00:00:00,21,14,3,4,4.4
ATT011917,EMP0994,2025-01-01 00:00:00,21,20,0,1,6.2
ATT011918,EMP0994,2025-02-01 00:00:00,22,19,0,3,13
ATT011919,EMP0994,2025-03-01 00:00:00,22,17,1,4,14.6
ATT011920,EMP0994,2025-04-01 00:00:00,22,19,1,2,7.8
ATT011921,EMP0994,2025-05-01 00:00:00,20,17,1,2,3.4
ATT011922,EMP0994,2025-06-01 00:00:00,23,19,0,4,13
ATT011923,EMP0994,2025-07-01 00:00:00,22,19,0,3,16.8
ATT011924,EMP0994,2025-08-01 00:00:00,22,22,0,0,9.3
ATT011925,EMP0994,2025-09-01 00:00:00,23,20,2,1,7.2
ATT011926,EMP0994,2025-10-01 00:00:00,21,19,1,1,13.4
ATT011927,EMP0994,2025-11-01 00:00:00,22,16,3,3,14.6
ATT011928,EMP0994,2025-12-01 00:00:00,20,17,0,3,19.5
ATT011929,EMP0995,2025-01-01 00:00:00,22,22,0,0,0.4
ATT011930,EMP0995,2025-02-01 00:00:00,22,22,0,0,3.7
ATT011931,EMP0995,2025-03-01 00:00:00,20,17,1,2,0
ATT011932,EMP0995,2025-04-01 00:00:00,21,19,1,1,7.6
ATT011933,EMP0995,2025-05-01 00:00:00,22,19,1,2,7.8
ATT011934,EMP0995,2025-06-01 00:00:00,22,22,0,0,8.2
ATT011935,EMP0995,2025-07-01 00:00:00,22,22,0,0,5
ATT011936,EMP0995,2025-08-01 00:00:00,22,20,0,2,14
ATT011937,EMP0995,2025-09-01 00:00:00,20,18,0,2,4.7
ATT011938,EMP0995,2025-10-01 00:00:00,23,23,0,0,20.8
ATT011939,EMP0995,2025-11-01 00:00:00,22,22,0,0,9.3
ATT011940,EMP0995,2025-12-01 00:00:00,22,19,0,3,0.3
ATT011941,EMP0996,2025-01-01 00:00:00,22,16,3,3,11.2
ATT011942,EMP0996,2025-02-01 00:00:00,22,22,0,0,6.3
ATT011943,EMP0996,2025-03-01 00:00:00,22,20,1,1,9.5
ATT011944,EMP0996,2025-04-01 00:00:00,22,22,0,0,8.5
ATT011945,EMP0996,2025-05-01 00:00:00,22,18,0,4,0
ATT011946,EMP0996,2025-06-01 00:00:00,21,19,0,2,11.1
ATT011947,EMP0996,2025-07-01 00:00:00,22,22,0,0,8
ATT011948,EMP0996,2025-08-01 00:00:00,21,17,1,3,0.3
ATT011949,EMP0996,2025-09-01 00:00:00,21,19,0,2,0
ATT011950,EMP0996,2025-10-01 00:00:00,21,20,0,1,21.1
ATT011951,EMP0996,2025-11-01 00:00:00,22,21,0,1,13.8
ATT011952,EMP0996,2025-12-01 00:00:00,21,18,1,2,0.1
ATT011953,EMP0997,2025-01-01 00:00:00,22,22,0,0,12.7
ATT011954,EMP0997,2025-02-01 00:00:00,22,22,0,0,2.6
ATT011955,EMP0997,2025-03-01 00:00:00,22,18,3,1,3
ATT011956,EMP0997,2025-04-01 00:00:00,22,18,0,4,8.6
ATT011957,EMP0997,2025-05-01 00:00:00,20,18,0,2,0
ATT011958,EMP0997,2025-06-01 00:00:00,20,16,0,4,9
ATT011959,EMP0997,2025-07-01 00:00:00,21,18,2,1,0
ATT011960,EMP0997,2025-08-01 00:00:00,23,20,1,2,4.7
ATT011961,EMP0997,2025-09-01 00:00:00,21,21,0,0,0.1
ATT011962,EMP0997,2025-10-01 00:00:00,22,17,1,4,18.9
ATT011963,EMP0997,2025-11-01 00:00:00,20,17,1,2,4.8
ATT011964,EMP0997,2025-12-01 00:00:00,22,19,1,2,7.1
ATT011965,EMP0998,2025-01-01 00:00:00,22,20,2,0,0.1
ATT011966,EMP0998,2025-02-01 00:00:00,21,20,0,1,3.7
ATT011967,EMP0998,2025-03-01 00:00:00,20,17,0,3,6.9
ATT011968,EMP0998,2025-04-01 00:00:00,22,18,1,3,0
ATT011969,EMP0998,2025-05-01 00:00:00,20,19,1,0,15.1
ATT011970,EMP0998,2025-06-01 00:00:00,21,18,1,2,5
ATT011971,EMP0998,2025-07-01 00:00:00,22,22,0,0,7.4
ATT011972,EMP0998,2025-08-01 00:00:00,23,20,0,3,10.4
ATT011973,EMP0998,2025-09-01 00:00:00,21,19,2,0,9.6
ATT011974,EMP0998,2025-10-01 00:00:00,23,21,2,0,7.7
ATT011975,EMP0998,2025-11-01 00:00:00,23,23,0,0,6.6
ATT011976,EMP0998,2025-12-01 00:00:00,21,18,1,2,15.1
ATT011977,EMP0999,2025-01-01 00:00:00,22,22,0,0,12
ATT011978,EMP0999,2025-02-01 00:00:00,21,17,2,2,11.1
ATT011979,EMP0999,2025-03-01 00:00:00,23,19,1,3,5.8
ATT011980,EMP0999,2025-04-01 00:00:00,22,20,2,0,3.2
ATT011981,EMP0999,2025-05-01 00:00:00,21,20,0,1,12.7
ATT011982,EMP0999,2025-06-01 00:00:00,23,20,3,0,7.4
ATT011983,EMP0999,2025-07-01 00:00:00,21,18,1,2,1.9
ATT011984,EMP0999,2025-08-01 00:00:00,21,18,1,2,14.4
ATT011985,EMP0999,2025-09-01 00:00:00,22,21,1,0,9.6
ATT011986,EMP0999,2025-10-01 00:00:00,23,23,0,0,0
ATT011987,EMP0999,2025-11-01 00:00:00,22,21,0,1,3.5
ATT011988,EMP0999,2025-12-01 00:00:00,21,19,1,1,16.1
ATT011989,EMP1000,2025-01-01 00:00:00,21,21,0,0,0
ATT011990,EMP1000,2025-02-01 00:00:00,22,18,1,3,13.6
ATT011991,EMP1000,2025-03-01 00:00:00,21,19,2,0,9.1
ATT011992,EMP1000,2025-04-01 00:00:00,21,20,0,1,3.7
ATT011993,EMP1000,2025-05-01 00:00:00,20,19,0,1,2
ATT011994,EMP1000,2025-06-01 00:00:00,22,19,1,2,14.7
ATT011995,EMP1000,2025-07-01 00:00:00,23,19,2,2,8.6
ATT011996,EMP1000,2025-08-01 00:00:00,21,20,0,1,7.4
ATT011997,EMP1000,2025-09-01 00:00:00,20,15,2,3,5.4
ATT011998,EMP1000,2025-10-01 00:00:00,21,18,0,3,1.6
ATT011999,EMP1000,2025-11-01 00:00:00,23,21,1,1,18.4
ATT012000,EMP1000,2025-12-01 00:00:00,23,18,1,4,6.8
